sample_id,trunc_frame,distance,align_lag,cosine,norm_l2
p6_repo_default_s404_f3aa73e9bdf4,4,0,0,0.1478452146825369,1.133267907715384
p6_repo_default_s404_f3aa73e9bdf4,4,1,0,0.3265967969447252,1.1834649808766866
p6_repo_default_s404_f3aa73e9bdf4,4,2,0,0.6710416682106133,0.839225222647826
p6_repo_default_s404_f3aa73e9bdf4,4,3,0,0.8129232272844388,0.7124079185430799
p6_repo_default_s404_f3aa73e9bdf4,4,4,0,0.6738402946696014,0.9472955792867623
p6_repo_default_s404_f3aa73e9bdf4,4,5,0,0.5088498429117306,1.1229841952296464
p6_repo_default_s404_f3aa73e9bdf4,4,6,0,0.5512680003568768,1.019636523849523
p6_repo_default_s404_f3aa73e9bdf4,4,7,0,0.7468726336471375,0.7363817031958705
p6_repo_default_s404_f3aa73e9bdf4,4,8,0,0.9368511614031835,0.3557271139260331
p6_repo_default_s404_f3aa73e9bdf4,4,9,0,0.9965164561573614,0.08424871158517738
p6_repo_default_s404_f3aa73e9bdf4,4,10,0,0.9990820826286281,0.04342049277933583
p6_repo_default_s404_f3aa73e9bdf4,4,11,0,0.9993393558803914,0.03676965998097602
p6_repo_default_s404_f3aa73e9bdf4,4,12,0,0.9995121076640103,0.031413334669731126
p6_repo_default_s404_f3aa73e9bdf4,4,13,0,0.9996777332525044,0.02758544384905672
p6_repo_default_s404_f3aa73e9bdf4,4,14,0,0.9997820013308819,0.023455008256004446
p6_repo_default_s404_f3aa73e9bdf4,4,15,0,0.9998250187545898,0.022173976266175205
p6_repo_default_s404_f3aa73e9bdf4,4,16,0,0.999844199875407,0.02108070948377761
p6_repo_default_s404_f3aa73e9bdf4,4,17,0,0.9999066572196361,0.013807607290375482
p6_repo_default_s404_f3aa73e9bdf4,4,18,0,0.9999041904931601,0.015899202524807882
p6_repo_default_s404_f3aa73e9bdf4,4,19,0,0.9999116563307718,0.01589360232651522
p6_repo_default_s404_f3aa73e9bdf4,4,20,0,0.9999420724949628,0.011840229535781406
p6_repo_default_s404_f3aa73e9bdf4,4,21,0,0.9998715296144688,0.019592637669300528
p6_repo_default_s404_f3aa73e9bdf4,4,22,0,0.9999093292259555,0.014871498019561055
p6_repo_default_s404_f3aa73e9bdf4,4,23,0,0.999826313372156,0.01885479443903504
p6_repo_default_s404_f3aa73e9bdf4,4,24,0,0.9995896036252708,0.02872567154118944
p6_repo_default_s404_f3aa73e9bdf4,4,25,0,0.9995467009492178,0.030352799357378002
p6_repo_default_s404_f3aa73e9bdf4,4,26,0,0.9997124049740422,0.024012513382931283
p6_repo_default_s404_f3aa73e9bdf4,4,27,0,0.9997195864804298,0.02790556780925746
p6_repo_default_s404_f3aa73e9bdf4,4,28,0,0.9990683922193175,0.04370327167408155
p6_repo_default_s404_f3aa73e9bdf4,4,29,0,0.9997480027823942,0.024094177976799334
p6_repo_default_s404_f3aa73e9bdf4,4,30,0,0.9998250712417935,0.020576316754114067
p6_repo_default_s404_f3aa73e9bdf4,4,31,0,0.9998192196152291,0.02127336315083931
p6_repo_default_s404_f3aa73e9bdf4,4,32,0,0.9998742545610435,0.02020440859594708
p6_repo_default_s404_f3aa73e9bdf4,4,33,0,0.9998862370692096,0.016568173283842053
p6_repo_default_s404_f3aa73e9bdf4,4,34,0,0.9999425400536833,0.011507393577616556
p6_repo_default_s404_f3aa73e9bdf4,4,35,0,0.9999512273604265,0.012054560500291698
p6_repo_default_s404_f3aa73e9bdf4,4,36,0,0.9999184441477175,0.016592058540047232
p6_repo_default_s404_f3aa73e9bdf4,4,37,0,0.9997333569089195,0.025374578186687813
p6_repo_default_s404_f3aa73e9bdf4,4,38,0,0.9999373817946645,0.01477395919573426
p6_repo_default_s404_f3aa73e9bdf4,4,39,0,0.9999568320173674,0.011373319083449171
p6_repo_default_s404_f3aa73e9bdf4,4,40,0,0.9999519140660799,0.011056795376782908
p6_repo_default_s404_f3aa73e9bdf4,4,41,0,0.9999596231351636,0.00937292600926686
p6_repo_default_s404_f3aa73e9bdf4,4,42,0,0.9999744628757056,0.010623617631479634
p6_repo_default_s404_f3aa73e9bdf4,4,43,0,0.9999612894967372,0.009060739235107659
p6_repo_default_s404_f3aa73e9bdf4,4,44,0,0.9999191441942549,0.015638009098134762
p6_repo_default_s404_f3aa73e9bdf4,4,45,0,0.999956013626585,0.01120142367285214
p6_repo_default_s404_f3aa73e9bdf4,4,46,0,0.9999421555121797,0.011870637858314097
p6_repo_default_s404_f3aa73e9bdf4,4,47,0,0.9999304404947452,0.013872165277721189
p6_repo_default_s404_f3aa73e9bdf4,4,48,0,0.9999317852450108,0.014461796850869294
p6_repo_default_s404_f3aa73e9bdf4,4,49,0,0.9999298547206289,0.013947395726333935
p6_repo_default_s404_f3aa73e9bdf4,4,50,0,0.9999113298382089,0.01759044747148936
p6_repo_default_s404_f3aa73e9bdf4,4,51,0,0.9999088084786926,0.015356097780723166
p6_repo_default_s404_f3aa73e9bdf4,4,52,0,0.9999376887080388,0.014491481827026595
p6_repo_default_s404_f3aa73e9bdf4,4,53,0,0.9999513764946611,0.012050965823455571
p6_repo_default_s404_f3aa73e9bdf4,4,54,0,0.999894095342682,0.01775896960969266
p6_repo_default_s404_f3aa73e9bdf4,4,55,0,0.9998865379243658,0.020133302888867315
p6_repo_default_s404_f3aa73e9bdf4,4,56,0,0.9999122844335098,0.015888860357720067
p6_repo_default_s404_f3aa73e9bdf4,4,57,0,0.9998532640106911,0.017945136303260483
p6_repo_default_s404_f3aa73e9bdf4,4,58,0,0.9998326673400069,0.018718670204964524
p6_repo_default_s404_f3aa73e9bdf4,4,59,0,0.9998627829297451,0.01733352641318342
p6_repo_default_s404_f3aa73e9bdf4,4,60,0,0.999837149449101,0.019059216801956876
p6_repo_default_s404_f3aa73e9bdf4,4,61,0,0.9996022416485371,0.029706852061025482
p6_repo_default_s404_f3aa73e9bdf4,4,62,0,0.9997690866134507,0.023831849404270893
p6_repo_default_s404_f3aa73e9bdf4,8,0,0,0.09363929219006525,1.2989089945581216
p6_repo_default_s404_f3aa73e9bdf4,8,1,0,0.15249645522591423,1.5763639039340007
p6_repo_default_s404_f3aa73e9bdf4,8,2,0,0.256665702164076,1.385214911995336
p6_repo_default_s404_f3aa73e9bdf4,8,3,0,0.42745290223801685,1.2274933576580858
p6_repo_default_s404_f3aa73e9bdf4,8,4,0,0.7260159597828181,0.7918855267776588
p6_repo_default_s404_f3aa73e9bdf4,8,5,0,0.9725331743438186,0.2410839139301334
p6_repo_default_s404_f3aa73e9bdf4,8,6,0,0.9919749146110248,0.13324716411493995
p6_repo_default_s404_f3aa73e9bdf4,8,7,0,0.9942850369117524,0.11680566444208099
p6_repo_default_s404_f3aa73e9bdf4,8,8,0,0.9970202623577098,0.0876049974592725
p6_repo_default_s404_f3aa73e9bdf4,8,9,0,0.9981073613758458,0.0760065434077146
p6_repo_default_s404_f3aa73e9bdf4,8,10,0,0.9986137713389955,0.06716009186652074
p6_repo_default_s404_f3aa73e9bdf4,8,11,0,0.9989082435681074,0.06722192830745319
p6_repo_default_s404_f3aa73e9bdf4,8,12,0,0.9987044047310732,0.06484974336473766
p6_repo_default_s404_f3aa73e9bdf4,8,13,0,0.9992029970044688,0.049932803187237744
p6_repo_default_s404_f3aa73e9bdf4,8,14,0,0.9990315894443969,0.06479053484839994
p6_repo_default_s404_f3aa73e9bdf4,8,15,0,0.9989158968093695,0.06956130421052469
p6_repo_default_s404_f3aa73e9bdf4,8,16,0,0.9991909624256503,0.05117419070243362
p6_repo_default_s404_f3aa73e9bdf4,8,17,0,0.9989519398711038,0.08058654542412706
p6_repo_default_s404_f3aa73e9bdf4,8,18,0,0.9989986873955246,0.06382326179099383
p6_repo_default_s404_f3aa73e9bdf4,8,19,0,0.9982193474879717,0.06882969365819461
p6_repo_default_s404_f3aa73e9bdf4,8,20,0,0.9984399077851777,0.06499562946001083
p6_repo_default_s404_f3aa73e9bdf4,8,21,0,0.99886582290861,0.057279846893291214
p6_repo_default_s404_f3aa73e9bdf4,8,22,0,0.9990055493542737,0.05185646789619174
p6_repo_default_s404_f3aa73e9bdf4,8,23,0,0.9986928372542031,0.07337775994741748
p6_repo_default_s404_f3aa73e9bdf4,8,24,0,0.9991685566897209,0.05283152111489022
p6_repo_default_s404_f3aa73e9bdf4,8,25,0,0.9994984800250793,0.03888140021070371
p6_repo_default_s404_f3aa73e9bdf4,8,26,0,0.9993006653661994,0.06660877413300928
p6_repo_default_s404_f3aa73e9bdf4,8,27,0,0.9994199773519616,0.06222427680061248
p6_repo_default_s404_f3aa73e9bdf4,8,28,0,0.9990455294009485,0.07130402535226237
p6_repo_default_s404_f3aa73e9bdf4,8,29,0,0.9987730919885303,0.060488523087806535
p6_repo_default_s404_f3aa73e9bdf4,8,30,0,0.9992729551241489,0.04798396200913528
p6_repo_default_s404_f3aa73e9bdf4,8,31,0,0.9989841312027827,0.06071864144110279
p6_repo_default_s404_f3aa73e9bdf4,8,32,0,0.999306477332105,0.056561127022297535
p6_repo_default_s404_f3aa73e9bdf4,8,33,0,0.9992247266061565,0.06118211241117522
p6_repo_default_s404_f3aa73e9bdf4,8,34,0,0.9992199494906294,0.059510004469302734
p6_repo_default_s404_f3aa73e9bdf4,8,35,0,0.9994985293015103,0.044901735973279525
p6_repo_default_s404_f3aa73e9bdf4,8,36,0,0.9995272420264667,0.052760312500019314
p6_repo_default_s404_f3aa73e9bdf4,8,37,0,0.9996034342038687,0.03893849567793309
p6_repo_default_s404_f3aa73e9bdf4,8,38,0,0.9997656643696613,0.041921285453177054
p6_repo_default_s404_f3aa73e9bdf4,8,39,0,0.9996899153367127,0.029392274275322147
p6_repo_default_s404_f3aa73e9bdf4,8,40,0,0.9994110923305795,0.05275100910872674
p6_repo_default_s404_f3aa73e9bdf4,8,41,0,0.999572496662963,0.044021923114232975
p6_repo_default_s404_f3aa73e9bdf4,8,42,0,0.9993906385004095,0.0459480707940658
p6_repo_default_s404_f3aa73e9bdf4,8,43,0,0.9994375868780491,0.049399034573037376
p6_repo_default_s404_f3aa73e9bdf4,8,44,0,0.999229726672661,0.053166926957700034
p6_repo_default_s404_f3aa73e9bdf4,8,45,0,0.9995012078474365,0.049246397351925285
p6_repo_default_s404_f3aa73e9bdf4,8,46,0,0.9992783059704303,0.054480362274721104
p6_repo_default_s404_f3aa73e9bdf4,8,47,0,0.9991257164167086,0.05200861803373377
p6_repo_default_s404_f3aa73e9bdf4,8,48,0,0.9994778673947933,0.053721965087967505
p6_repo_default_s404_f3aa73e9bdf4,8,49,0,0.9994911559609057,0.05113060080509288
p6_repo_default_s404_f3aa73e9bdf4,8,50,0,0.999187885595659,0.0579977334406157
p6_repo_default_s404_f3aa73e9bdf4,8,51,0,0.999291087019107,0.05660827191251493
p6_repo_default_s404_f3aa73e9bdf4,8,52,0,0.9993265005452682,0.04872471220249329
p6_repo_default_s404_f3aa73e9bdf4,8,53,0,0.9981015576591338,0.06549846130136287
p6_repo_default_s404_f3aa73e9bdf4,8,54,0,0.9965608953457397,0.08755666437643754
p6_repo_default_s404_f3aa73e9bdf4,8,55,0,0.997076384103626,0.08716691835839772
p6_repo_default_s404_f3aa73e9bdf4,8,56,0,0.9978991803082536,0.07419010540513227
p6_repo_default_s404_f3aa73e9bdf4,8,57,0,0.9956726102083286,0.1017604083962389
p6_repo_default_s404_f3aa73e9bdf4,8,58,0,0.9952538104801133,0.11049832519782954
p6_repo_default_s404_f3aa73e9bdf4,12,0,0,0.3868160562058939,1.0736412189230229
p6_repo_default_s404_f3aa73e9bdf4,12,1,0,0.7670207676940066,0.7538814097329702
p6_repo_default_s404_f3aa73e9bdf4,12,2,0,0.9326953805192809,0.41380106979549025
p6_repo_default_s404_f3aa73e9bdf4,12,3,0,0.9376053036509828,0.3997611092400244
p6_repo_default_s404_f3aa73e9bdf4,12,4,0,0.9706489583006274,0.27043725522091017
p6_repo_default_s404_f3aa73e9bdf4,12,5,0,0.9864740014046459,0.1898447699542372
p6_repo_default_s404_f3aa73e9bdf4,12,6,0,0.9899022639986111,0.174164462191381
p6_repo_default_s404_f3aa73e9bdf4,12,7,0,0.9941598321902511,0.16404524648755994
p6_repo_default_s404_f3aa73e9bdf4,12,8,0,0.9944381749607337,0.15246601372960392
p6_repo_default_s404_f3aa73e9bdf4,12,9,0,0.9965599726142728,0.11416333959733428
p6_repo_default_s404_f3aa73e9bdf4,12,10,0,0.9964699775837547,0.1391986352651114
p6_repo_default_s404_f3aa73e9bdf4,12,11,0,0.9943274506198883,0.14871643731723097
p6_repo_default_s404_f3aa73e9bdf4,12,12,0,0.9971151689032948,0.10769285016371202
p6_repo_default_s404_f3aa73e9bdf4,12,13,0,0.9956824678409598,0.17201204613622922
p6_repo_default_s404_f3aa73e9bdf4,12,14,0,0.9963879478179788,0.1404904234405459
p6_repo_default_s404_f3aa73e9bdf4,12,15,0,0.994852239662011,0.1353435046137129
p6_repo_default_s404_f3aa73e9bdf4,12,16,0,0.9959642311698645,0.13300587569054262
p6_repo_default_s404_f3aa73e9bdf4,12,17,0,0.9973649306161839,0.1077250675959652
p6_repo_default_s404_f3aa73e9bdf4,12,18,0,0.9972035409465269,0.105509568933284
p6_repo_default_s404_f3aa73e9bdf4,12,19,0,0.9969787699079987,0.13897551781607276
p6_repo_default_s404_f3aa73e9bdf4,12,20,0,0.9975819784982621,0.11284488976702711
p6_repo_default_s404_f3aa73e9bdf4,12,21,0,0.9985886316574771,0.08343662246696554
p6_repo_default_s404_f3aa73e9bdf4,12,22,0,0.9976815590642697,0.13525442341045701
p6_repo_default_s404_f3aa73e9bdf4,12,23,0,0.9981180779530756,0.12498846347089586
p6_repo_default_s404_f3aa73e9bdf4,12,24,0,0.997813758849179,0.1268950760478841
p6_repo_default_s404_f3aa73e9bdf4,12,25,0,0.9927619455686043,0.1489576634314302
p6_repo_default_s404_f3aa73e9bdf4,12,26,0,0.9968448917361313,0.10210353952248971
p6_repo_default_s404_f3aa73e9bdf4,12,27,0,0.9965575893271672,0.11024989553000016
p6_repo_default_s404_f3aa73e9bdf4,12,28,0,0.9980613440204885,0.10099090996733022
p6_repo_default_s404_f3aa73e9bdf4,12,29,0,0.9957683793349602,0.13519768271755012
p6_repo_default_s404_f3aa73e9bdf4,12,30,0,0.9966335780846128,0.12385424607663319
p6_repo_default_s404_f3aa73e9bdf4,12,31,0,0.9983125841649915,0.08893586688846182
p6_repo_default_s404_f3aa73e9bdf4,12,32,0,0.998114050780371,0.10717141665822452
p6_repo_default_s404_f3aa73e9bdf4,12,33,0,0.9983800245699501,0.08259078175932699
p6_repo_default_s404_f3aa73e9bdf4,12,34,0,0.9993046809166094,0.07846093775352404
p6_repo_default_s404_f3aa73e9bdf4,12,35,0,0.9988755308265022,0.05704735149287363
p6_repo_default_s404_f3aa73e9bdf4,12,36,0,0.998041556278752,0.10966055925461254
p6_repo_default_s404_f3aa73e9bdf4,12,37,0,0.9987415000452436,0.09789847021182824
p6_repo_default_s404_f3aa73e9bdf4,12,38,0,0.998098229149094,0.09701385213721654
p6_repo_default_s404_f3aa73e9bdf4,12,39,0,0.9979741220272693,0.0952837208619195
p6_repo_default_s404_f3aa73e9bdf4,12,40,0,0.998004458124504,0.10466771893381478
p6_repo_default_s404_f3aa73e9bdf4,12,41,0,0.9983762410345275,0.09614581697894152
p6_repo_default_s404_f3aa73e9bdf4,12,42,0,0.9972566600838213,0.11260457983796349
p6_repo_default_s404_f3aa73e9bdf4,12,43,0,0.9975452886420898,0.10340886321523762
p6_repo_default_s404_f3aa73e9bdf4,12,44,0,0.9982427261541524,0.10424490635085243
p6_repo_default_s404_f3aa73e9bdf4,12,45,0,0.9980413600779048,0.09648330342299982
p6_repo_default_s404_f3aa73e9bdf4,12,46,0,0.9975618529814748,0.11145066533381544
p6_repo_default_s404_f3aa73e9bdf4,12,47,0,0.9978459488628242,0.10964874515103068
p6_repo_default_s404_f3aa73e9bdf4,12,48,0,0.9981492610882408,0.09415692991957836
p6_repo_default_s404_f3aa73e9bdf4,12,49,0,0.9882459149079131,0.16338258463394764
p6_repo_default_s404_f3aa73e9bdf4,12,50,0,0.9740827032639249,0.23907676436670097
p6_repo_default_s404_f3aa73e9bdf4,12,51,0,0.9823511059348865,0.20603400169801056
p6_repo_default_s404_f3aa73e9bdf4,12,52,0,0.9848369688053451,0.18236466982097563
p6_repo_default_s404_f3aa73e9bdf4,12,53,0,0.9769745664275735,0.22805048434408398
p6_repo_default_s404_f3aa73e9bdf4,12,54,0,0.9782946035440796,0.23825962869414505
p6_repo_default_s404_f3aa73e9bdf4,16,0,0,0.4957205703308218,1.0135333848466472
p6_repo_default_s404_f3aa73e9bdf4,16,1,0,0.7762360068079588,0.7199391207108924
p6_repo_default_s404_f3aa73e9bdf4,16,2,0,0.9314021711028477,0.39956043696948373
p6_repo_default_s404_f3aa73e9bdf4,16,3,0,0.9792645734339886,0.2427427193914975
p6_repo_default_s404_f3aa73e9bdf4,16,4,0,0.9879896532241912,0.1907151946128624
p6_repo_default_s404_f3aa73e9bdf4,16,5,0,0.9932874132683844,0.13296047723361537
p6_repo_default_s404_f3aa73e9bdf4,16,6,0,0.9939250377530775,0.15076587294545174
p6_repo_default_s404_f3aa73e9bdf4,16,7,0,0.9936637728598248,0.13684585388309484
p6_repo_default_s404_f3aa73e9bdf4,16,8,0,0.9936777804324235,0.12477673371562509
p6_repo_default_s404_f3aa73e9bdf4,16,9,0,0.9949117330431106,0.15818524334489362
p6_repo_default_s404_f3aa73e9bdf4,16,10,0,0.9948385322828005,0.1414159230687863
p6_repo_default_s404_f3aa73e9bdf4,16,11,0,0.9956951390822458,0.12057910538677098
p6_repo_default_s404_f3aa73e9bdf4,16,12,0,0.9966939560783906,0.1245389143188456
p6_repo_default_s404_f3aa73e9bdf4,16,13,0,0.9976293236891253,0.09645275743537393
p6_repo_default_s404_f3aa73e9bdf4,16,14,0,0.9966705778232937,0.10787246254900308
p6_repo_default_s404_f3aa73e9bdf4,16,15,0,0.9917561684760081,0.18239400675163303
p6_repo_default_s404_f3aa73e9bdf4,16,16,0,0.9961524972703427,0.10712454686986575
p6_repo_default_s404_f3aa73e9bdf4,16,17,0,0.9983739075555463,0.07941163855493133
p6_repo_default_s404_f3aa73e9bdf4,16,18,0,0.9975366457668188,0.1350261431066774
p6_repo_default_s404_f3aa73e9bdf4,16,19,0,0.9978646076481948,0.1292909397272156
p6_repo_default_s404_f3aa73e9bdf4,16,20,0,0.9973924062365456,0.12373639147840335
p6_repo_default_s404_f3aa73e9bdf4,16,21,0,0.9914207289144669,0.15743144300575837
p6_repo_default_s404_f3aa73e9bdf4,16,22,0,0.9966297237435895,0.1048888772658044
p6_repo_default_s404_f3aa73e9bdf4,16,23,0,0.996941516501138,0.10062619572860797
p6_repo_default_s404_f3aa73e9bdf4,16,24,0,0.9983537043090076,0.0836880210565281
p6_repo_default_s404_f3aa73e9bdf4,16,25,0,0.997679023041061,0.10368690829112213
p6_repo_default_s404_f3aa73e9bdf4,16,26,0,0.9981063861839,0.10343668502703779
p6_repo_default_s404_f3aa73e9bdf4,16,27,0,0.9987840899456407,0.08581799387546346
p6_repo_default_s404_f3aa73e9bdf4,16,28,0,0.9981085623721436,0.108880856115284
p6_repo_default_s404_f3aa73e9bdf4,16,29,0,0.9983254822019023,0.08578626698087219
p6_repo_default_s404_f3aa73e9bdf4,16,30,0,0.999273977875167,0.0762833784681445
p6_repo_default_s404_f3aa73e9bdf4,16,31,0,0.9988139974958326,0.056934258450142876
p6_repo_default_s404_f3aa73e9bdf4,16,32,0,0.9978212426821045,0.10749756493273843
p6_repo_default_s404_f3aa73e9bdf4,16,33,0,0.9985610591827141,0.0928085035347229
p6_repo_default_s404_f3aa73e9bdf4,16,34,0,0.9981461272113198,0.08949741823805613
p6_repo_default_s404_f3aa73e9bdf4,16,35,0,0.9980196074262255,0.09017287051267374
p6_repo_default_s404_f3aa73e9bdf4,16,36,0,0.9974063758332049,0.1070857777630663
p6_repo_default_s404_f3aa73e9bdf4,16,37,0,0.9985696697127634,0.08696322574217873
p6_repo_default_s404_f3aa73e9bdf4,16,38,0,0.9976743552827385,0.10388405837215316
p6_repo_default_s404_f3aa73e9bdf4,16,39,0,0.9979778634923524,0.09257318210615405
p6_repo_default_s404_f3aa73e9bdf4,16,40,0,0.998732676898015,0.09238712664100078
p6_repo_default_s404_f3aa73e9bdf4,16,41,0,0.9982138973962341,0.0905040129222819
p6_repo_default_s404_f3aa73e9bdf4,16,42,0,0.9979996337326795,0.10129036279068375
p6_repo_default_s404_f3aa73e9bdf4,16,43,0,0.9981215826934084,0.09493218065623861
p6_repo_default_s404_f3aa73e9bdf4,16,44,0,0.9984756983595274,0.08752292855764716
p6_repo_default_s404_f3aa73e9bdf4,16,45,0,0.9892103102736478,0.1572636414573226
p6_repo_default_s404_f3aa73e9bdf4,16,46,0,0.9803872314604097,0.20904289145491997
p6_repo_default_s404_f3aa73e9bdf4,16,47,0,0.987588652600765,0.1738286779664512
p6_repo_default_s404_f3aa73e9bdf4,16,48,0,0.9883394550211904,0.15933891280560364
p6_repo_default_s404_f3aa73e9bdf4,16,49,0,0.9811718597634911,0.2047253726154792
p6_repo_default_s404_f3aa73e9bdf4,16,50,0,0.9810535349634949,0.22194171235536822
p6_repo_default_s404_f3aa73e9bdf4,24,0,0,0.43547845568320825,0.9296190287081997
p6_repo_default_s404_f3aa73e9bdf4,24,1,0,0.7209222674718324,0.7823944112413331
p6_repo_default_s404_f3aa73e9bdf4,24,2,0,0.8675788111400199,0.5407993364203306
p6_repo_default_s404_f3aa73e9bdf4,24,3,0,0.9229758607554295,0.40099587677438603
p6_repo_default_s404_f3aa73e9bdf4,24,4,0,0.9716429343517687,0.27590390724254166
p6_repo_default_s404_f3aa73e9bdf4,24,5,0,0.9821124974998638,0.21197191556469508
p6_repo_default_s404_f3aa73e9bdf4,24,6,0,0.9856800917951268,0.1900651878354429
p6_repo_default_s404_f3aa73e9bdf4,24,7,0,0.976763288556658,0.2648251320613727
p6_repo_default_s404_f3aa73e9bdf4,24,8,0,0.9892751451034363,0.15808838669116346
p6_repo_default_s404_f3aa73e9bdf4,24,9,0,0.993018193078663,0.1466964297579625
p6_repo_default_s404_f3aa73e9bdf4,24,10,0,0.9951682761373742,0.1547727704388218
p6_repo_default_s404_f3aa73e9bdf4,24,11,0,0.9948402523281044,0.15829477978779893
p6_repo_default_s404_f3aa73e9bdf4,24,12,0,0.9944107893939172,0.1489829806521292
p6_repo_default_s404_f3aa73e9bdf4,24,13,0,0.9876335821841814,0.17986405380337697
p6_repo_default_s404_f3aa73e9bdf4,24,14,0,0.9946303701902384,0.12114076504719043
p6_repo_default_s404_f3aa73e9bdf4,24,15,0,0.9962899803114603,0.10704230415725206
p6_repo_default_s404_f3aa73e9bdf4,24,16,0,0.9968945129348751,0.10541922574225707
p6_repo_default_s404_f3aa73e9bdf4,24,17,0,0.9872336207983541,0.18718242395474427
p6_repo_default_s404_f3aa73e9bdf4,24,18,0,0.9963639001518558,0.12825273138253643
p6_repo_default_s404_f3aa73e9bdf4,24,19,0,0.9982005704506607,0.10816751296484788
p6_repo_default_s404_f3aa73e9bdf4,24,20,0,0.997010175517693,0.13541807976317297
p6_repo_default_s404_f3aa73e9bdf4,24,21,0,0.9977041353396376,0.09441020636435683
p6_repo_default_s404_f3aa73e9bdf4,24,22,0,0.9987832977733794,0.08181956226077321
p6_repo_default_s404_f3aa73e9bdf4,24,23,0,0.9983067517086734,0.06422633732857533
p6_repo_default_s404_f3aa73e9bdf4,24,24,0,0.9968503132970207,0.11837489272612317
p6_repo_default_s404_f3aa73e9bdf4,24,25,0,0.9978521602585065,0.1127432187603941
p6_repo_default_s404_f3aa73e9bdf4,24,26,0,0.9972130897903002,0.10777665941276515
p6_repo_default_s404_f3aa73e9bdf4,24,27,0,0.9968427164895809,0.10680805631838765
p6_repo_default_s404_f3aa73e9bdf4,24,28,0,0.9973698936658631,0.11901441729238334
p6_repo_default_s404_f3aa73e9bdf4,24,29,0,0.9976269182838513,0.09872956921667599
p6_repo_default_s404_f3aa73e9bdf4,24,30,0,0.9967044416685824,0.11761956679798499
p6_repo_default_s404_f3aa73e9bdf4,24,31,0,0.9974118197389449,0.0995728246487367
p6_repo_default_s404_f3aa73e9bdf4,24,32,0,0.9981859096478761,0.10020617559117241
p6_repo_default_s404_f3aa73e9bdf4,24,33,0,0.9979800129007634,0.09721473493682128
p6_repo_default_s404_f3aa73e9bdf4,24,34,0,0.9972093244970311,0.11719374090514627
p6_repo_default_s404_f3aa73e9bdf4,24,35,0,0.9971783514410656,0.11411433132307612
p6_repo_default_s404_f3aa73e9bdf4,24,36,0,0.9978236822834158,0.09934227998097651
p6_repo_default_s404_f3aa73e9bdf4,24,37,0,0.9871719474939998,0.17151591795310023
p6_repo_default_s404_f3aa73e9bdf4,24,38,0,0.9756195777301467,0.23332262896318084
p6_repo_default_s404_f3aa73e9bdf4,24,39,0,0.983913785113422,0.19693299263414313
p6_repo_default_s404_f3aa73e9bdf4,24,40,0,0.9840299448399741,0.18557177890083468
p6_repo_default_s404_f3aa73e9bdf4,24,41,0,0.975422174130225,0.2339222642351258
p6_repo_default_s404_f3aa73e9bdf4,24,42,0,0.9769231193161949,0.24729653468457508
p6_repo_default_s404_f3aa73e9bdf4,32,0,0,0.36452872592633734,1.1342973919098844
p6_repo_default_s404_f3aa73e9bdf4,32,1,0,0.801190122165847,0.7266037148284602
p6_repo_default_s404_f3aa73e9bdf4,32,2,0,0.926590158939228,0.428214557175675
p6_repo_default_s404_f3aa73e9bdf4,32,3,0,0.9522375631167415,0.3382396486899119
p6_repo_default_s404_f3aa73e9bdf4,32,4,0,0.966987588515722,0.28199109971188596
p6_repo_default_s404_f3aa73e9bdf4,32,5,0,0.9675318569618883,0.2700879269739557
p6_repo_default_s404_f3aa73e9bdf4,32,6,0,0.9854025911330081,0.18181146407263152
p6_repo_default_s404_f3aa73e9bdf4,32,7,0,0.9897203734030475,0.1528746481318775
p6_repo_default_s404_f3aa73e9bdf4,32,8,0,0.9895322647149085,0.1504350869452097
p6_repo_default_s404_f3aa73e9bdf4,32,9,0,0.985576591605467,0.18730887847616437
p6_repo_default_s404_f3aa73e9bdf4,32,10,0,0.9942499175312854,0.1359880297360529
p6_repo_default_s404_f3aa73e9bdf4,32,11,0,0.9959849205527591,0.11145948300681706
p6_repo_default_s404_f3aa73e9bdf4,32,12,0,0.9952907436430539,0.12527384631480196
p6_repo_default_s404_f3aa73e9bdf4,32,13,0,0.9963216119047208,0.09485652846711998
p6_repo_default_s404_f3aa73e9bdf4,32,14,0,0.9983281254030564,0.0750396943498289
p6_repo_default_s404_f3aa73e9bdf4,32,15,0,0.9979443273604591,0.06700696088435529
p6_repo_default_s404_f3aa73e9bdf4,32,16,0,0.9960828265796445,0.11531085625176503
p6_repo_default_s404_f3aa73e9bdf4,32,17,0,0.9976387933740166,0.09737600727937687
p6_repo_default_s404_f3aa73e9bdf4,32,18,0,0.9964172010212231,0.10626022480688124
p6_repo_default_s404_f3aa73e9bdf4,32,19,0,0.9958482563921669,0.10904342848813389
p6_repo_default_s404_f3aa73e9bdf4,32,20,0,0.9964285692521846,0.12092617377262195
p6_repo_default_s404_f3aa73e9bdf4,32,21,0,0.996670023409474,0.10558381157398243
p6_repo_default_s404_f3aa73e9bdf4,32,22,0,0.9967036445497133,0.11537431469916169
p6_repo_default_s404_f3aa73e9bdf4,32,23,0,0.9975009589195902,0.09344547594095359
p6_repo_default_s404_f3aa73e9bdf4,32,24,0,0.99686980256917,0.09757362328188315
p6_repo_default_s404_f3aa73e9bdf4,32,25,0,0.9977602395522467,0.09486806914115031
p6_repo_default_s404_f3aa73e9bdf4,32,26,0,0.9959178980801592,0.11144946989921722
p6_repo_default_s404_f3aa73e9bdf4,32,27,0,0.9961723022451697,0.10413263123702986
p6_repo_default_s404_f3aa73e9bdf4,32,28,0,0.9968043056315707,0.1035765373600585
p6_repo_default_s404_f3aa73e9bdf4,32,29,0,0.990130722052181,0.15057437535814075
p6_repo_default_s404_f3aa73e9bdf4,32,30,0,0.979721622691317,0.2088480298015034
p6_repo_default_s404_f3aa73e9bdf4,32,31,0,0.9848390212444933,0.18790871016878896
p6_repo_default_s404_f3aa73e9bdf4,32,32,0,0.9865073343957143,0.16862649346308245
p6_repo_default_s404_f3aa73e9bdf4,32,33,0,0.9792865521168517,0.21092330383596206
p6_repo_default_s404_f3aa73e9bdf4,32,34,0,0.9819931271712683,0.21129775671347586
p7_repo_default_s202_47a7c467c6e5,4,0,0,0.149229977619219,1.1332637578667806
p7_repo_default_s202_47a7c467c6e5,4,1,0,0.326956787212156,1.1836019598409036
p7_repo_default_s202_47a7c467c6e5,4,2,0,0.6909643262020677,0.8305721358692014
p7_repo_default_s202_47a7c467c6e5,4,3,0,0.8555349129544285,0.6013574474877679
p7_repo_default_s202_47a7c467c6e5,4,4,0,0.9603104865470143,0.2968153603990527
p7_repo_default_s202_47a7c467c6e5,4,5,0,0.9912414881952969,0.13478834121045344
p7_repo_default_s202_47a7c467c6e5,4,6,0,0.9952434795516809,0.10226815256665732
p7_repo_default_s202_47a7c467c6e5,4,7,0,0.9976331643586589,0.07474928391348382
p7_repo_default_s202_47a7c467c6e5,4,8,0,0.9987248395858314,0.060685094996594635
p7_repo_default_s202_47a7c467c6e5,4,9,0,0.9989449689830154,0.0601171016477274
p7_repo_default_s202_47a7c467c6e5,4,10,0,0.9994016266261985,0.04352044159756283
p7_repo_default_s202_47a7c467c6e5,4,11,0,0.9994230287324415,0.043538441861496885
p7_repo_default_s202_47a7c467c6e5,4,12,0,0.9989850672150167,0.04993399962644153
p7_repo_default_s202_47a7c467c6e5,4,13,0,0.9986855814727547,0.05600120681946258
p7_repo_default_s202_47a7c467c6e5,4,14,0,0.9984631434296604,0.05838891883476081
p7_repo_default_s202_47a7c467c6e5,4,15,0,0.9989710648971981,0.05210182269375773
p7_repo_default_s202_47a7c467c6e5,4,16,0,0.9995835898905809,0.043223976082133145
p7_repo_default_s202_47a7c467c6e5,4,17,0,0.999654542504758,0.04064047000955009
p7_repo_default_s202_47a7c467c6e5,4,18,0,0.9996896200679112,0.04044844576809608
p7_repo_default_s202_47a7c467c6e5,4,19,0,0.9997444446101854,0.03535087281732375
p7_repo_default_s202_47a7c467c6e5,4,20,0,0.9994869845534895,0.04742517327701657
p7_repo_default_s202_47a7c467c6e5,4,21,0,0.9993970951764878,0.04655088313466288
p7_repo_default_s202_47a7c467c6e5,4,22,0,0.9997406759425758,0.03794302329881331
p7_repo_default_s202_47a7c467c6e5,4,23,0,0.9997203211068544,0.03710597137345418
p7_repo_default_s202_47a7c467c6e5,4,24,0,0.9988805845642444,0.05682783459735719
p7_repo_default_s202_47a7c467c6e5,4,25,0,0.9991806542127109,0.057273606981289325
p7_repo_default_s202_47a7c467c6e5,4,26,0,0.9996985254696126,0.03982588198673567
p7_repo_default_s202_47a7c467c6e5,4,27,0,0.9996508789346127,0.04007911278177013
p7_repo_default_s202_47a7c467c6e5,4,28,0,0.9994927790465297,0.04167801414201652
p7_repo_default_s202_47a7c467c6e5,4,29,0,0.999643694288611,0.03209415255580745
p7_repo_default_s202_47a7c467c6e5,4,30,0,0.9993059070449714,0.05463658780175289
p7_repo_default_s202_47a7c467c6e5,4,31,0,0.999560074743939,0.048678577057814955
p7_repo_default_s202_47a7c467c6e5,4,32,0,0.9996827027922505,0.04245972767048973
p7_repo_default_s202_47a7c467c6e5,4,33,0,0.9996244696785975,0.03944594180637176
p7_repo_default_s202_47a7c467c6e5,4,34,0,0.9996919247635458,0.03484599945488894
p7_repo_default_s202_47a7c467c6e5,4,35,0,0.9997808701532476,0.030720644237801607
p7_repo_default_s202_47a7c467c6e5,4,36,0,0.9996701802264025,0.03953507606179846
p7_repo_default_s202_47a7c467c6e5,4,37,0,0.9995288337207082,0.04414777232838687
p7_repo_default_s202_47a7c467c6e5,4,38,0,0.9997353985422339,0.03792520878501554
p7_repo_default_s202_47a7c467c6e5,4,39,0,0.9996695082468658,0.03449903056598605
p7_repo_default_s202_47a7c467c6e5,4,40,0,0.9995648866104658,0.04279834625811838
p7_repo_default_s202_47a7c467c6e5,4,41,0,0.9997116703672989,0.03907870579307129
p7_repo_default_s202_47a7c467c6e5,4,42,0,0.9998247466356226,0.028140661360358477
p7_repo_default_s202_47a7c467c6e5,4,43,0,0.9998483959799778,0.02873111566532777
p7_repo_default_s202_47a7c467c6e5,4,44,0,0.9999013318819749,0.026827171871222112
p7_repo_default_s202_47a7c467c6e5,4,45,0,0.9997326976650553,0.03295061949506455
p7_repo_default_s202_47a7c467c6e5,4,46,0,0.9996383669544985,0.036076464470782194
p7_repo_default_s202_47a7c467c6e5,4,47,0,0.9997906970801563,0.030701045384596587
p7_repo_default_s202_47a7c467c6e5,4,48,0,0.9997470210922303,0.041131138361775746
p7_repo_default_s202_47a7c467c6e5,4,49,0,0.9995069495507137,0.040112377425153646
p7_repo_default_s202_47a7c467c6e5,4,50,0,0.9996682755836744,0.03957226243454173
p7_repo_default_s202_47a7c467c6e5,4,51,0,0.9997872909749617,0.029568318456338144
p7_repo_default_s202_47a7c467c6e5,4,52,0,0.9997179764339132,0.033272079265219905
p7_repo_default_s202_47a7c467c6e5,4,53,0,0.9984394197352238,0.057779557522523464
p7_repo_default_s202_47a7c467c6e5,4,54,0,0.9956716185503695,0.09330857935504529
p7_repo_default_s202_47a7c467c6e5,4,55,0,0.9941458156708044,0.10866117861447487
p7_repo_default_s202_47a7c467c6e5,4,56,0,0.9930164651871815,0.11805620916474621
p7_repo_default_s202_47a7c467c6e5,4,57,0,0.9940284446940028,0.10920472984618632
p7_repo_default_s202_47a7c467c6e5,8,0,0,0.3982710355510388,1.1146304794930517
p7_repo_default_s202_47a7c467c6e5,8,1,0,0.7942845181972813,0.6865353314813829
p7_repo_default_s202_47a7c467c6e5,8,2,0,0.9120388376784101,0.4539869458203852
p7_repo_default_s202_47a7c467c6e5,8,3,0,0.9586595389914385,0.3171686930617635
p7_repo_default_s202_47a7c467c6e5,8,4,0,0.9789192210610658,0.22916140802764423
p7_repo_default_s202_47a7c467c6e5,8,5,0,0.9876697189532838,0.17543811119479602
p7_repo_default_s202_47a7c467c6e5,8,6,0,0.9948640208256991,0.12269367189353737
p7_repo_default_s202_47a7c467c6e5,8,7,0,0.9945994360538836,0.12654136220003903
p7_repo_default_s202_47a7c467c6e5,8,8,0,0.9796925755703517,0.20845010320371762
p7_repo_default_s202_47a7c467c6e5,8,9,0,0.9759691737652814,0.22490263425292656
p7_repo_default_s202_47a7c467c6e5,8,10,0,0.9674705354676051,0.2593636285055342
p7_repo_default_s202_47a7c467c6e5,8,11,0,0.9797194783246075,0.21852270610685043
p7_repo_default_s202_47a7c467c6e5,8,12,0,0.9963591676227277,0.1283284643235519
p7_repo_default_s202_47a7c467c6e5,8,13,0,0.997666877444774,0.10587409433560875
p7_repo_default_s202_47a7c467c6e5,8,14,0,0.9982787356353289,0.09464869824438642
p7_repo_default_s202_47a7c467c6e5,8,15,0,0.9985459694367714,0.09528358473457373
p7_repo_default_s202_47a7c467c6e5,8,16,0,0.9978367092545416,0.11194879075858455
p7_repo_default_s202_47a7c467c6e5,8,17,0,0.9980127645861981,0.10048651986988058
p7_repo_default_s202_47a7c467c6e5,8,18,0,0.9990538088268143,0.09428376932429595
p7_repo_default_s202_47a7c467c6e5,8,19,0,0.9988838051988442,0.09113314574540332
p7_repo_default_s202_47a7c467c6e5,8,20,0,0.9971131452334544,0.11952467318752664
p7_repo_default_s202_47a7c467c6e5,8,21,0,0.99805844006218,0.11007818304301589
p7_repo_default_s202_47a7c467c6e5,8,22,0,0.9990197227159002,0.08427499835228955
p7_repo_default_s202_47a7c467c6e5,8,23,0,0.9989223788625633,0.0895153101694746
p7_repo_default_s202_47a7c467c6e5,8,24,0,0.9988148307945033,0.08704519498827637
p7_repo_default_s202_47a7c467c6e5,8,25,0,0.9989583757197446,0.07089578595440336
p7_repo_default_s202_47a7c467c6e5,8,26,0,0.9972863937982837,0.11218667786225225
p7_repo_default_s202_47a7c467c6e5,8,27,0,0.9979274061297385,0.09052852245192967
p7_repo_default_s202_47a7c467c6e5,8,28,0,0.9976087187662577,0.0922498178269247
p7_repo_default_s202_47a7c467c6e5,8,29,0,0.9977961396707238,0.10836905046038718
p7_repo_default_s202_47a7c467c6e5,8,30,0,0.9982689245352939,0.09690034272822233
p7_repo_default_s202_47a7c467c6e5,8,31,0,0.998675430884684,0.08857623835053743
p7_repo_default_s202_47a7c467c6e5,8,32,0,0.9982543436468694,0.0960878818127728
p7_repo_default_s202_47a7c467c6e5,8,33,0,0.9968348076113023,0.11360931524537558
p7_repo_default_s202_47a7c467c6e5,8,34,0,0.9987959772661628,0.08409660342507408
p7_repo_default_s202_47a7c467c6e5,8,35,0,0.9986087337777461,0.08322254802484692
p7_repo_default_s202_47a7c467c6e5,8,36,0,0.9979329507156142,0.10782279839262472
p7_repo_default_s202_47a7c467c6e5,8,37,0,0.9989138342439307,0.09514775921175624
p7_repo_default_s202_47a7c467c6e5,8,38,0,0.9991463013396934,0.06010341842773746
p7_repo_default_s202_47a7c467c6e5,8,39,0,0.9991593219754559,0.0647367879335925
p7_repo_default_s202_47a7c467c6e5,8,40,0,0.999485658681848,0.0703213632638957
p7_repo_default_s202_47a7c467c6e5,8,41,0,0.9978114140123118,0.08674284082494498
p7_repo_default_s202_47a7c467c6e5,8,42,0,0.9974460607305653,0.10581265665707476
p7_repo_default_s202_47a7c467c6e5,8,43,0,0.9990127339473235,0.07515034306108685
p7_repo_default_s202_47a7c467c6e5,8,44,0,0.9988217112127056,0.09654914152595366
p7_repo_default_s202_47a7c467c6e5,8,45,0,0.9987095603663118,0.09339737893469822
p7_repo_default_s202_47a7c467c6e5,8,46,0,0.9986865761090187,0.09119074758873615
p7_repo_default_s202_47a7c467c6e5,8,47,0,0.9990530445222745,0.06901345749689156
p7_repo_default_s202_47a7c467c6e5,8,48,0,0.9982545186309,0.08105588786067904
p7_repo_default_s202_47a7c467c6e5,8,49,0,0.9882642054249333,0.1553496631496777
p7_repo_default_s202_47a7c467c6e5,8,50,0,0.9781003582871064,0.21022120774032818
p7_repo_default_s202_47a7c467c6e5,8,51,0,0.9727212040621126,0.2348455458872025
p7_repo_default_s202_47a7c467c6e5,8,52,0,0.9748550566736669,0.22421633717049563
p7_repo_default_s202_47a7c467c6e5,8,53,0,0.9820104956783874,0.18997835771416813
p7_repo_default_s202_47a7c467c6e5,12,0,0,0.42709347941769676,1.0258827987221832
p7_repo_default_s202_47a7c467c6e5,12,1,0,0.6837135081220428,0.8659079220923853
p7_repo_default_s202_47a7c467c6e5,12,2,0,0.932817777161003,0.4081909275968212
p7_repo_default_s202_47a7c467c6e5,12,3,0,0.951289010640785,0.3440021731745338
p7_repo_default_s202_47a7c467c6e5,12,4,0,0.8137945016588506,0.6556119547638709
p7_repo_default_s202_47a7c467c6e5,12,5,0,0.5893849078905603,1.0121813072696761
p7_repo_default_s202_47a7c467c6e5,12,6,0,0.5672613117305796,1.0638637383837564
p7_repo_default_s202_47a7c467c6e5,12,7,0,0.7913262169497821,0.7053154103593642
p7_repo_default_s202_47a7c467c6e5,12,8,0,0.9866767429607741,0.18767299696214376
p7_repo_default_s202_47a7c467c6e5,12,9,0,0.9943827838564117,0.13302110380970253
p7_repo_default_s202_47a7c467c6e5,12,10,0,0.995063418071379,0.11980453766003316
p7_repo_default_s202_47a7c467c6e5,12,11,0,0.9966470395336479,0.1150391913195065
p7_repo_default_s202_47a7c467c6e5,12,12,0,0.9949398051977969,0.1398782241496211
p7_repo_default_s202_47a7c467c6e5,12,13,0,0.9962029090040145,0.12045207582167265
p7_repo_default_s202_47a7c467c6e5,12,14,0,0.9983078894838254,0.11080557328968534
p7_repo_default_s202_47a7c467c6e5,12,15,0,0.9980486360418719,0.10018095006302269
p7_repo_default_s202_47a7c467c6e5,12,16,0,0.9956996823423276,0.12764249185996196
p7_repo_default_s202_47a7c467c6e5,12,17,0,0.996661544680254,0.12159907771858386
p7_repo_default_s202_47a7c467c6e5,12,18,0,0.9984323013513606,0.09104636746672483
p7_repo_default_s202_47a7c467c6e5,12,19,0,0.9986886607135314,0.09379152570987213
p7_repo_default_s202_47a7c467c6e5,12,20,0,0.9984818446721843,0.09373533413890464
p7_repo_default_s202_47a7c467c6e5,12,21,0,0.9988070292800949,0.07576413670041539
p7_repo_default_s202_47a7c467c6e5,12,22,0,0.9968550322645943,0.1228126433965435
p7_repo_default_s202_47a7c467c6e5,12,23,0,0.9975619409237427,0.09611411137261062
p7_repo_default_s202_47a7c467c6e5,12,24,0,0.9976726986792671,0.08563588095979117
p7_repo_default_s202_47a7c467c6e5,12,25,0,0.9977037296094504,0.10081444971998264
p7_repo_default_s202_47a7c467c6e5,12,26,0,0.9981232045805567,0.09584684613753156
p7_repo_default_s202_47a7c467c6e5,12,27,0,0.9984322304511342,0.08721649493240424
p7_repo_default_s202_47a7c467c6e5,12,28,0,0.997376878387198,0.10001339181742973
p7_repo_default_s202_47a7c467c6e5,12,29,0,0.9958744345129087,0.11670070346178789
p7_repo_default_s202_47a7c467c6e5,12,30,0,0.9985872855014304,0.08309573853519613
p7_repo_default_s202_47a7c467c6e5,12,31,0,0.9982886591301243,0.08981477236874444
p7_repo_default_s202_47a7c467c6e5,12,32,0,0.9973778302089393,0.11230883067841115
p7_repo_default_s202_47a7c467c6e5,12,33,0,0.9985214657770208,0.09498066030080446
p7_repo_default_s202_47a7c467c6e5,12,34,0,0.9989141911881846,0.06012032253366777
p7_repo_default_s202_47a7c467c6e5,12,35,0,0.9989898780637476,0.0663697675143441
p7_repo_default_s202_47a7c467c6e5,12,36,0,0.9994269572093125,0.06436723571897456
p7_repo_default_s202_47a7c467c6e5,12,37,0,0.9977129866064859,0.08629994636870093
p7_repo_default_s202_47a7c467c6e5,12,38,0,0.9972067895661408,0.1030637792645711
p7_repo_default_s202_47a7c467c6e5,12,39,0,0.9989855579635778,0.0724761279107892
p7_repo_default_s202_47a7c467c6e5,12,40,0,0.9987483126009901,0.10134954621320473
p7_repo_default_s202_47a7c467c6e5,12,41,0,0.9984904904004327,0.09535969859826751
p7_repo_default_s202_47a7c467c6e5,12,42,0,0.9986583970051498,0.08979796173246508
p7_repo_default_s202_47a7c467c6e5,12,43,0,0.9990225036009308,0.07284550357445137
p7_repo_default_s202_47a7c467c6e5,12,44,0,0.998078128949547,0.08629252679743422
p7_repo_default_s202_47a7c467c6e5,12,45,0,0.9867831448053441,0.16490088569201425
p7_repo_default_s202_47a7c467c6e5,12,46,0,0.9766342202891956,0.21782707233782103
p7_repo_default_s202_47a7c467c6e5,12,47,0,0.9708379819759954,0.24269428532177834
p7_repo_default_s202_47a7c467c6e5,12,48,0,0.9730314205951274,0.2320666835250648
p7_repo_default_s202_47a7c467c6e5,12,49,0,0.9803333125268241,0.1985047850106577
p7_repo_default_s202_47a7c467c6e5,16,0,0,0.09439317167360514,1.5605255200196737
p7_repo_default_s202_47a7c467c6e5,16,1,0,0.14664803000785767,1.7258064505656068
p7_repo_default_s202_47a7c467c6e5,16,2,0,0.2597798457418146,1.4292431239211807
p7_repo_default_s202_47a7c467c6e5,16,3,0,0.5964584391018372,0.9851169121005637
p7_repo_default_s202_47a7c467c6e5,16,4,0,0.9743375958866415,0.23776509673971238
p7_repo_default_s202_47a7c467c6e5,16,5,0,0.9902025737006869,0.14281015520917764
p7_repo_default_s202_47a7c467c6e5,16,6,0,0.9869029937100516,0.16137736677977083
p7_repo_default_s202_47a7c467c6e5,16,7,0,0.9948610015228436,0.11188425100963037
p7_repo_default_s202_47a7c467c6e5,16,8,0,0.9935407756097258,0.1271868937205777
p7_repo_default_s202_47a7c467c6e5,16,9,0,0.994493081615208,0.1163652304771338
p7_repo_default_s202_47a7c467c6e5,16,10,0,0.9959338145357086,0.09020996260788533
p7_repo_default_s202_47a7c467c6e5,16,11,0,0.9972521269580578,0.07859005352680222
p7_repo_default_s202_47a7c467c6e5,16,12,0,0.9957555424194294,0.10734355714478314
p7_repo_default_s202_47a7c467c6e5,16,13,0,0.9966063060212321,0.10305915364844327
p7_repo_default_s202_47a7c467c6e5,16,14,0,0.998348678016456,0.07587603477966884
p7_repo_default_s202_47a7c467c6e5,16,15,0,0.9983160660195537,0.07587757417362598
p7_repo_default_s202_47a7c467c6e5,16,16,0,0.9983203415271699,0.07503714575727166
p7_repo_default_s202_47a7c467c6e5,16,17,0,0.9983494085620007,0.06523286481874842
p7_repo_default_s202_47a7c467c6e5,16,18,0,0.9939207675690912,0.12764003710425503
p7_repo_default_s202_47a7c467c6e5,16,19,0,0.996667390476292,0.09496254965118155
p7_repo_default_s202_47a7c467c6e5,16,20,0,0.9978679793369687,0.07559152256776627
p7_repo_default_s202_47a7c467c6e5,16,21,0,0.9976485446473837,0.07935236162158894
p7_repo_default_s202_47a7c467c6e5,16,22,0,0.998553062545795,0.07287226565804493
p7_repo_default_s202_47a7c467c6e5,16,23,0,0.9984489580902869,0.06487215279829772
p7_repo_default_s202_47a7c467c6e5,16,24,0,0.9985418893618931,0.07009662825023316
p7_repo_default_s202_47a7c467c6e5,16,25,0,0.997382524401932,0.08737918968311079
p7_repo_default_s202_47a7c467c6e5,16,26,0,0.9989993801804107,0.06276036884616522
p7_repo_default_s202_47a7c467c6e5,16,27,0,0.9987098635883024,0.06639042938299872
p7_repo_default_s202_47a7c467c6e5,16,28,0,0.9979870886258219,0.0823672706473637
p7_repo_default_s202_47a7c467c6e5,16,29,0,0.9979642358254561,0.0722720008782182
p7_repo_default_s202_47a7c467c6e5,16,30,0,0.999180031066682,0.04643171361574642
p7_repo_default_s202_47a7c467c6e5,16,31,0,0.998742889894068,0.057074745636738394
p7_repo_default_s202_47a7c467c6e5,16,32,0,0.999520422786066,0.04471853359468268
p7_repo_default_s202_47a7c467c6e5,16,33,0,0.9982630786137089,0.06790691789050571
p7_repo_default_s202_47a7c467c6e5,16,34,0,0.9982125607126281,0.07539689258226212
p7_repo_default_s202_47a7c467c6e5,16,35,0,0.999213115465038,0.05292959560985463
p7_repo_default_s202_47a7c467c6e5,16,36,0,0.9990728042528508,0.07712536832189931
p7_repo_default_s202_47a7c467c6e5,16,37,0,0.9987381106137142,0.06871077356515574
p7_repo_default_s202_47a7c467c6e5,16,38,0,0.9990846768336014,0.0673370065080611
p7_repo_default_s202_47a7c467c6e5,16,39,0,0.999308801428234,0.05572948811832406
p7_repo_default_s202_47a7c467c6e5,16,40,0,0.9988434589377188,0.061378208060196844
p7_repo_default_s202_47a7c467c6e5,16,41,0,0.9910965316120135,0.13376591506251187
p7_repo_default_s202_47a7c467c6e5,16,42,0,0.9840990742841302,0.1784746887207399
p7_repo_default_s202_47a7c467c6e5,16,43,0,0.9796527553260987,0.20173626515930104
p7_repo_default_s202_47a7c467c6e5,16,44,0,0.9811788576642299,0.19344335102505936
p7_repo_default_s202_47a7c467c6e5,16,45,0,0.986693321585781,0.16296182082953456
p7_repo_default_s202_47a7c467c6e5,24,0,0,0.06596630907180484,1.345278378491302
p7_repo_default_s202_47a7c467c6e5,24,1,0,0.6737127500930432,0.8484214481653415
p7_repo_default_s202_47a7c467c6e5,24,2,0,0.9431561399721181,0.3331171135003169
p7_repo_default_s202_47a7c467c6e5,24,3,0,0.9671484062928217,0.2594792960029551
p7_repo_default_s202_47a7c467c6e5,24,4,0,0.9776105372845377,0.21978037711787063
p7_repo_default_s202_47a7c467c6e5,24,5,0,0.9871174360933587,0.16733919876670553
p7_repo_default_s202_47a7c467c6e5,24,6,0,0.995564447521671,0.10368134026043893
p7_repo_default_s202_47a7c467c6e5,24,7,0,0.9949183637619857,0.10451245961918847
p7_repo_default_s202_47a7c467c6e5,24,8,0,0.9938099517123921,0.11780195030461345
p7_repo_default_s202_47a7c467c6e5,24,9,0,0.9958189289943276,0.09836465970420308
p7_repo_default_s202_47a7c467c6e5,24,10,0,0.995038294562823,0.10961486332871907
p7_repo_default_s202_47a7c467c6e5,24,11,0,0.9915299715249396,0.13378582561739427
p7_repo_default_s202_47a7c467c6e5,24,12,0,0.9869314957877751,0.1614578656845863
p7_repo_default_s202_47a7c467c6e5,24,13,0,0.991474836879454,0.13228192533392652
p7_repo_default_s202_47a7c467c6e5,24,14,0,0.9976444835206147,0.08408216870817453
p7_repo_default_s202_47a7c467c6e5,24,15,0,0.9964169774235262,0.09597665750997801
p7_repo_default_s202_47a7c467c6e5,24,16,0,0.9969783817926031,0.10185128776219436
p7_repo_default_s202_47a7c467c6e5,24,17,0,0.9948176678309202,0.11877838667558778
p7_repo_default_s202_47a7c467c6e5,24,18,0,0.9979352264124612,0.08085732608009685
p7_repo_default_s202_47a7c467c6e5,24,19,0,0.9973594637267862,0.09123310262103713
p7_repo_default_s202_47a7c467c6e5,24,20,0,0.9969776119392079,0.11205897323079816
p7_repo_default_s202_47a7c467c6e5,24,21,0,0.9982395368647263,0.08858409341938138
p7_repo_default_s202_47a7c467c6e5,24,22,0,0.9987136372045827,0.06189458593854466
p7_repo_default_s202_47a7c467c6e5,24,23,0,0.9978183942531608,0.07764553746921221
p7_repo_default_s202_47a7c467c6e5,24,24,0,0.9990659272936361,0.06323363830239721
p7_repo_default_s202_47a7c467c6e5,24,25,0,0.9968326200826195,0.09782331034147498
p7_repo_default_s202_47a7c467c6e5,24,26,0,0.996045024784223,0.11282783939628332
p7_repo_default_s202_47a7c467c6e5,24,27,0,0.9986502900105657,0.07214865978234941
p7_repo_default_s202_47a7c467c6e5,24,28,0,0.9984511274990873,0.08918064775781859
p7_repo_default_s202_47a7c467c6e5,24,29,0,0.9977621243851772,0.08942011267541572
p7_repo_default_s202_47a7c467c6e5,24,30,0,0.9983368114383042,0.08919743935649553
p7_repo_default_s202_47a7c467c6e5,24,31,0,0.9987956032671359,0.07006766519275757
p7_repo_default_s202_47a7c467c6e5,24,32,0,0.9983152268480435,0.06475505340765307
p7_repo_default_s202_47a7c467c6e5,24,33,0,0.9827776776416927,0.18479489728901272
p7_repo_default_s202_47a7c467c6e5,24,34,0,0.9716988985147368,0.23632388548859046
p7_repo_default_s202_47a7c467c6e5,24,35,0,0.9675307608059243,0.25358329225822024
p7_repo_default_s202_47a7c467c6e5,24,36,0,0.9776269650129409,0.21046128222213567
p7_repo_default_s202_47a7c467c6e5,24,37,0,0.9869347261606212,0.1611687934932082
p7_repo_default_s202_47a7c467c6e5,32,0,0,0.5108609949542019,0.8940474853036775
p7_repo_default_s202_47a7c467c6e5,32,1,0,0.7882981331310492,0.6690457168051511
p7_repo_default_s202_47a7c467c6e5,32,2,0,0.8543374336359266,0.5648445373421979
p7_repo_default_s202_47a7c467c6e5,32,3,0,0.7676414741755225,0.7216266307820691
p7_repo_default_s202_47a7c467c6e5,32,4,0,0.8665481247410018,0.5107018166229527
p7_repo_default_s202_47a7c467c6e5,32,5,0,0.9521059379258953,0.30634540466318616
p7_repo_default_s202_47a7c467c6e5,32,6,0,0.9869811053860857,0.1656886375175744
p7_repo_default_s202_47a7c467c6e5,32,7,0,0.9857671845882108,0.17019087216677553
p7_repo_default_s202_47a7c467c6e5,32,8,0,0.9905928147528744,0.15156591180147883
p7_repo_default_s202_47a7c467c6e5,32,9,0,0.9897063846662438,0.15584261380377698
p7_repo_default_s202_47a7c467c6e5,32,10,0,0.9942546219894272,0.1227331140710086
p7_repo_default_s202_47a7c467c6e5,32,11,0,0.9928545828771137,0.12927096136775854
p7_repo_default_s202_47a7c467c6e5,32,12,0,0.9920190649360302,0.15283917781373052
p7_repo_default_s202_47a7c467c6e5,32,13,0,0.9946619914213872,0.11721369713158614
p7_repo_default_s202_47a7c467c6e5,32,14,0,0.9954081316545116,0.10224923692685907
p7_repo_default_s202_47a7c467c6e5,32,15,0,0.9956846656396577,0.10103518425997246
p7_repo_default_s202_47a7c467c6e5,32,16,0,0.9978691857976528,0.07792087880441517
p7_repo_default_s202_47a7c467c6e5,32,17,0,0.9959411159178524,0.10331717985662678
p7_repo_default_s202_47a7c467c6e5,32,18,0,0.9948227105296906,0.12157893937291696
p7_repo_default_s202_47a7c467c6e5,32,19,0,0.9971794618283534,0.08888238106353671
p7_repo_default_s202_47a7c467c6e5,32,20,0,0.9971834108047167,0.10670000203630435
p7_repo_default_s202_47a7c467c6e5,32,21,0,0.9965678277431688,0.10533207593134777
p7_repo_default_s202_47a7c467c6e5,32,22,0,0.9970708472949308,0.10382589494045452
p7_repo_default_s202_47a7c467c6e5,32,23,0,0.998445018088676,0.07703926685317847
p7_repo_default_s202_47a7c467c6e5,32,24,0,0.997753519977504,0.07399878976149009
p7_repo_default_s202_47a7c467c6e5,32,25,0,0.9826716599524261,0.1853965424251436
p7_repo_default_s202_47a7c467c6e5,32,26,0,0.973373401558761,0.22923359256419842
p7_repo_default_s202_47a7c467c6e5,32,27,0,0.9687404909357852,0.24858512571855537
p7_repo_default_s202_47a7c467c6e5,32,28,0,0.9780178805590739,0.20856681885618475
p7_repo_default_s202_47a7c467c6e5,32,29,0,0.986205927910899,0.16552521616982901
p6_repo_default_s202_918b9a87b276,4,0,0,0.14883360599085788,1.1323250353946415
p6_repo_default_s202_918b9a87b276,4,1,0,0.4321818242395828,1.1965686066429926
p6_repo_default_s202_918b9a87b276,4,2,0,0.9393674399337014,0.3747129995103347
p6_repo_default_s202_918b9a87b276,4,3,0,0.9809979623738763,0.20167092450500876
p6_repo_default_s202_918b9a87b276,4,4,0,0.9902907306238544,0.14973777790354342
p6_repo_default_s202_918b9a87b276,4,5,0,0.9940646438078764,0.12236367468158975
p6_repo_default_s202_918b9a87b276,4,6,0,0.9969837027680772,0.08541953671633253
p6_repo_default_s202_918b9a87b276,4,7,0,0.9977513996329865,0.07669052676241273
p6_repo_default_s202_918b9a87b276,4,8,0,0.998460416642263,0.08307768179372427
p6_repo_default_s202_918b9a87b276,4,9,0,0.9984460230811062,0.08025038228889612
p6_repo_default_s202_918b9a87b276,4,10,0,0.998851230772295,0.06613700572425106
p6_repo_default_s202_918b9a87b276,4,11,0,0.9992648116416408,0.05954229754412357
p6_repo_default_s202_918b9a87b276,4,12,0,0.9990054000075019,0.07221102819193649
p6_repo_default_s202_918b9a87b276,4,13,0,0.9994618533625984,0.05220127251394082
p6_repo_default_s202_918b9a87b276,4,14,0,0.9986944787463744,0.08839220246531523
p6_repo_default_s202_918b9a87b276,4,15,0,0.9985667667196632,0.08853603868234271
p6_repo_default_s202_918b9a87b276,4,16,0,0.9983785569155432,0.08090355711845082
p6_repo_default_s202_918b9a87b276,4,17,0,0.9991021872907513,0.06926223576554326
p6_repo_default_s202_918b9a87b276,4,18,0,0.999428495632181,0.05678846656472399
p6_repo_default_s202_918b9a87b276,4,19,0,0.9996264859885758,0.04649886137752659
p6_repo_default_s202_918b9a87b276,4,20,0,0.9992052524441293,0.06123988551943925
p6_repo_default_s202_918b9a87b276,4,21,0,0.9986367939289609,0.08492688363421959
p6_repo_default_s202_918b9a87b276,4,22,0,0.9989996827216227,0.06389535826818481
p6_repo_default_s202_918b9a87b276,4,23,0,0.9992439841209917,0.06232573072380957
p6_repo_default_s202_918b9a87b276,4,24,0,0.9979314385250693,0.0869153712909547
p6_repo_default_s202_918b9a87b276,4,25,0,0.998887401399971,0.06827837154987237
p6_repo_default_s202_918b9a87b276,4,26,0,0.9989889317674406,0.07424020126722698
p6_repo_default_s202_918b9a87b276,4,27,0,0.9987055131377309,0.07681559463325291
p6_repo_default_s202_918b9a87b276,4,28,0,0.9987365033524758,0.06231841278684094
p6_repo_default_s202_918b9a87b276,4,29,0,0.9993494173686377,0.05796228050177653
p6_repo_default_s202_918b9a87b276,4,30,0,0.9995961042881691,0.03935310468905172
p6_repo_default_s202_918b9a87b276,4,31,0,0.9993402399295808,0.0497270415526783
p6_repo_default_s202_918b9a87b276,4,32,0,0.9989869634134906,0.05368634314739052
p6_repo_default_s202_918b9a87b276,4,33,0,0.9993223689755785,0.05502437639335759
p6_repo_default_s202_918b9a87b276,4,34,0,0.9995677628059201,0.05046784386658895
p6_repo_default_s202_918b9a87b276,4,35,0,0.9994099894676288,0.0593151605297856
p6_repo_default_s202_918b9a87b276,4,36,0,0.9993727672180275,0.0524344510990441
p6_repo_default_s202_918b9a87b276,4,37,0,0.9997433536981354,0.04130565369626241
p6_repo_default_s202_918b9a87b276,4,38,0,0.9992154056706813,0.055735915821963314
p6_repo_default_s202_918b9a87b276,4,39,0,0.9992019207400444,0.05072843091588563
p6_repo_default_s202_918b9a87b276,4,40,0,0.9995447605222194,0.04940546276567578
p6_repo_default_s202_918b9a87b276,4,41,0,0.999392746970167,0.055547166613121375
p6_repo_default_s202_918b9a87b276,4,42,0,0.9994318724408314,0.06139392372678472
p6_repo_default_s202_918b9a87b276,4,43,0,0.9995286475153227,0.0543561880675136
p6_repo_default_s202_918b9a87b276,4,44,0,0.9994965404147231,0.04776303026196083
p6_repo_default_s202_918b9a87b276,4,45,0,0.9988576401679276,0.06224079540924243
p6_repo_default_s202_918b9a87b276,4,46,0,0.9991774132093185,0.058752720383904486
p6_repo_default_s202_918b9a87b276,4,47,0,0.9994454205864428,0.056426085127060835
p6_repo_default_s202_918b9a87b276,4,48,0,0.9992871477589977,0.0660607486286609
p6_repo_default_s202_918b9a87b276,4,49,0,0.9994035241691535,0.05653796076410804
p6_repo_default_s202_918b9a87b276,4,50,0,0.9994553419404231,0.04943342413702814
p6_repo_default_s202_918b9a87b276,4,51,0,0.9991236113191975,0.052310796856078735
p6_repo_default_s202_918b9a87b276,4,52,0,0.9950111612363804,0.10970010050400641
p6_repo_default_s202_918b9a87b276,4,53,0,0.9859267259275304,0.19094348788647908
p6_repo_default_s202_918b9a87b276,4,54,0,0.9866766367896499,0.17228690042384162
p6_repo_default_s202_918b9a87b276,4,55,0,0.9839571055706735,0.18878122861888189
p6_repo_default_s202_918b9a87b276,4,56,0,0.9929187339312817,0.1363136314263057
p6_repo_default_s202_918b9a87b276,8,0,0,0.20783886111574695,1.2662386126966172
p6_repo_default_s202_918b9a87b276,8,1,0,0.4729914525253516,1.2921201741580213
p6_repo_default_s202_918b9a87b276,8,2,0,0.8722002802457801,0.5342982859884102
p6_repo_default_s202_918b9a87b276,8,3,0,0.9264365755926426,0.3886931567433131
p6_repo_default_s202_918b9a87b276,8,4,0,0.981805824214338,0.2047099640477537
p6_repo_default_s202_918b9a87b276,8,5,0,0.9911749100112318,0.143594529944205
p6_repo_default_s202_918b9a87b276,8,6,0,0.9938915187752797,0.12207795710668204
p6_repo_default_s202_918b9a87b276,8,7,0,0.9963843332613048,0.10810034272850899
p6_repo_default_s202_918b9a87b276,8,8,0,0.9938707008709448,0.13493019691407807
p6_repo_default_s202_918b9a87b276,8,9,0,0.9979245416616609,0.0912679205199082
p6_repo_default_s202_918b9a87b276,8,10,0,0.9968774135948977,0.1189243521881415
p6_repo_default_s202_918b9a87b276,8,11,0,0.9973186771010409,0.12046609861585722
p6_repo_default_s202_918b9a87b276,8,12,0,0.9970538760571889,0.10481183170287386
p6_repo_default_s202_918b9a87b276,8,13,0,0.9982152262720101,0.08213971998251372
p6_repo_default_s202_918b9a87b276,8,14,0,0.9983101317980565,0.0815272363776746
p6_repo_default_s202_918b9a87b276,8,15,0,0.9987900928639264,0.07000937503949747
p6_repo_default_s202_918b9a87b276,8,16,0,0.9983402071913483,0.08034861560081993
p6_repo_default_s202_918b9a87b276,8,17,0,0.996864481072721,0.1143565377610595
p6_repo_default_s202_918b9a87b276,8,18,0,0.9926005230861946,0.13943450861512868
p6_repo_default_s202_918b9a87b276,8,19,0,0.99825331355148,0.07896924982999512
p6_repo_default_s202_918b9a87b276,8,20,0,0.9973669094837803,0.10082808519346013
p6_repo_default_s202_918b9a87b276,8,21,0,0.9979720287254346,0.09542044571493347
p6_repo_default_s202_918b9a87b276,8,22,0,0.9986023946159067,0.09171801801408148
p6_repo_default_s202_918b9a87b276,8,23,0,0.9975231422362473,0.10024962996821253
p6_repo_default_s202_918b9a87b276,8,24,0,0.9980813497190046,0.0805849096988072
p6_repo_default_s202_918b9a87b276,8,25,0,0.9987819720896018,0.07184455682330723
p6_repo_default_s202_918b9a87b276,8,26,0,0.9985000096148897,0.06429970728502225
p6_repo_default_s202_918b9a87b276,8,27,0,0.9990059224945813,0.05816472503653579
p6_repo_default_s202_918b9a87b276,8,28,0,0.9964678250792827,0.09328687422616773
p6_repo_default_s202_918b9a87b276,8,29,0,0.998587495577882,0.06967043303554067
p6_repo_default_s202_918b9a87b276,8,30,0,0.9993025324463297,0.06382608355977415
p6_repo_default_s202_918b9a87b276,8,31,0,0.9988235632045468,0.08324973744527511
p6_repo_default_s202_918b9a87b276,8,32,0,0.9989052226702584,0.06711512460658932
p6_repo_default_s202_918b9a87b276,8,33,0,0.9995983470360769,0.06001266537862875
p6_repo_default_s202_918b9a87b276,8,34,0,0.9982043997912864,0.07814171103898873
p6_repo_default_s202_918b9a87b276,8,35,0,0.9984035967175854,0.07495475991561903
p6_repo_default_s202_918b9a87b276,8,36,0,0.9991887341271785,0.06890732262228003
p6_repo_default_s202_918b9a87b276,8,37,0,0.9987956269691611,0.07214632493759712
p6_repo_default_s202_918b9a87b276,8,38,0,0.9990236115708906,0.07407598170432922
p6_repo_default_s202_918b9a87b276,8,39,0,0.9990190103115356,0.0757209266549627
p6_repo_default_s202_918b9a87b276,8,40,0,0.9989483273543822,0.0673980076509306
p6_repo_default_s202_918b9a87b276,8,41,0,0.9978044334219328,0.08298195298258541
p6_repo_default_s202_918b9a87b276,8,42,0,0.9985701315151331,0.07619252598554833
p6_repo_default_s202_918b9a87b276,8,43,0,0.9989755130664683,0.07141811895057383
p6_repo_default_s202_918b9a87b276,8,44,0,0.9984833082415544,0.0884362725200268
p6_repo_default_s202_918b9a87b276,8,45,0,0.9987841074102304,0.07200088500857889
p6_repo_default_s202_918b9a87b276,8,46,0,0.9990179974109091,0.06354490983007137
p6_repo_default_s202_918b9a87b276,8,47,0,0.9983205904252983,0.07240456810305287
p6_repo_default_s202_918b9a87b276,8,48,0,0.9908022827364765,0.15061481438530697
p6_repo_default_s202_918b9a87b276,8,49,0,0.9740301439372702,0.27005111475549604
p6_repo_default_s202_918b9a87b276,8,50,0,0.9735619633251906,0.24567388513199873
p6_repo_default_s202_918b9a87b276,8,51,0,0.9726695316474533,0.2461458324488091
p6_repo_default_s202_918b9a87b276,8,52,0,0.9874411406197187,0.1762709132355472
p6_repo_default_s202_918b9a87b276,12,0,0,0.46385430309674003,0.9374960415037443
p6_repo_default_s202_918b9a87b276,12,1,0,0.6982633679698542,0.7879319136914322
p6_repo_default_s202_918b9a87b276,12,2,0,0.8775214710161636,0.5106815012075333
p6_repo_default_s202_918b9a87b276,12,3,0,0.9565005816039842,0.30893042401729537
p6_repo_default_s202_918b9a87b276,12,4,0,0.9766627022209428,0.2448874667415962
p6_repo_default_s202_918b9a87b276,12,5,0,0.9894868610570621,0.16236076281084777
p6_repo_default_s202_918b9a87b276,12,6,0,0.9919726711969216,0.15439787156662135
p6_repo_default_s202_918b9a87b276,12,7,0,0.9952804299960128,0.13297256343273786
p6_repo_default_s202_918b9a87b276,12,8,0,0.9954632878388882,0.10827097147250553
p6_repo_default_s202_918b9a87b276,12,9,0,0.99693266226208,0.09145866884814854
p6_repo_default_s202_918b9a87b276,12,10,0,0.9981248494916348,0.08119349099468859
p6_repo_default_s202_918b9a87b276,12,11,0,0.9983533091909094,0.07366592720524638
p6_repo_default_s202_918b9a87b276,12,12,0,0.9973088902632524,0.08987285248150882
p6_repo_default_s202_918b9a87b276,12,13,0,0.9958325615456135,0.12170810109940071
p6_repo_default_s202_918b9a87b276,12,14,0,0.9626327644284169,0.30621590605913296
p6_repo_default_s202_918b9a87b276,12,15,0,0.9967466347694979,0.09426720197003048
p6_repo_default_s202_918b9a87b276,12,16,0,0.9973835728981466,0.09848331595479887
p6_repo_default_s202_918b9a87b276,12,17,0,0.9977579570743366,0.09647493839497927
p6_repo_default_s202_918b9a87b276,12,18,0,0.9978500473125828,0.09335231264750558
p6_repo_default_s202_918b9a87b276,12,19,0,0.9959172314612098,0.10882400609910821
p6_repo_default_s202_918b9a87b276,12,20,0,0.9975439771589651,0.08510369353715581
p6_repo_default_s202_918b9a87b276,12,21,0,0.9982382936873352,0.07764187910290263
p6_repo_default_s202_918b9a87b276,12,22,0,0.9977341040967511,0.07355909414136301
p6_repo_default_s202_918b9a87b276,12,23,0,0.9987068728149784,0.060292284685582315
p6_repo_default_s202_918b9a87b276,12,24,0,0.9954638448200906,0.09898282199763342
p6_repo_default_s202_918b9a87b276,12,25,0,0.9983840281835057,0.07811209789515776
p6_repo_default_s202_918b9a87b276,12,26,0,0.9990737832302283,0.06748271143936281
p6_repo_default_s202_918b9a87b276,12,27,0,0.9986289660237373,0.08923061062018547
p6_repo_default_s202_918b9a87b276,12,28,0,0.9984867320657486,0.07107287977904049
p6_repo_default_s202_918b9a87b276,12,29,0,0.9993686029677954,0.0488399152081985
p6_repo_default_s202_918b9a87b276,12,30,0,0.9979354066391891,0.07540337389897656
p6_repo_default_s202_918b9a87b276,12,31,0,0.9981024849662997,0.07705254407745957
p6_repo_default_s202_918b9a87b276,12,32,0,0.9990610165549396,0.06540942261057994
p6_repo_default_s202_918b9a87b276,12,33,0,0.9981010361003215,0.07879283018542318
p6_repo_default_s202_918b9a87b276,12,34,0,0.9984519230959091,0.08441663778280568
p6_repo_default_s202_918b9a87b276,12,35,0,0.9987286517308184,0.07878042008615159
p6_repo_default_s202_918b9a87b276,12,36,0,0.9988644321643448,0.07017635669854135
p6_repo_default_s202_918b9a87b276,12,37,0,0.9977604007077748,0.08186332860258219
p6_repo_default_s202_918b9a87b276,12,38,0,0.9983479256014675,0.078618298289411
p6_repo_default_s202_918b9a87b276,12,39,0,0.9987360301683822,0.07459942316294778
p6_repo_default_s202_918b9a87b276,12,40,0,0.998377307847539,0.08668321798834341
p6_repo_default_s202_918b9a87b276,12,41,0,0.9982438708215665,0.08106008156257868
p6_repo_default_s202_918b9a87b276,12,42,0,0.9986737820002102,0.0698640343622034
p6_repo_default_s202_918b9a87b276,12,43,0,0.997962417443444,0.07683519777973538
p6_repo_default_s202_918b9a87b276,12,44,0,0.9911236908541596,0.14932545668639471
p6_repo_default_s202_918b9a87b276,12,45,0,0.9744020944252514,0.2649168126578384
p6_repo_default_s202_918b9a87b276,12,46,0,0.9725847072455767,0.2464226502582214
p6_repo_default_s202_918b9a87b276,12,47,0,0.9715901516851041,0.24865810103364708
p6_repo_default_s202_918b9a87b276,12,48,0,0.988135964019389,0.169305429157776
p6_repo_default_s202_918b9a87b276,16,0,0,0.36460126516907193,1.1002359830319008
p6_repo_default_s202_918b9a87b276,16,1,0,0.5875513869262663,0.8752210219285097
p6_repo_default_s202_918b9a87b276,16,2,0,0.8995206677533732,0.4634989758099266
p6_repo_default_s202_918b9a87b276,16,3,0,0.9543065049890783,0.3243793964218331
p6_repo_default_s202_918b9a87b276,16,4,0,0.9660086099627216,0.26455380895325564
p6_repo_default_s202_918b9a87b276,16,5,0,0.9851103891234951,0.18658393533141626
p6_repo_default_s202_918b9a87b276,16,6,0,0.987494741102311,0.17629820187386133
p6_repo_default_s202_918b9a87b276,16,7,0,0.9923912977206051,0.13361735956760326
p6_repo_default_s202_918b9a87b276,16,8,0,0.9924089355598866,0.1334907958116844
p6_repo_default_s202_918b9a87b276,16,9,0,0.9914908729167504,0.15839755522184626
p6_repo_default_s202_918b9a87b276,16,10,0,0.9376148547092314,0.3954920975441212
p6_repo_default_s202_918b9a87b276,16,11,0,0.9935086078987347,0.1282753780713466
p6_repo_default_s202_918b9a87b276,16,12,0,0.9965268171215523,0.10294083093285687
p6_repo_default_s202_918b9a87b276,16,13,0,0.9963274518939034,0.1070164151535344
p6_repo_default_s202_918b9a87b276,16,14,0,0.9957517672871865,0.11343077931252973
p6_repo_default_s202_918b9a87b276,16,15,0,0.9931616065794348,0.13390991833993146
p6_repo_default_s202_918b9a87b276,16,16,0,0.9961169541697019,0.10031426011106918
p6_repo_default_s202_918b9a87b276,16,17,0,0.9976016794118756,0.08482908252625002
p6_repo_default_s202_918b9a87b276,16,18,0,0.9984455404302803,0.06485952256256958
p6_repo_default_s202_918b9a87b276,16,19,0,0.9982023177394496,0.0673274461963101
p6_repo_default_s202_918b9a87b276,16,20,0,0.9947318827364516,0.10826060587526809
p6_repo_default_s202_918b9a87b276,16,21,0,0.9978618516194042,0.08965689250716091
p6_repo_default_s202_918b9a87b276,16,22,0,0.9986722339891638,0.07519723303561174
p6_repo_default_s202_918b9a87b276,16,23,0,0.9981410311547093,0.09618507058491126
p6_repo_default_s202_918b9a87b276,16,24,0,0.9984192682587576,0.07274170302793508
p6_repo_default_s202_918b9a87b276,16,25,0,0.9993826357394475,0.05637938756861387
p6_repo_default_s202_918b9a87b276,16,26,0,0.9976287601302062,0.08010316453836774
p6_repo_default_s202_918b9a87b276,16,27,0,0.9977093001242572,0.08308472778417657
p6_repo_default_s202_918b9a87b276,16,28,0,0.9985696663622642,0.07426197253820707
p6_repo_default_s202_918b9a87b276,16,29,0,0.9978580676850684,0.08620741547963989
p6_repo_default_s202_918b9a87b276,16,30,0,0.9979984995466545,0.09792406634597835
p6_repo_default_s202_918b9a87b276,16,31,0,0.9984283793792567,0.0921335477848495
p6_repo_default_s202_918b9a87b276,16,32,0,0.9985863891524479,0.07914631405799794
p6_repo_default_s202_918b9a87b276,16,33,0,0.9968265436430938,0.09392218509087182
p6_repo_default_s202_918b9a87b276,16,34,0,0.9979239469088483,0.08537940150911132
p6_repo_default_s202_918b9a87b276,16,35,0,0.9985055386370697,0.08001798369228555
p6_repo_default_s202_918b9a87b276,16,36,0,0.9978449534944219,0.09754402973508142
p6_repo_default_s202_918b9a87b276,16,37,0,0.9974771552687879,0.0907920237302169
p6_repo_default_s202_918b9a87b276,16,38,0,0.9985962021419997,0.07108747746174181
p6_repo_default_s202_918b9a87b276,16,39,0,0.9975208641923281,0.08606254443775811
p6_repo_default_s202_918b9a87b276,16,40,0,0.9905736743417087,0.15619807515943993
p6_repo_default_s202_918b9a87b276,16,41,0,0.9733472098106176,0.26879562763191744
p6_repo_default_s202_918b9a87b276,16,42,0,0.9724057071462894,0.24654801249829025
p6_repo_default_s202_918b9a87b276,16,43,0,0.9705449358345265,0.25324034974551307
p6_repo_default_s202_918b9a87b276,16,44,0,0.988480248898794,0.16697485820593297
p6_repo_default_s202_918b9a87b276,24,0,0,0.5142422812747361,0.8849740071726793
p6_repo_default_s202_918b9a87b276,24,1,0,0.6666836650939983,0.8977531241978539
p6_repo_default_s202_918b9a87b276,24,2,0,0.7691425012574433,0.7844954940226289
p6_repo_default_s202_918b9a87b276,24,3,0,0.9262454128236763,0.4037544583950438
p6_repo_default_s202_918b9a87b276,24,4,0,0.962096835450448,0.28609980069438673
p6_repo_default_s202_918b9a87b276,24,5,0,0.986312137345197,0.17925532703812366
p6_repo_default_s202_918b9a87b276,24,6,0,0.9896529270099694,0.15815144636235812
p6_repo_default_s202_918b9a87b276,24,7,0,0.9857344471756185,0.1836808214177253
p6_repo_default_s202_918b9a87b276,24,8,0,0.9926309452532719,0.1277983506970555
p6_repo_default_s202_918b9a87b276,24,9,0,0.9943515781058899,0.1203101815919625
p6_repo_default_s202_918b9a87b276,24,10,0,0.9955970572829842,0.10088523454775952
p6_repo_default_s202_918b9a87b276,24,11,0,0.9889109582846336,0.15636781028775376
p6_repo_default_s202_918b9a87b276,24,12,0,0.9736658805907181,0.23397393395573332
p6_repo_default_s202_918b9a87b276,24,13,0,0.9944039064265596,0.12048620679756543
p6_repo_default_s202_918b9a87b276,24,14,0,0.9974531326281173,0.09045470853621179
p6_repo_default_s202_918b9a87b276,24,15,0,0.9975982471674522,0.09573238212942047
p6_repo_default_s202_918b9a87b276,24,16,0,0.9977763169432486,0.08049406266112345
p6_repo_default_s202_918b9a87b276,24,17,0,0.9990487769254971,0.06455105237574309
p6_repo_default_s202_918b9a87b276,24,18,0,0.9976576497914418,0.08125283973971627
p6_repo_default_s202_918b9a87b276,24,19,0,0.997773810380149,0.08163076132379778
p6_repo_default_s202_918b9a87b276,24,20,0,0.9984730045109933,0.08047379257698445
p6_repo_default_s202_918b9a87b276,24,21,0,0.99713865135295,0.09324665593296373
p6_repo_default_s202_918b9a87b276,24,22,0,0.9980521404404452,0.09377067382315578
p6_repo_default_s202_918b9a87b276,24,23,0,0.9979542870463414,0.09459593994304301
p6_repo_default_s202_918b9a87b276,24,24,0,0.9975273232770889,0.09369866281424791
p6_repo_default_s202_918b9a87b276,24,25,0,0.9965762366952977,0.10183079836380911
p6_repo_default_s202_918b9a87b276,24,26,0,0.9980148503807952,0.0773316133940305
p6_repo_default_s202_918b9a87b276,24,27,0,0.9985877723523718,0.07686215428967998
p6_repo_default_s202_918b9a87b276,24,28,0,0.997401261850288,0.10025705984966937
p6_repo_default_s202_918b9a87b276,24,29,0,0.9973354308020269,0.08880426828709767
p6_repo_default_s202_918b9a87b276,24,30,0,0.9982824747770693,0.07479064424425763
p6_repo_default_s202_918b9a87b276,24,31,0,0.9970997863009821,0.0899331971231728
p6_repo_default_s202_918b9a87b276,24,32,0,0.9917162084645319,0.14933705450767332
p6_repo_default_s202_918b9a87b276,24,33,0,0.9751447597623336,0.2603397511839955
p6_repo_default_s202_918b9a87b276,24,34,0,0.974624079716963,0.2384558909862407
p6_repo_default_s202_918b9a87b276,24,35,0,0.9720831176942581,0.2460033002240118
p6_repo_default_s202_918b9a87b276,24,36,0,0.9896730397931858,0.15588657056155628
p6_repo_default_s202_918b9a87b276,32,0,0,0.3750264485384098,1.1168397689712766
p6_repo_default_s202_918b9a87b276,32,1,0,0.6361143906336181,0.8661398570230421
p6_repo_default_s202_918b9a87b276,32,2,0,0.8939118578778842,0.45527471611451537
p6_repo_default_s202_918b9a87b276,32,3,0,0.933012616511813,0.36763744500459083
p6_repo_default_s202_918b9a87b276,32,4,0,0.9082220131571068,0.42146002816946254
p6_repo_default_s202_918b9a87b276,32,5,0,0.9725251813290999,0.23818249802923144
p6_repo_default_s202_918b9a87b276,32,6,0,0.9850137629531446,0.17506706955375784
p6_repo_default_s202_918b9a87b276,32,7,0,0.9911527019768699,0.13696051043681123
p6_repo_default_s202_918b9a87b276,32,8,0,0.9941460531935082,0.11018035579940988
p6_repo_default_s202_918b9a87b276,32,9,0,0.9970301563755744,0.08149569532950923
p6_repo_default_s202_918b9a87b276,32,10,0,0.9953180727540635,0.10221234841561129
p6_repo_default_s202_918b9a87b276,32,11,0,0.9960423588434708,0.09140510849072948
p6_repo_default_s202_918b9a87b276,32,12,0,0.9972852074059235,0.08160233253187865
p6_repo_default_s202_918b9a87b276,32,13,0,0.9926723354827646,0.1302210063804151
p6_repo_default_s202_918b9a87b276,32,14,0,0.9966496798254934,0.09946276749045514
p6_repo_default_s202_918b9a87b276,32,15,0,0.9975461286211638,0.08963732254764235
p6_repo_default_s202_918b9a87b276,32,16,0,0.9971513100384525,0.0856136708498743
p6_repo_default_s202_918b9a87b276,32,17,0,0.996189085190302,0.09845719668675744
p6_repo_default_s202_918b9a87b276,32,18,0,0.997591134031961,0.07615386403534954
p6_repo_default_s202_918b9a87b276,32,19,0,0.9978850916761982,0.07664395221593107
p6_repo_default_s202_918b9a87b276,32,20,0,0.9960655212432981,0.09751475667480453
p6_repo_default_s202_918b9a87b276,32,21,0,0.996553870721205,0.0874655410882739
p6_repo_default_s202_918b9a87b276,32,22,0,0.9972162760088227,0.07814074640650705
p6_repo_default_s202_918b9a87b276,32,23,0,0.9965035892232741,0.09163868970079173
p6_repo_default_s202_918b9a87b276,32,24,0,0.9934544150924431,0.12526759711646065
p6_repo_default_s202_918b9a87b276,32,25,0,0.9819631749929869,0.21039096476807564
p6_repo_default_s202_918b9a87b276,32,26,0,0.9843498926956843,0.18399296254454128
p6_repo_default_s202_918b9a87b276,32,27,0,0.9798664899057865,0.2065670240771242
p6_repo_default_s202_918b9a87b276,32,28,0,0.991148953961255,0.1389818407776189
p7_repo_default_s404_3bbd5e38f6c4,4,0,0,0.15141868091332905,1.128764295049732
p7_repo_default_s404_3bbd5e38f6c4,4,1,0,0.32927158939986,1.1799200996178478
p7_repo_default_s404_3bbd5e38f6c4,4,2,0,0.6726733130604893,0.8350778437023757
p7_repo_default_s404_3bbd5e38f6c4,4,3,0,0.7963479313911147,0.7364033500865529
p7_repo_default_s404_3bbd5e38f6c4,4,4,0,0.6454329837030097,0.9931734401708545
p7_repo_default_s404_3bbd5e38f6c4,4,5,0,0.5012292066390412,1.1339763489120016
p7_repo_default_s404_3bbd5e38f6c4,4,6,0,0.7958144281191488,0.6772289655111321
p7_repo_default_s404_3bbd5e38f6c4,4,7,0,0.9892812945507135,0.14612506017990662
p7_repo_default_s404_3bbd5e38f6c4,4,8,0,0.9977426620324348,0.0693959005612406
p7_repo_default_s404_3bbd5e38f6c4,4,9,0,0.9990245530879795,0.0477894273219608
p7_repo_default_s404_3bbd5e38f6c4,4,10,0,0.9995144002851187,0.03371720475070002
p7_repo_default_s404_3bbd5e38f6c4,4,11,0,0.9995631277063993,0.033485601142105734
p7_repo_default_s404_3bbd5e38f6c4,4,12,0,0.9996828312954044,0.03133356959368757
p7_repo_default_s404_3bbd5e38f6c4,4,13,0,0.9996972812116163,0.033069160695576874
p7_repo_default_s404_3bbd5e38f6c4,4,14,0,0.9998373481994899,0.025627034389633294
p7_repo_default_s404_3bbd5e38f6c4,4,15,0,0.9998557131688424,0.022374855812029956
p7_repo_default_s404_3bbd5e38f6c4,4,16,0,0.9998553666213528,0.022602587258788373
p7_repo_default_s404_3bbd5e38f6c4,4,17,0,0.9998626233960672,0.020962857795921143
p7_repo_default_s404_3bbd5e38f6c4,4,18,0,0.9998673135182553,0.017803350186530578
p7_repo_default_s404_3bbd5e38f6c4,4,19,0,0.9998512414623573,0.023269132397367786
p7_repo_default_s404_3bbd5e38f6c4,4,20,0,0.9998302215437392,0.02399078878242245
p7_repo_default_s404_3bbd5e38f6c4,4,21,0,0.9999040409311413,0.017616250990059125
p7_repo_default_s404_3bbd5e38f6c4,4,22,0,0.9999028097403867,0.018561911092499463
p7_repo_default_s404_3bbd5e38f6c4,4,23,0,0.9999107695570364,0.01652881288520041
p7_repo_default_s404_3bbd5e38f6c4,4,24,0,0.9998303311916366,0.022979057683791642
p7_repo_default_s404_3bbd5e38f6c4,4,25,0,0.9997757581356405,0.02656652357724133
p7_repo_default_s404_3bbd5e38f6c4,4,26,0,0.9996858790475339,0.029940918868956935
p7_repo_default_s404_3bbd5e38f6c4,4,27,0,0.9997519883125185,0.02236118664216002
p7_repo_default_s404_3bbd5e38f6c4,4,28,0,0.9997155658161583,0.02850233070100829
p7_repo_default_s404_3bbd5e38f6c4,4,29,0,0.9993777720069434,0.03786952870450073
p7_repo_default_s404_3bbd5e38f6c4,4,30,0,0.9994152039975336,0.036406813816886506
p7_repo_default_s404_3bbd5e38f6c4,4,31,0,0.9998300171304714,0.020732326782572783
p7_repo_default_s404_3bbd5e38f6c4,4,32,0,0.9998764312223072,0.018242719556420272
p7_repo_default_s404_3bbd5e38f6c4,4,33,0,0.9998306156068415,0.022278830843376857
p7_repo_default_s404_3bbd5e38f6c4,4,34,0,0.9999182595641548,0.01736626288161657
p7_repo_default_s404_3bbd5e38f6c4,4,35,0,0.9999368480394332,0.014756068324352641
p7_repo_default_s404_3bbd5e38f6c4,4,36,0,0.9998414057246495,0.022161655428245764
p7_repo_default_s404_3bbd5e38f6c4,4,37,0,0.9998823514606422,0.01946638739029871
p7_repo_default_s404_3bbd5e38f6c4,4,38,0,0.9999067548936774,0.019630558312586678
p7_repo_default_s404_3bbd5e38f6c4,4,39,0,0.999892805745226,0.01876536690052288
p7_repo_default_s404_3bbd5e38f6c4,4,40,0,0.9999132075663585,0.020379661272667316
p7_repo_default_s404_3bbd5e38f6c4,4,41,0,0.9999639526310834,0.014941350158103382
p7_repo_default_s404_3bbd5e38f6c4,4,42,0,0.9999554918410928,0.015222332322845429
p7_repo_default_s404_3bbd5e38f6c4,4,43,0,0.9999356916579605,0.014254236370693124
p7_repo_default_s404_3bbd5e38f6c4,4,44,0,0.9999433390935407,0.01295636317945465
p7_repo_default_s404_3bbd5e38f6c4,4,45,0,0.9999262235432149,0.018440576382938022
p7_repo_default_s404_3bbd5e38f6c4,4,46,0,0.9999227801020222,0.015313497554029741
p7_repo_default_s404_3bbd5e38f6c4,4,47,0,0.9999444001267982,0.013526148353058884
p7_repo_default_s404_3bbd5e38f6c4,4,48,0,0.9998959398877679,0.022963797804829208
p7_repo_default_s404_3bbd5e38f6c4,4,49,0,0.9998845282857504,0.01882184149541636
p7_repo_default_s404_3bbd5e38f6c4,4,50,0,0.9999333239342219,0.014705714907271272
p7_repo_default_s404_3bbd5e38f6c4,4,51,0,0.9997780707648903,0.02500924365827481
p7_repo_default_s404_3bbd5e38f6c4,4,52,0,0.999680346456761,0.028310699787171392
p7_repo_default_s404_3bbd5e38f6c4,4,53,0,0.9992238719543032,0.04072503484160791
p7_repo_default_s404_3bbd5e38f6c4,4,54,0,0.9991121287833821,0.044858382021724895
p7_repo_default_s404_3bbd5e38f6c4,4,55,0,0.9986088638737308,0.05291714404142832
p7_repo_default_s404_3bbd5e38f6c4,8,0,0,0.08192999199996391,1.2921071618286513
p7_repo_default_s404_3bbd5e38f6c4,8,1,0,0.13038123022032097,1.5505809279881573
p7_repo_default_s404_3bbd5e38f6c4,8,2,0,0.5859376890312444,1.0265068129315207
p7_repo_default_s404_3bbd5e38f6c4,8,3,0,0.9364627656816813,0.3704982537231268
p7_repo_default_s404_3bbd5e38f6c4,8,4,0,0.9777283853067535,0.22214877884301248
p7_repo_default_s404_3bbd5e38f6c4,8,5,0,0.9895170590228235,0.16124240761117362
p7_repo_default_s404_3bbd5e38f6c4,8,6,0,0.9950854201975855,0.12008183039248746
p7_repo_default_s404_3bbd5e38f6c4,8,7,0,0.9968444413166203,0.10036728080068427
p7_repo_default_s404_3bbd5e38f6c4,8,8,0,0.9974827509748052,0.10170330758866347
p7_repo_default_s404_3bbd5e38f6c4,8,9,0,0.9971370893411295,0.11652734180975019
p7_repo_default_s404_3bbd5e38f6c4,8,10,0,0.9986861623094023,0.08657181845668695
p7_repo_default_s404_3bbd5e38f6c4,8,11,0,0.9988172051637895,0.08739227560852988
p7_repo_default_s404_3bbd5e38f6c4,8,12,0,0.9988748276935597,0.08578439840700824
p7_repo_default_s404_3bbd5e38f6c4,8,13,0,0.9989097402795789,0.07947216186918121
p7_repo_default_s404_3bbd5e38f6c4,8,14,0,0.9987193859223812,0.07812502512660621
p7_repo_default_s404_3bbd5e38f6c4,8,15,0,0.9986309332850936,0.09270285031342056
p7_repo_default_s404_3bbd5e38f6c4,8,16,0,0.9986655420289593,0.0929829869902005
p7_repo_default_s404_3bbd5e38f6c4,8,17,0,0.9989789222372273,0.06817737097747276
p7_repo_default_s404_3bbd5e38f6c4,8,18,0,0.9987751682226113,0.08100550585404875
p7_repo_default_s404_3bbd5e38f6c4,8,19,0,0.9989198234275306,0.07487826599880161
p7_repo_default_s404_3bbd5e38f6c4,8,20,0,0.9991312181726695,0.07238179624122251
p7_repo_default_s404_3bbd5e38f6c4,8,21,0,0.99909415766065,0.07977328237178982
p7_repo_default_s404_3bbd5e38f6c4,8,22,0,0.9990950128276029,0.07247090188160044
p7_repo_default_s404_3bbd5e38f6c4,8,23,0,0.9988696996802838,0.05940161980294525
p7_repo_default_s404_3bbd5e38f6c4,8,24,0,0.9970329601498957,0.0941640541298596
p7_repo_default_s404_3bbd5e38f6c4,8,25,0,0.9938953419070935,0.12198109120620292
p7_repo_default_s404_3bbd5e38f6c4,8,26,0,0.99014239378492,0.16337235855996507
p7_repo_default_s404_3bbd5e38f6c4,8,27,0,0.9955689437313526,0.10239429455051141
p7_repo_default_s404_3bbd5e38f6c4,8,28,0,0.99669188020479,0.09335023900062538
p7_repo_default_s404_3bbd5e38f6c4,8,29,0,0.9973709284384327,0.09563451513472415
p7_repo_default_s404_3bbd5e38f6c4,8,30,0,0.9987918039744443,0.0767817723274285
p7_repo_default_s404_3bbd5e38f6c4,8,31,0,0.9990776679300025,0.06678331333308177
p7_repo_default_s404_3bbd5e38f6c4,8,32,0,0.9976758097811397,0.09527275257362429
p7_repo_default_s404_3bbd5e38f6c4,8,33,0,0.998376796985881,0.07953175155664498
p7_repo_default_s404_3bbd5e38f6c4,8,34,0,0.9991630835725053,0.0731659394831918
p7_repo_default_s404_3bbd5e38f6c4,8,35,0,0.9989996695402253,0.07175962410731115
p7_repo_default_s404_3bbd5e38f6c4,8,36,0,0.9988541132055625,0.08596678135520756
p7_repo_default_s404_3bbd5e38f6c4,8,37,0,0.9994325046322092,0.06331693018517401
p7_repo_default_s404_3bbd5e38f6c4,8,38,0,0.9994342972511315,0.057970316570838995
p7_repo_default_s404_3bbd5e38f6c4,8,39,0,0.9995171799089005,0.058742902608225386
p7_repo_default_s404_3bbd5e38f6c4,8,40,0,0.9995639741860985,0.04966195706831964
p7_repo_default_s404_3bbd5e38f6c4,8,41,0,0.9990175364747389,0.06943099012077365
p7_repo_default_s404_3bbd5e38f6c4,8,42,0,0.999254730507405,0.06163811495479715
p7_repo_default_s404_3bbd5e38f6c4,8,43,0,0.9993709195938115,0.06186808314401887
p7_repo_default_s404_3bbd5e38f6c4,8,44,0,0.9989161347766524,0.08816326409532682
p7_repo_default_s404_3bbd5e38f6c4,8,45,0,0.998773483639542,0.07962046813691283
p7_repo_default_s404_3bbd5e38f6c4,8,46,0,0.9993120310984422,0.05609348945145288
p7_repo_default_s404_3bbd5e38f6c4,8,47,0,0.9981602408995305,0.07778620423912315
p7_repo_default_s404_3bbd5e38f6c4,8,48,0,0.9926679954357922,0.12733496873713418
p7_repo_default_s404_3bbd5e38f6c4,8,49,0,0.9881485777624395,0.1575894031164202
p7_repo_default_s404_3bbd5e38f6c4,8,50,0,0.9880793171285784,0.16023287322666982
p7_repo_default_s404_3bbd5e38f6c4,8,51,0,0.9791402760196212,0.205854619538846
p7_repo_default_s404_3bbd5e38f6c4,12,0,0,0.4248296909343234,0.9908312980348896
p7_repo_default_s404_3bbd5e38f6c4,12,1,0,0.703591158719373,0.8724848169709285
p7_repo_default_s404_3bbd5e38f6c4,12,2,0,0.9130792678103339,0.45297760095402884
p7_repo_default_s404_3bbd5e38f6c4,12,3,0,0.9496117053274057,0.3348059667003176
p7_repo_default_s404_3bbd5e38f6c4,12,4,0,0.9783477073171908,0.2402637952162625
p7_repo_default_s404_3bbd5e38f6c4,12,5,0,0.9818255926706378,0.2503522976411837
p7_repo_default_s404_3bbd5e38f6c4,12,6,0,0.9892795160323798,0.1653050577876966
p7_repo_default_s404_3bbd5e38f6c4,12,7,0,0.9928923744114233,0.15268556906616687
p7_repo_default_s404_3bbd5e38f6c4,12,8,0,0.995409955011431,0.12784832048289876
p7_repo_default_s404_3bbd5e38f6c4,12,9,0,0.9958235022114726,0.12631500150412078
p7_repo_default_s404_3bbd5e38f6c4,12,10,0,0.9957577311537865,0.12906466474489406
p7_repo_default_s404_3bbd5e38f6c4,12,11,0,0.9964066918607495,0.13280953987400096
p7_repo_default_s404_3bbd5e38f6c4,12,12,0,0.996571221354733,0.14016565267179618
p7_repo_default_s404_3bbd5e38f6c4,12,13,0,0.9980024265031705,0.09228870711957478
p7_repo_default_s404_3bbd5e38f6c4,12,14,0,0.9976034125095539,0.1205453860607656
p7_repo_default_s404_3bbd5e38f6c4,12,15,0,0.9979640825967184,0.10314957439825802
p7_repo_default_s404_3bbd5e38f6c4,12,16,0,0.9985824747331622,0.09466230844279737
p7_repo_default_s404_3bbd5e38f6c4,12,17,0,0.9984896377195266,0.10825365201616488
p7_repo_default_s404_3bbd5e38f6c4,12,18,0,0.9983053149329741,0.09718355350206949
p7_repo_default_s404_3bbd5e38f6c4,12,19,0,0.9979321922107766,0.08553577281807163
p7_repo_default_s404_3bbd5e38f6c4,12,20,0,0.9894911000990491,0.16404633690372913
p7_repo_default_s404_3bbd5e38f6c4,12,21,0,0.9822325609558169,0.20038651462737203
p7_repo_default_s404_3bbd5e38f6c4,12,22,0,0.9777754238870338,0.23863303281714152
p7_repo_default_s404_3bbd5e38f6c4,12,23,0,0.9871127451511452,0.17220939577123515
p7_repo_default_s404_3bbd5e38f6c4,12,24,0,0.991547167405213,0.14515982566782754
p7_repo_default_s404_3bbd5e38f6c4,12,25,0,0.9963583904435712,0.13270159779851343
p7_repo_default_s404_3bbd5e38f6c4,12,26,0,0.9978261640438517,0.11042632486251439
p7_repo_default_s404_3bbd5e38f6c4,12,27,0,0.9982962732137071,0.09988184129221031
p7_repo_default_s404_3bbd5e38f6c4,12,28,0,0.9944374986057832,0.14136810907704617
p7_repo_default_s404_3bbd5e38f6c4,12,29,0,0.9963339890375464,0.1122116089814018
p7_repo_default_s404_3bbd5e38f6c4,12,30,0,0.9982240133457857,0.10202789647193536
p7_repo_default_s404_3bbd5e38f6c4,12,31,0,0.9974758305745474,0.1104502219904512
p7_repo_default_s404_3bbd5e38f6c4,12,32,0,0.9977406944427377,0.12982547489807186
p7_repo_default_s404_3bbd5e38f6c4,12,33,0,0.9988227976585708,0.08734482914474083
p7_repo_default_s404_3bbd5e38f6c4,12,34,0,0.9985640030270181,0.07639192366048575
p7_repo_default_s404_3bbd5e38f6c4,12,35,0,0.9990262621357624,0.0769655874651269
p7_repo_default_s404_3bbd5e38f6c4,12,36,0,0.9991093783504821,0.07208295214132303
p7_repo_default_s404_3bbd5e38f6c4,12,37,0,0.997481490503554,0.11147587507783828
p7_repo_default_s404_3bbd5e38f6c4,12,38,0,0.9983592234886989,0.09195726035756799
p7_repo_default_s404_3bbd5e38f6c4,12,39,0,0.9985921489057206,0.09253863923320715
p7_repo_default_s404_3bbd5e38f6c4,12,40,0,0.9981287004252818,0.12191326701586055
p7_repo_default_s404_3bbd5e38f6c4,12,41,0,0.9981311183142112,0.11092490552796425
p7_repo_default_s404_3bbd5e38f6c4,12,42,0,0.9985850823671715,0.0785959705639479
p7_repo_default_s404_3bbd5e38f6c4,12,43,0,0.995474260548038,0.1156951485486083
p7_repo_default_s404_3bbd5e38f6c4,12,44,0,0.9864685898556612,0.17475016728953163
p7_repo_default_s404_3bbd5e38f6c4,12,45,0,0.9784447012033887,0.21398624416205378
p7_repo_default_s404_3bbd5e38f6c4,12,46,0,0.9755409334680805,0.22792991314121092
p7_repo_default_s404_3bbd5e38f6c4,12,47,0,0.9644876169464173,0.2688720262675331
p7_repo_default_s404_3bbd5e38f6c4,16,0,0,0.30204509377549693,1.1203223600269117
p7_repo_default_s404_3bbd5e38f6c4,16,1,0,0.6500416192486769,0.9857520452142414
p7_repo_default_s404_3bbd5e38f6c4,16,2,0,0.9287731218802014,0.4001674148162531
p7_repo_default_s404_3bbd5e38f6c4,16,3,0,0.9703898213418706,0.2667445111116553
p7_repo_default_s404_3bbd5e38f6c4,16,4,0,0.9832857297229245,0.20137614711964266
p7_repo_default_s404_3bbd5e38f6c4,16,5,0,0.9856612863558236,0.19106575859006567
p7_repo_default_s404_3bbd5e38f6c4,16,6,0,0.9892236730734013,0.17626388104459623
p7_repo_default_s404_3bbd5e38f6c4,16,7,0,0.994685494387622,0.13798003075437557
p7_repo_default_s404_3bbd5e38f6c4,16,8,0,0.9966856524504712,0.12118202109338991
p7_repo_default_s404_3bbd5e38f6c4,16,9,0,0.9979211904449882,0.09081827466553599
p7_repo_default_s404_3bbd5e38f6c4,16,10,0,0.9972243126770612,0.10830432060544833
p7_repo_default_s404_3bbd5e38f6c4,16,11,0,0.9974393668016757,0.10719189607185464
p7_repo_default_s404_3bbd5e38f6c4,16,12,0,0.9979094902146677,0.09732299395376047
p7_repo_default_s404_3bbd5e38f6c4,16,13,0,0.9982167629740808,0.10670433593326628
p7_repo_default_s404_3bbd5e38f6c4,16,14,0,0.9981476449025064,0.09413958017256119
p7_repo_default_s404_3bbd5e38f6c4,16,15,0,0.9978631801276671,0.08024066906119363
p7_repo_default_s404_3bbd5e38f6c4,16,16,0,0.9908560375917117,0.15341169568164412
p7_repo_default_s404_3bbd5e38f6c4,16,17,0,0.9862554059920579,0.17485856922002452
p7_repo_default_s404_3bbd5e38f6c4,16,18,0,0.9819950132091709,0.21197952178742666
p7_repo_default_s404_3bbd5e38f6c4,16,19,0,0.988462255280519,0.16188038420715947
p7_repo_default_s404_3bbd5e38f6c4,16,20,0,0.9921666874407011,0.13614449872441167
p7_repo_default_s404_3bbd5e38f6c4,16,21,0,0.9970386465345846,0.11891358665111654
p7_repo_default_s404_3bbd5e38f6c4,16,22,0,0.9981645182690326,0.10200693415346736
p7_repo_default_s404_3bbd5e38f6c4,16,23,0,0.9984867597996868,0.09365095919930555
p7_repo_default_s404_3bbd5e38f6c4,16,24,0,0.9951043114448023,0.13117213769079647
p7_repo_default_s404_3bbd5e38f6c4,16,25,0,0.9965761093087218,0.10579855690449053
p7_repo_default_s404_3bbd5e38f6c4,16,26,0,0.9983313779125346,0.09436382377465773
p7_repo_default_s404_3bbd5e38f6c4,16,27,0,0.9979517999313113,0.09687400444912292
p7_repo_default_s404_3bbd5e38f6c4,16,28,0,0.99749221224115,0.11857007164426801
p7_repo_default_s404_3bbd5e38f6c4,16,29,0,0.9985782708508794,0.07844247081585858
p7_repo_default_s404_3bbd5e38f6c4,16,30,0,0.9987043945373156,0.06927896361884012
p7_repo_default_s404_3bbd5e38f6c4,16,31,0,0.998972948445751,0.076249185522557
p7_repo_default_s404_3bbd5e38f6c4,16,32,0,0.9990695847963854,0.06749758514064583
p7_repo_default_s404_3bbd5e38f6c4,16,33,0,0.99751365111571,0.10262415389047945
p7_repo_default_s404_3bbd5e38f6c4,16,34,0,0.9984231024262405,0.0847585068564597
p7_repo_default_s404_3bbd5e38f6c4,16,35,0,0.9986385633270255,0.08688074566781785
p7_repo_default_s404_3bbd5e38f6c4,16,36,0,0.998471871906703,0.11290552321438821
p7_repo_default_s404_3bbd5e38f6c4,16,37,0,0.9982639095549573,0.10547764674852367
p7_repo_default_s404_3bbd5e38f6c4,16,38,0,0.998809360612385,0.06769791094083231
p7_repo_default_s404_3bbd5e38f6c4,16,39,0,0.9955357773213466,0.10800508284373157
p7_repo_default_s404_3bbd5e38f6c4,16,40,0,0.9877048225702035,0.1645216595037039
p7_repo_default_s404_3bbd5e38f6c4,16,41,0,0.9799177656990639,0.20541270164093614
p7_repo_default_s404_3bbd5e38f6c4,16,42,0,0.9783851257891693,0.2136302725339719
p7_repo_default_s404_3bbd5e38f6c4,16,43,0,0.9684756144854941,0.25261913927014146
p7_repo_default_s404_3bbd5e38f6c4,24,0,0,0.43301644820056406,0.9670971919655862
p7_repo_default_s404_3bbd5e38f6c4,24,1,0,0.8656192340511666,0.5204032456010773
p7_repo_default_s404_3bbd5e38f6c4,24,2,0,0.9087105975770587,0.4369687669877499
p7_repo_default_s404_3bbd5e38f6c4,24,3,0,0.9579584232979127,0.30792178074793647
p7_repo_default_s404_3bbd5e38f6c4,24,4,0,0.9865019625315078,0.181252002315764
p7_repo_default_s404_3bbd5e38f6c4,24,5,0,0.9903439643124142,0.1457599773916057
p7_repo_default_s404_3bbd5e38f6c4,24,6,0,0.9860357473399816,0.17027154487567292
p7_repo_default_s404_3bbd5e38f6c4,24,7,0,0.9912513914558665,0.14013524363610813
p7_repo_default_s404_3bbd5e38f6c4,24,8,0,0.9830668184863982,0.19520301332188267
p7_repo_default_s404_3bbd5e38f6c4,24,9,0,0.9639362071106454,0.27524667913355294
p7_repo_default_s404_3bbd5e38f6c4,24,10,0,0.9523617704419776,0.3253479348780773
p7_repo_default_s404_3bbd5e38f6c4,24,11,0,0.9743308304190197,0.23249964326738912
p7_repo_default_s404_3bbd5e38f6c4,24,12,0,0.9833841863514653,0.1840734035453077
p7_repo_default_s404_3bbd5e38f6c4,24,13,0,0.9913223204950246,0.1449354829491741
p7_repo_default_s404_3bbd5e38f6c4,24,14,0,0.9975413811435704,0.098861577313318
p7_repo_default_s404_3bbd5e38f6c4,24,15,0,0.9980139014204273,0.08906295169934206
p7_repo_default_s404_3bbd5e38f6c4,24,16,0,0.9946563052768669,0.13346107531937762
p7_repo_default_s404_3bbd5e38f6c4,24,17,0,0.9969436416397336,0.10648320663599639
p7_repo_default_s404_3bbd5e38f6c4,24,18,0,0.9982738079842937,0.09052209315937242
p7_repo_default_s404_3bbd5e38f6c4,24,19,0,0.9976687617045981,0.10514281695533623
p7_repo_default_s404_3bbd5e38f6c4,24,20,0,0.9975767201565968,0.12264852270573838
p7_repo_default_s404_3bbd5e38f6c4,24,21,0,0.9988102701452892,0.07735189177073427
p7_repo_default_s404_3bbd5e38f6c4,24,22,0,0.9982313332565177,0.07490693608307421
p7_repo_default_s404_3bbd5e38f6c4,24,23,0,0.9986374453067811,0.0861192155163572
p7_repo_default_s404_3bbd5e38f6c4,24,24,0,0.9989287805358753,0.0675799356709729
p7_repo_default_s404_3bbd5e38f6c4,24,25,0,0.9970651323101813,0.10643196240175452
p7_repo_default_s404_3bbd5e38f6c4,24,26,0,0.9981243192446358,0.08997210135831044
p7_repo_default_s404_3bbd5e38f6c4,24,27,0,0.9986684062344331,0.0854687782440925
p7_repo_default_s404_3bbd5e38f6c4,24,28,0,0.9981435695218485,0.10177184751273192
p7_repo_default_s404_3bbd5e38f6c4,24,29,0,0.9979469893042504,0.10331226485553208
p7_repo_default_s404_3bbd5e38f6c4,24,30,0,0.998436448037483,0.07051214906475284
p7_repo_default_s404_3bbd5e38f6c4,24,31,0,0.9947495501013529,0.11518162481984319
p7_repo_default_s404_3bbd5e38f6c4,24,32,0,0.9869057147868224,0.16617609026394858
p7_repo_default_s404_3bbd5e38f6c4,24,33,0,0.9790041528513366,0.2080246870523665
p7_repo_default_s404_3bbd5e38f6c4,24,34,0,0.9772022017298033,0.2173220711175519
p7_repo_default_s404_3bbd5e38f6c4,24,35,0,0.9664793877493911,0.25924680823453133
p7_repo_default_s404_3bbd5e38f6c4,32,0,0,0.07673493976668841,1.4853184193689506
p7_repo_default_s404_3bbd5e38f6c4,32,1,0,0.12319769615737343,1.745829081843531
p7_repo_default_s404_3bbd5e38f6c4,32,2,0,0.15541279580436212,1.5358717112630396
p7_repo_default_s404_3bbd5e38f6c4,32,3,0,0.5218191116712432,1.057966297239349
p7_repo_default_s404_3bbd5e38f6c4,32,4,0,0.8329425468041453,0.5848404319734529
p7_repo_default_s404_3bbd5e38f6c4,32,5,0,0.961127476120446,0.2802321633333896
p7_repo_default_s404_3bbd5e38f6c4,32,6,0,0.9909584303355683,0.14247367921985685
p7_repo_default_s404_3bbd5e38f6c4,32,7,0,0.9936355727859725,0.12173474684986173
p7_repo_default_s404_3bbd5e38f6c4,32,8,0,0.9877321695582902,0.17038708027429947
p7_repo_default_s404_3bbd5e38f6c4,32,9,0,0.9949422515422698,0.116381253825367
p7_repo_default_s404_3bbd5e38f6c4,32,10,0,0.9966040691942682,0.10053557724642918
p7_repo_default_s404_3bbd5e38f6c4,32,11,0,0.9958679257344448,0.10925342782220517
p7_repo_default_s404_3bbd5e38f6c4,32,12,0,0.9967786085942284,0.10949067359305316
p7_repo_default_s404_3bbd5e38f6c4,32,13,0,0.9982433270171766,0.07240112066918519
p7_repo_default_s404_3bbd5e38f6c4,32,14,0,0.997194524909206,0.08065140208934618
p7_repo_default_s404_3bbd5e38f6c4,32,15,0,0.9980309908203338,0.0829413725597867
p7_repo_default_s404_3bbd5e38f6c4,32,16,0,0.9985721062684769,0.06180460333241825
p7_repo_default_s404_3bbd5e38f6c4,32,17,0,0.9967977994264466,0.09701398156129722
p7_repo_default_s404_3bbd5e38f6c4,32,18,0,0.9979172186651251,0.08232354924562862
p7_repo_default_s404_3bbd5e38f6c4,32,19,0,0.9986549381647258,0.07429922053307136
p7_repo_default_s404_3bbd5e38f6c4,32,20,0,0.998223582019342,0.0907667517141271
p7_repo_default_s404_3bbd5e38f6c4,32,21,0,0.9977206598098805,0.08511876410137972
p7_repo_default_s404_3bbd5e38f6c4,32,22,0,0.998003627185433,0.06786696164495981
p7_repo_default_s404_3bbd5e38f6c4,32,23,0,0.9957277279035329,0.10649826775411585
p7_repo_default_s404_3bbd5e38f6c4,32,24,0,0.9853833672441875,0.17186180924517924
p7_repo_default_s404_3bbd5e38f6c4,32,25,0,0.9805703091766369,0.19846293016372152
p7_repo_default_s404_3bbd5e38f6c4,32,26,0,0.9812272021155433,0.19655858444417337
p7_repo_default_s404_3bbd5e38f6c4,32,27,0,0.9737562970308441,0.22890336429817693
p6_repo_default_s303_419ceaee248d,4,0,0,0.1557178861940757,1.1241464349630883
p6_repo_default_s303_419ceaee248d,4,1,0,0.33020200168911945,1.1807090846094803
p6_repo_default_s303_419ceaee248d,4,2,0,0.6811862853422306,0.8301534194625836
p6_repo_default_s303_419ceaee248d,4,3,0,0.8856825778394564,0.5408498084685569
p6_repo_default_s303_419ceaee248d,4,4,0,0.960609816520847,0.29180558412948404
p6_repo_default_s303_419ceaee248d,4,5,0,0.991078604369563,0.13502473912372864
p6_repo_default_s303_419ceaee248d,4,6,0,0.9955772446056924,0.09809403251208858
p6_repo_default_s303_419ceaee248d,4,7,0,0.996388339787416,0.0880733234641978
p6_repo_default_s303_419ceaee248d,4,8,0,0.9979462984834556,0.06946092986611677
p6_repo_default_s303_419ceaee248d,4,9,0,0.9991266181442267,0.045709771295495534
p6_repo_default_s303_419ceaee248d,4,10,0,0.9992343127953636,0.04640576946416649
p6_repo_default_s303_419ceaee248d,4,11,0,0.9995365492101957,0.04207595821003285
p6_repo_default_s303_419ceaee248d,4,12,0,0.9995361478930332,0.03919144423896144
p6_repo_default_s303_419ceaee248d,4,13,0,0.9994844995080744,0.04025877321599952
p6_repo_default_s303_419ceaee248d,4,14,0,0.9996527079914491,0.035367925268161224
p6_repo_default_s303_419ceaee248d,4,15,0,0.9996333049715279,0.04850870861094503
p6_repo_default_s303_419ceaee248d,4,16,0,0.9996895151874243,0.0343881626604987
p6_repo_default_s303_419ceaee248d,4,17,0,0.9995556190095918,0.052887505122939465
p6_repo_default_s303_419ceaee248d,4,18,0,0.9991903717203575,0.05273470177707353
p6_repo_default_s303_419ceaee248d,4,19,0,0.9992686336036023,0.04848519800759648
p6_repo_default_s303_419ceaee248d,4,20,0,0.9996096377122058,0.03711825238489555
p6_repo_default_s303_419ceaee248d,4,21,0,0.9996450683572216,0.03676857268095281
p6_repo_default_s303_419ceaee248d,4,22,0,0.9997771725688225,0.029017146330942538
p6_repo_default_s303_419ceaee248d,4,23,0,0.9996437549052172,0.035258787572289375
p6_repo_default_s303_419ceaee248d,4,24,0,0.9989577267482715,0.05790482564658105
p6_repo_default_s303_419ceaee248d,4,25,0,0.999140967566669,0.04563016370018417
p6_repo_default_s303_419ceaee248d,4,26,0,0.9995532907535457,0.04806660321409482
p6_repo_default_s303_419ceaee248d,4,27,0,0.9996953320538667,0.04534537809598374
p6_repo_default_s303_419ceaee248d,4,28,0,0.999085967992159,0.052712306187514
p6_repo_default_s303_419ceaee248d,4,29,0,0.9993909665808828,0.04032318864655411
p6_repo_default_s303_419ceaee248d,4,30,0,0.9996903788394139,0.03485580381276511
p6_repo_default_s303_419ceaee248d,4,31,0,0.9993817257498668,0.04376170498636735
p6_repo_default_s303_419ceaee248d,4,32,0,0.9996107738347189,0.03964618461132816
p6_repo_default_s303_419ceaee248d,4,33,0,0.9996010646670493,0.04781857716794482
p6_repo_default_s303_419ceaee248d,4,34,0,0.9995607767984146,0.04374264703992369
p6_repo_default_s303_419ceaee248d,4,35,0,0.9997513304303528,0.033575373604994956
p6_repo_default_s303_419ceaee248d,4,36,0,0.9996886146994954,0.038567018242860594
p6_repo_default_s303_419ceaee248d,4,37,0,0.999736179662382,0.03171963486727815
p6_repo_default_s303_419ceaee248d,4,38,0,0.9998829156734467,0.025393780159624048
p6_repo_default_s303_419ceaee248d,4,39,0,0.9997723833191425,0.027533694017772108
p6_repo_default_s303_419ceaee248d,4,40,0,0.9997328576635861,0.02793034259268233
p6_repo_default_s303_419ceaee248d,4,41,0,0.9997552294335896,0.028370499582603105
p6_repo_default_s303_419ceaee248d,4,42,0,0.9997515631178131,0.03329227360856107
p6_repo_default_s303_419ceaee248d,4,43,0,0.9997402432833241,0.035678574481899664
p6_repo_default_s303_419ceaee248d,4,44,0,0.9997953516690622,0.03314955147020039
p6_repo_default_s303_419ceaee248d,4,45,0,0.999793800666776,0.03263105686249581
p6_repo_default_s303_419ceaee248d,4,46,0,0.9996803998364071,0.030609405368292444
p6_repo_default_s303_419ceaee248d,4,47,0,0.9996937698772053,0.037813296169636995
p6_repo_default_s303_419ceaee248d,4,48,0,0.9997238976022493,0.03641664362307085
p6_repo_default_s303_419ceaee248d,4,49,0,0.9996865120420253,0.04327007475405806
p6_repo_default_s303_419ceaee248d,4,50,0,0.999739971893438,0.03380097639489421
p6_repo_default_s303_419ceaee248d,4,51,0,0.9996991566322462,0.03236524377493234
p6_repo_default_s303_419ceaee248d,4,52,0,0.9995439727979032,0.03632639563454383
p6_repo_default_s303_419ceaee248d,4,53,0,0.9975081737935327,0.07445552122797662
p6_repo_default_s303_419ceaee248d,4,54,0,0.9949229320107404,0.10249123074277615
p6_repo_default_s303_419ceaee248d,8,0,0,0.5656461605781425,0.8857805265469004
p6_repo_default_s303_419ceaee248d,8,1,0,0.8141270483199287,0.641036976915356
p6_repo_default_s303_419ceaee248d,8,2,0,0.932217426189131,0.4007758960668538
p6_repo_default_s303_419ceaee248d,8,3,0,0.9304797696554924,0.40828867651343653
p6_repo_default_s303_419ceaee248d,8,4,0,0.9591822036290087,0.31914557114079606
p6_repo_default_s303_419ceaee248d,8,5,0,0.9873658129893248,0.1725800682176687
p6_repo_default_s303_419ceaee248d,8,6,0,0.9904663272151674,0.1614910133385254
p6_repo_default_s303_419ceaee248d,8,7,0,0.9946734586412933,0.15227401826556675
p6_repo_default_s303_419ceaee248d,8,8,0,0.9958976864929204,0.13490179533260482
p6_repo_default_s303_419ceaee248d,8,9,0,0.9961894277004724,0.1169036352406003
p6_repo_default_s303_419ceaee248d,8,10,0,0.9973718968450905,0.10471959284799398
p6_repo_default_s303_419ceaee248d,8,11,0,0.9952167292985404,0.14778202713398908
p6_repo_default_s303_419ceaee248d,8,12,0,0.9974570819176852,0.10727297008389919
p6_repo_default_s303_419ceaee248d,8,13,0,0.9967390972079813,0.1498832295127098
p6_repo_default_s303_419ceaee248d,8,14,0,0.9952151793615888,0.15168196131252099
p6_repo_default_s303_419ceaee248d,8,15,0,0.9928871635164744,0.15673231207139623
p6_repo_default_s303_419ceaee248d,8,16,0,0.9972451271021131,0.11643271778868006
p6_repo_default_s303_419ceaee248d,8,17,0,0.9978871004549894,0.10117186224474434
p6_repo_default_s303_419ceaee248d,8,18,0,0.998270184120888,0.08759752862108536
p6_repo_default_s303_419ceaee248d,8,19,0,0.9976288906404425,0.11192723811390701
p6_repo_default_s303_419ceaee248d,8,20,0,0.9959033103686773,0.13331027054020514
p6_repo_default_s303_419ceaee248d,8,21,0,0.9970349736353612,0.10759479353953529
p6_repo_default_s303_419ceaee248d,8,22,0,0.9980500778551765,0.12034271507583444
p6_repo_default_s303_419ceaee248d,8,23,0,0.9984714377558089,0.11822439351919906
p6_repo_default_s303_419ceaee248d,8,24,0,0.9976710163259966,0.11631401323365266
p6_repo_default_s303_419ceaee248d,8,25,0,0.9959872979000123,0.11334490258844986
p6_repo_default_s303_419ceaee248d,8,26,0,0.9982665811373793,0.08435718698685392
p6_repo_default_s303_419ceaee248d,8,27,0,0.9977636692441032,0.09075466421036281
p6_repo_default_s303_419ceaee248d,8,28,0,0.9981744544639417,0.09512514935950761
p6_repo_default_s303_419ceaee248d,8,29,0,0.9969306423779771,0.1296519429697609
p6_repo_default_s303_419ceaee248d,8,30,0,0.9973661426968878,0.10865105545789938
p6_repo_default_s303_419ceaee248d,8,31,0,0.9985629046791589,0.08610324702477386
p6_repo_default_s303_419ceaee248d,8,32,0,0.9980753975291422,0.09972257412470464
p6_repo_default_s303_419ceaee248d,8,33,0,0.9982629276499991,0.08501894311842208
p6_repo_default_s303_419ceaee248d,8,34,0,0.9993293602025417,0.06618292937940298
p6_repo_default_s303_419ceaee248d,8,35,0,0.9970922928821575,0.0947774894695417
p6_repo_default_s303_419ceaee248d,8,36,0,0.9977679764362282,0.0906184251077844
p6_repo_default_s303_419ceaee248d,8,37,0,0.9986390580863128,0.08988520090467599
p6_repo_default_s303_419ceaee248d,8,38,0,0.9981731438917913,0.08963476118910373
p6_repo_default_s303_419ceaee248d,8,39,0,0.9987295291394792,0.09110237138511568
p6_repo_default_s303_419ceaee248d,8,40,0,0.9983482445809966,0.10315129273958291
p6_repo_default_s303_419ceaee248d,8,41,0,0.9979573863385645,0.10259832272711804
p6_repo_default_s303_419ceaee248d,8,42,0,0.9973893226500664,0.09718601437902043
p6_repo_default_s303_419ceaee248d,8,43,0,0.9983191444129567,0.09700824633986076
p6_repo_default_s303_419ceaee248d,8,44,0,0.9982951025556777,0.09002312742054717
p6_repo_default_s303_419ceaee248d,8,45,0,0.9980609474539506,0.10998224903831824
p6_repo_default_s303_419ceaee248d,8,46,0,0.9982081064697111,0.09316860337246596
p6_repo_default_s303_419ceaee248d,8,47,0,0.998395919383605,0.08555527412709579
p6_repo_default_s303_419ceaee248d,8,48,0,0.9977720101812713,0.08578477273562395
p6_repo_default_s303_419ceaee248d,8,49,0,0.9820766760195211,0.20128256564539299
p6_repo_default_s303_419ceaee248d,8,50,0,0.9728055468200599,0.24041582260402652
p6_repo_default_s303_419ceaee248d,12,0,0,0.3118403224962117,1.259052139315658
p6_repo_default_s303_419ceaee248d,12,1,0,0.7795516898750301,0.7359964994813827
p6_repo_default_s303_419ceaee248d,12,2,0,0.9287445715219589,0.4002047164260844
p6_repo_default_s303_419ceaee248d,12,3,0,0.9775589975069511,0.24211750798427079
p6_repo_default_s303_419ceaee248d,12,4,0,0.9893797740462522,0.17118779773810092
p6_repo_default_s303_419ceaee248d,12,5,0,0.9935864291950615,0.13569283317998063
p6_repo_default_s303_419ceaee248d,12,6,0,0.9957354815890973,0.11977663085312827
p6_repo_default_s303_419ceaee248d,12,7,0,0.9954149825223151,0.12962756539939838
p6_repo_default_s303_419ceaee248d,12,8,0,0.9944742376689273,0.11778268556354765
p6_repo_default_s303_419ceaee248d,12,9,0,0.9963879787669406,0.13128425554628823
p6_repo_default_s303_419ceaee248d,12,10,0,0.9960504122963095,0.1319743332168353
p6_repo_default_s303_419ceaee248d,12,11,0,0.9960291927065039,0.11747557837923937
p6_repo_default_s303_419ceaee248d,12,12,0,0.9981316473806783,0.10179892559585078
p6_repo_default_s303_419ceaee248d,12,13,0,0.9983386621881034,0.08572579189235051
p6_repo_default_s303_419ceaee248d,12,14,0,0.9980849383825312,0.08739872272203282
p6_repo_default_s303_419ceaee248d,12,15,0,0.9964672120946865,0.13055396541099193
p6_repo_default_s303_419ceaee248d,12,16,0,0.995904669646752,0.13086583906518878
p6_repo_default_s303_419ceaee248d,12,17,0,0.9971131752957164,0.09855089213676442
p6_repo_default_s303_419ceaee248d,12,18,0,0.9979736076775986,0.11520110174884278
p6_repo_default_s303_419ceaee248d,12,19,0,0.9986350950368985,0.11071024929297764
p6_repo_default_s303_419ceaee248d,12,20,0,0.9973086831294792,0.10132346287804944
p6_repo_default_s303_419ceaee248d,12,21,0,0.9957567860436213,0.10943514979211157
p6_repo_default_s303_419ceaee248d,12,22,0,0.9984108754375041,0.08040794106693225
p6_repo_default_s303_419ceaee248d,12,23,0,0.9979281380218434,0.0803671037705305
p6_repo_default_s303_419ceaee248d,12,24,0,0.9985715864269181,0.07889095224099549
p6_repo_default_s303_419ceaee248d,12,25,0,0.9981981006135114,0.10076349306103208
p6_repo_default_s303_419ceaee248d,12,26,0,0.9985472768259299,0.08919550700703434
p6_repo_default_s303_419ceaee248d,12,27,0,0.9989789938315693,0.07708976500975331
p6_repo_default_s303_419ceaee248d,12,28,0,0.9980176616312529,0.09684053058455457
p6_repo_default_s303_419ceaee248d,12,29,0,0.9981247173348885,0.08885581634246764
p6_repo_default_s303_419ceaee248d,12,30,0,0.9993739807387961,0.05964560267398842
p6_repo_default_s303_419ceaee248d,12,31,0,0.9968150580033952,0.09488242075757236
p6_repo_default_s303_419ceaee248d,12,32,0,0.997590816247567,0.08698816277293066
p6_repo_default_s303_419ceaee248d,12,33,0,0.9986922073644765,0.08247620301841455
p6_repo_default_s303_419ceaee248d,12,34,0,0.9983706815767455,0.08164826146321533
p6_repo_default_s303_419ceaee248d,12,35,0,0.9988424013217825,0.0846871047827833
p6_repo_default_s303_419ceaee248d,12,36,0,0.9986054759009045,0.09507485402922762
p6_repo_default_s303_419ceaee248d,12,37,0,0.9981376207806412,0.09414991954383123
p6_repo_default_s303_419ceaee248d,12,38,0,0.9978647533538043,0.08408767871945366
p6_repo_default_s303_419ceaee248d,12,39,0,0.9988505774400149,0.08484555120330856
p6_repo_default_s303_419ceaee248d,12,40,0,0.9988614820807541,0.08044325445325587
p6_repo_default_s303_419ceaee248d,12,41,0,0.9985640196889446,0.09431938747062796
p6_repo_default_s303_419ceaee248d,12,42,0,0.9981866157386161,0.08110964265868058
p6_repo_default_s303_419ceaee248d,12,43,0,0.9985937489099563,0.07748446765794255
p6_repo_default_s303_419ceaee248d,12,44,0,0.9982583742128605,0.07631998391607377
p6_repo_default_s303_419ceaee248d,12,45,0,0.9873473299337056,0.16835118943399854
p6_repo_default_s303_419ceaee248d,12,46,0,0.9790977913409089,0.20891991146529473
p6_repo_default_s303_419ceaee248d,16,0,0,0.2973902351271907,1.075719206320591
p6_repo_default_s303_419ceaee248d,16,1,0,0.6482523935518696,0.9120264161692302
p6_repo_default_s303_419ceaee248d,16,2,0,0.9244390320734832,0.40305352759976154
p6_repo_default_s303_419ceaee248d,16,3,0,0.9615584974633442,0.30548163426932223
p6_repo_default_s303_419ceaee248d,16,4,0,0.9779184375767587,0.21979669026535673
p6_repo_default_s303_419ceaee248d,16,5,0,0.9870061220751822,0.1795304770574324
p6_repo_default_s303_419ceaee248d,16,6,0,0.9902694710917845,0.15524447374172284
p6_repo_default_s303_419ceaee248d,16,7,0,0.989902683843084,0.15143785188656345
p6_repo_default_s303_419ceaee248d,16,8,0,0.9961104593606038,0.11256711145694888
p6_repo_default_s303_419ceaee248d,16,9,0,0.9973935133756991,0.09974671082755618
p6_repo_default_s303_419ceaee248d,16,10,0,0.9964557610204219,0.1030891337986098
p6_repo_default_s303_419ceaee248d,16,11,0,0.9926835608439847,0.15783254094029048
p6_repo_default_s303_419ceaee248d,16,12,0,0.9940383928831235,0.14214952103768094
p6_repo_default_s303_419ceaee248d,16,13,0,0.9946168764482449,0.12499674914395671
p6_repo_default_s303_419ceaee248d,16,14,0,0.9971320460685071,0.12591999701975765
p6_repo_default_s303_419ceaee248d,16,15,0,0.9977370427787945,0.1159359909437591
p6_repo_default_s303_419ceaee248d,16,16,0,0.9962511885273359,0.10546889822339493
p6_repo_default_s303_419ceaee248d,16,17,0,0.9949489651563888,0.11689895971569693
p6_repo_default_s303_419ceaee248d,16,18,0,0.9978602285972665,0.08441016367286137
p6_repo_default_s303_419ceaee248d,16,19,0,0.9976699738479827,0.08372786538112112
p6_repo_default_s303_419ceaee248d,16,20,0,0.9983409480991162,0.0826877866521663
p6_repo_default_s303_419ceaee248d,16,21,0,0.9978528812991039,0.10310267283869913
p6_repo_default_s303_419ceaee248d,16,22,0,0.9981244548931714,0.09244908753640302
p6_repo_default_s303_419ceaee248d,16,23,0,0.9985871655222638,0.08116358590712784
p6_repo_default_s303_419ceaee248d,16,24,0,0.9975543935293394,0.10732776695699361
p6_repo_default_s303_419ceaee248d,16,25,0,0.9980541224575739,0.0836606359157394
p6_repo_default_s303_419ceaee248d,16,26,0,0.9990381209586805,0.06499513767508597
p6_repo_default_s303_419ceaee248d,16,27,0,0.9965970678982184,0.09607365261149219
p6_repo_default_s303_419ceaee248d,16,28,0,0.9968027536821731,0.09225256476684798
p6_repo_default_s303_419ceaee248d,16,29,0,0.998158116384117,0.08798909791715163
p6_repo_default_s303_419ceaee248d,16,30,0,0.997858807148945,0.0855318155363935
p6_repo_default_s303_419ceaee248d,16,31,0,0.9982810468666595,0.09266264305288724
p6_repo_default_s303_419ceaee248d,16,32,0,0.9980838713290001,0.10671321311156615
p6_repo_default_s303_419ceaee248d,16,33,0,0.9976620604700127,0.09974929878692711
p6_repo_default_s303_419ceaee248d,16,34,0,0.9973191621284675,0.09032518896232712
p6_repo_default_s303_419ceaee248d,16,35,0,0.9985144867652007,0.08984277863312204
p6_repo_default_s303_419ceaee248d,16,36,0,0.9986615670046914,0.08448684112275219
p6_repo_default_s303_419ceaee248d,16,37,0,0.9980212397877604,0.10321287245041363
p6_repo_default_s303_419ceaee248d,16,38,0,0.9975081964633081,0.0903987711984605
p6_repo_default_s303_419ceaee248d,16,39,0,0.9983064142971303,0.08244430410331538
p6_repo_default_s303_419ceaee248d,16,40,0,0.9977750352211471,0.08495721969932417
p6_repo_default_s303_419ceaee248d,16,41,0,0.9865399167322583,0.1744893004739059
p6_repo_default_s303_419ceaee248d,16,42,0,0.9786995344132138,0.2109016429663876
p6_repo_default_s303_419ceaee248d,24,0,0,0.46436093744664714,0.9620276008054902
p6_repo_default_s303_419ceaee248d,24,1,0,0.7463728326435867,0.7478163542073876
p6_repo_default_s303_419ceaee248d,24,2,0,0.9299170464021391,0.39670929798458443
p6_repo_default_s303_419ceaee248d,24,3,0,0.9446761906699435,0.36577150491061877
p6_repo_default_s303_419ceaee248d,24,4,0,0.9634586322825234,0.2888260376666181
p6_repo_default_s303_419ceaee248d,24,5,0,0.9777869305965039,0.23623168245165152
p6_repo_default_s303_419ceaee248d,24,6,0,0.9919661593449656,0.16003723885123253
p6_repo_default_s303_419ceaee248d,24,7,0,0.9936884616994097,0.13757204953125513
p6_repo_default_s303_419ceaee248d,24,8,0,0.9929652208694341,0.13123566917176535
p6_repo_default_s303_419ceaee248d,24,9,0,0.9921914988467643,0.1354920159354054
p6_repo_default_s303_419ceaee248d,24,10,0,0.9948603856771865,0.11149444984302244
p6_repo_default_s303_419ceaee248d,24,11,0,0.9951594968727507,0.11262678315781571
p6_repo_default_s303_419ceaee248d,24,12,0,0.9973713650970326,0.093287476524944
p6_repo_default_s303_419ceaee248d,24,13,0,0.9951237465665049,0.12576306256391573
p6_repo_default_s303_419ceaee248d,24,14,0,0.9970866978686977,0.11079608200609936
p6_repo_default_s303_419ceaee248d,24,15,0,0.9982752501657474,0.08646886743545876
p6_repo_default_s303_419ceaee248d,24,16,0,0.9969822151919805,0.10748670520158068
p6_repo_default_s303_419ceaee248d,24,17,0,0.9978548812568727,0.08524337809132851
p6_repo_default_s303_419ceaee248d,24,18,0,0.9989048444388545,0.06739343898853623
p6_repo_default_s303_419ceaee248d,24,19,0,0.9965049871207337,0.09943386627126993
p6_repo_default_s303_419ceaee248d,24,20,0,0.9970821390852536,0.08759378559279983
p6_repo_default_s303_419ceaee248d,24,21,0,0.9982920596366188,0.08337858374851324
p6_repo_default_s303_419ceaee248d,24,22,0,0.9978852350532031,0.0898147935092361
p6_repo_default_s303_419ceaee248d,24,23,0,0.9983499634368656,0.09030635323108999
p6_repo_default_s303_419ceaee248d,24,24,0,0.9979905473700684,0.10071529938608667
p6_repo_default_s303_419ceaee248d,24,25,0,0.9970001971463712,0.10540984731062057
p6_repo_default_s303_419ceaee248d,24,26,0,0.9973494624997831,0.08933048069821696
p6_repo_default_s303_419ceaee248d,24,27,0,0.9986628452962972,0.07393104567062733
p6_repo_default_s303_419ceaee248d,24,28,0,0.9984538493647662,0.08755597981035403
p6_repo_default_s303_419ceaee248d,24,29,0,0.9966545330202706,0.10864302875543116
p6_repo_default_s303_419ceaee248d,24,30,0,0.9953740872555332,0.10729788368138941
p6_repo_default_s303_419ceaee248d,24,31,0,0.9974639638741317,0.0928924762990595
p6_repo_default_s303_419ceaee248d,24,32,0,0.9977800524347574,0.08229142362967866
p6_repo_default_s303_419ceaee248d,24,33,0,0.9886064516059322,0.1597324789815047
p6_repo_default_s303_419ceaee248d,24,34,0,0.9801752681260307,0.20157502016098502
p6_repo_default_s303_419ceaee248d,32,0,0,0.2697646607441568,1.1093139507926257
p6_repo_default_s303_419ceaee248d,32,1,0,0.6680870952755339,0.9084211896591645
p6_repo_default_s303_419ceaee248d,32,2,0,0.9232581031026693,0.39854957324418494
p6_repo_default_s303_419ceaee248d,32,3,0,0.9649533619643371,0.2700533138848026
p6_repo_default_s303_419ceaee248d,32,4,0,0.9717951885459798,0.24122033311843516
p6_repo_default_s303_419ceaee248d,32,5,0,0.9776535971318295,0.2231499662965088
p6_repo_default_s303_419ceaee248d,32,6,0,0.9890565212140665,0.16393827069452085
p6_repo_default_s303_419ceaee248d,32,7,0,0.9931696554707133,0.12892652691829454
p6_repo_default_s303_419ceaee248d,32,8,0,0.9902363370607267,0.15418926673704822
p6_repo_default_s303_419ceaee248d,32,9,0,0.9950122698698713,0.10806479888694798
p6_repo_default_s303_419ceaee248d,32,10,0,0.9979187674337713,0.07438960431699983
p6_repo_default_s303_419ceaee248d,32,11,0,0.9965744832212277,0.09357866079031203
p6_repo_default_s303_419ceaee248d,32,12,0,0.9966472752330154,0.08997228079728459
p6_repo_default_s303_419ceaee248d,32,13,0,0.9971398669464061,0.09017675232007842
p6_repo_default_s303_419ceaee248d,32,14,0,0.9966532677354157,0.09972725861980838
p6_repo_default_s303_419ceaee248d,32,15,0,0.9977793586325335,0.08921413660464665
p6_repo_default_s303_419ceaee248d,32,16,0,0.9970759068724749,0.10224903132559619
p6_repo_default_s303_419ceaee248d,32,17,0,0.9957013298780407,0.11369659862468401
p6_repo_default_s303_419ceaee248d,32,18,0,0.996742526028683,0.0941332800301755
p6_repo_default_s303_419ceaee248d,32,19,0,0.9975283406141295,0.07953649284124631
p6_repo_default_s303_419ceaee248d,32,20,0,0.9967550460337914,0.09781116866716166
p6_repo_default_s303_419ceaee248d,32,21,0,0.9948093201213208,0.12081920019139528
p6_repo_default_s303_419ceaee248d,32,22,0,0.9937974991521973,0.11599015921643356
p6_repo_default_s303_419ceaee248d,32,23,0,0.9960512142764578,0.09996034335506075
p6_repo_default_s303_419ceaee248d,32,24,0,0.9972653071833709,0.09032445582786634
p6_repo_default_s303_419ceaee248d,32,25,0,0.9858760132234169,0.1717166888008009
p6_repo_default_s303_419ceaee248d,32,26,0,0.9757311088949124,0.22021974572950123
p1_repo_default_s303_f3e3e5960de1,4,0,0,0.2168184636380011,1.132125583500863
p1_repo_default_s303_f3e3e5960de1,4,1,0,0.3445524076031322,1.243406790365314
p1_repo_default_s303_f3e3e5960de1,4,2,0,0.49203941741663015,1.1024841792229678
p1_repo_default_s303_f3e3e5960de1,4,3,0,0.5741037885849746,1.0527240149749542
p1_repo_default_s303_f3e3e5960de1,4,4,0,0.48565599327992276,1.190982066944417
p1_repo_default_s303_f3e3e5960de1,4,5,0,0.401156645273369,1.3248483683654555
p1_repo_default_s303_f3e3e5960de1,4,6,0,0.38629527950601106,1.4827596548943287
p1_repo_default_s303_f3e3e5960de1,4,7,0,0.6268121392518327,0.9758097255115243
p1_repo_default_s303_f3e3e5960de1,4,8,0,0.8633778946013617,0.5510487705270253
p1_repo_default_s303_f3e3e5960de1,4,9,0,0.9902191208519227,0.14160617306139
p1_repo_default_s303_f3e3e5960de1,4,10,0,0.9985005480125762,0.059056532462648144
p1_repo_default_s303_f3e3e5960de1,4,11,0,0.9985896082965555,0.05436512874997992
p1_repo_default_s303_f3e3e5960de1,4,12,0,0.9990685152820243,0.043234615624041295
p1_repo_default_s303_f3e3e5960de1,4,13,0,0.9997270409921107,0.02336985305561763
p1_repo_default_s303_f3e3e5960de1,4,14,0,0.9995274284522208,0.031313293886822684
p1_repo_default_s303_f3e3e5960de1,4,15,0,0.9996710841231004,0.026168231372709513
p1_repo_default_s303_f3e3e5960de1,4,16,0,0.999812268734987,0.021592400421152073
p1_repo_default_s303_f3e3e5960de1,4,17,0,0.9991989068901694,0.041831428315006566
p1_repo_default_s303_f3e3e5960de1,4,18,0,0.999456397558921,0.03318257054117224
p1_repo_default_s303_f3e3e5960de1,4,19,0,0.9998408394697216,0.0202832672566005
p1_repo_default_s303_f3e3e5960de1,4,20,0,0.9997313642678876,0.02600060515047024
p1_repo_default_s303_f3e3e5960de1,4,21,0,0.9994633259009577,0.036087846505422856
p1_repo_default_s303_f3e3e5960de1,4,22,0,0.9995792720496558,0.029063666693315532
p1_repo_default_s303_f3e3e5960de1,4,23,0,0.9997393101434899,0.023643394896950286
p1_repo_default_s303_f3e3e5960de1,4,24,0,0.9995565240764511,0.038595029157191735
p1_repo_default_s303_f3e3e5960de1,4,25,0,0.9997743092884053,0.02434541870147677
p1_repo_default_s303_f3e3e5960de1,4,26,0,0.9995892595795884,0.02877824267349417
p1_repo_default_s303_f3e3e5960de1,4,27,0,0.9996947426687051,0.0248478248881346
p1_repo_default_s303_f3e3e5960de1,4,28,0,0.9994977577383856,0.03181190919325213
p1_repo_default_s303_f3e3e5960de1,4,29,0,0.9993649841668288,0.03713748449250382
p1_repo_default_s303_f3e3e5960de1,4,30,0,0.9995046939480684,0.03261825059138385
p1_repo_default_s303_f3e3e5960de1,4,31,0,0.9996053520483279,0.02811697885736303
p1_repo_default_s303_f3e3e5960de1,4,32,0,0.9997626350216512,0.02301331799175716
p1_repo_default_s303_f3e3e5960de1,4,33,0,0.9996121902312979,0.027902214874106643
p1_repo_default_s303_f3e3e5960de1,4,34,0,0.9991367528468533,0.04155703082043682
p1_repo_default_s303_f3e3e5960de1,4,35,0,0.998500350577686,0.0559653237965098
p1_repo_default_s303_f3e3e5960de1,4,36,0,0.999859501227949,0.017328455436274842
p1_repo_default_s303_f3e3e5960de1,4,37,0,0.9998833940093993,0.01587735902936432
p1_repo_default_s303_f3e3e5960de1,4,38,0,0.9998082499007892,0.019871887135322737
p1_repo_default_s303_f3e3e5960de1,4,39,0,0.9996550330007496,0.02631317790637445
p1_repo_default_s303_f3e3e5960de1,4,40,0,0.9998985473883092,0.014248644128902319
p1_repo_default_s303_f3e3e5960de1,4,41,0,0.9998360079415128,0.0181117690313135
p1_repo_default_s303_f3e3e5960de1,4,42,0,0.9998379927468743,0.018046122763865476
p1_repo_default_s303_f3e3e5960de1,4,43,0,0.999838292599889,0.018056924633397038
p1_repo_default_s303_f3e3e5960de1,4,44,0,0.9997816930842742,0.021746542099008413
p1_repo_default_s303_f3e3e5960de1,4,45,0,0.999790295432321,0.021653166024990504
p1_repo_default_s303_f3e3e5960de1,4,46,0,0.9998354770023014,0.018367247754397572
p1_repo_default_s303_f3e3e5960de1,4,47,0,0.9998106758347088,0.019494855261906332
p1_repo_default_s303_f3e3e5960de1,4,48,0,0.99912083669639,0.042570069246184485
p1_repo_default_s303_f3e3e5960de1,4,49,0,0.9995123196052983,0.03163327723200805
p1_repo_default_s303_f3e3e5960de1,4,50,0,0.9998514383713388,0.017889786649584752
p1_repo_default_s303_f3e3e5960de1,4,51,0,0.9995339060172072,0.030637988956723566
p1_repo_default_s303_f3e3e5960de1,4,52,0,0.9969871835138941,0.0775766961395454
p1_repo_default_s303_f3e3e5960de1,4,53,0,0.9971873341853182,0.07511491303685788
p1_repo_default_s303_f3e3e5960de1,8,0,0,-0.0016825586726446577,1.371715145556877
p1_repo_default_s303_f3e3e5960de1,8,1,0,0.008731078894283139,1.7443088227357173
p1_repo_default_s303_f3e3e5960de1,8,2,0,0.13657318871238502,1.8575105854439646
p1_repo_default_s303_f3e3e5960de1,8,3,0,0.2588596894810211,1.642315503757314
p1_repo_default_s303_f3e3e5960de1,8,4,0,0.5815700502782164,1.062644922167956
p1_repo_default_s303_f3e3e5960de1,8,5,0,0.9355288987560831,0.36240530273208055
p1_repo_default_s303_f3e3e5960de1,8,6,0,0.990805933750285,0.13671640561369924
p1_repo_default_s303_f3e3e5960de1,8,7,0,0.9960006835458084,0.09234194361085048
p1_repo_default_s303_f3e3e5960de1,8,8,0,0.9980990180883731,0.0624360989971407
p1_repo_default_s303_f3e3e5960de1,8,9,0,0.9993033935973611,0.03852042535890138
p1_repo_default_s303_f3e3e5960de1,8,10,0,0.9992271244362109,0.04280736442373322
p1_repo_default_s303_f3e3e5960de1,8,11,0,0.9994740255527608,0.03646869749503914
p1_repo_default_s303_f3e3e5960de1,8,12,0,0.9997213397034328,0.0292498278985198
p1_repo_default_s303_f3e3e5960de1,8,13,0,0.99911543873539,0.04716037097061536
p1_repo_default_s303_f3e3e5960de1,8,14,0,0.9993885646863989,0.03849977183502019
p1_repo_default_s303_f3e3e5960de1,8,15,0,0.9997064217534323,0.029246381963309174
p1_repo_default_s303_f3e3e5960de1,8,16,0,0.9996668157343821,0.02809593618581937
p1_repo_default_s303_f3e3e5960de1,8,17,0,0.9993801452991403,0.041887855515332785
p1_repo_default_s303_f3e3e5960de1,8,18,0,0.9994489741637459,0.03648557438176006
p1_repo_default_s303_f3e3e5960de1,8,19,0,0.9995674851106642,0.03499039182579087
p1_repo_default_s303_f3e3e5960de1,8,20,0,0.9994779165730533,0.04687205266583386
p1_repo_default_s303_f3e3e5960de1,8,21,0,0.9996731968275197,0.03698921481139333
p1_repo_default_s303_f3e3e5960de1,8,22,0,0.9993836123102485,0.03872776347320608
p1_repo_default_s303_f3e3e5960de1,8,23,0,0.999306808190338,0.038566070858634
p1_repo_default_s303_f3e3e5960de1,8,24,0,0.9997116808137724,0.028984431251252028
p1_repo_default_s303_f3e3e5960de1,8,25,0,0.9997118099916691,0.03701004257754315
p1_repo_default_s303_f3e3e5960de1,8,26,0,0.999403614299927,0.03994634326367142
p1_repo_default_s303_f3e3e5960de1,8,27,0,0.9995569037329204,0.03373252203160891
p1_repo_default_s303_f3e3e5960de1,8,28,0,0.9990266220206995,0.045954709200455655
p1_repo_default_s303_f3e3e5960de1,8,29,0,0.9985780737570381,0.05809734601855903
p1_repo_default_s303_f3e3e5960de1,8,30,0,0.998742657362121,0.05279961026713553
p1_repo_default_s303_f3e3e5960de1,8,31,0,0.9981558452371282,0.06396258932439303
p1_repo_default_s303_f3e3e5960de1,8,32,0,0.9996779709905323,0.029895962362606956
p1_repo_default_s303_f3e3e5960de1,8,33,0,0.9997667936936158,0.026012231702407955
p1_repo_default_s303_f3e3e5960de1,8,34,0,0.9996003183111271,0.033603245402421364
p1_repo_default_s303_f3e3e5960de1,8,35,0,0.9993420211823687,0.04110373190098358
p1_repo_default_s303_f3e3e5960de1,8,36,0,0.9997673181813514,0.02954813277017196
p1_repo_default_s303_f3e3e5960de1,8,37,0,0.9996244290604339,0.029972180294119043
p1_repo_default_s303_f3e3e5960de1,8,38,0,0.9993495922221889,0.03927396541747516
p1_repo_default_s303_f3e3e5960de1,8,39,0,0.9996362881136306,0.032064110674095335
p1_repo_default_s303_f3e3e5960de1,8,40,0,0.9993324603028446,0.04396770540568674
p1_repo_default_s303_f3e3e5960de1,8,41,0,0.9993787955504666,0.042531100225780334
p1_repo_default_s303_f3e3e5960de1,8,42,0,0.9995113380833265,0.03809809953725055
p1_repo_default_s303_f3e3e5960de1,8,43,0,0.9995838710971268,0.035369014192840185
p1_repo_default_s303_f3e3e5960de1,8,44,0,0.9988132916140251,0.053431561143417426
p1_repo_default_s303_f3e3e5960de1,8,45,0,0.9989752484786881,0.04853298698623633
p1_repo_default_s303_f3e3e5960de1,8,46,0,0.9995395797474236,0.03327538589588605
p1_repo_default_s303_f3e3e5960de1,8,47,0,0.9983859682012263,0.05850558069248141
p1_repo_default_s303_f3e3e5960de1,8,48,0,0.99447575996082,0.10525326934228883
p1_repo_default_s303_f3e3e5960de1,8,49,0,0.9928927047498656,0.12001462740233917
p1_repo_default_s303_f3e3e5960de1,12,0,0,0.21808378780797716,1.277476788312708
p1_repo_default_s303_f3e3e5960de1,12,1,0,0.5385737668903388,0.9934153572814826
p1_repo_default_s303_f3e3e5960de1,12,2,0,0.9370665583495315,0.3510919942213741
p1_repo_default_s303_f3e3e5960de1,12,3,0,0.9666078631384749,0.2709876750523188
p1_repo_default_s303_f3e3e5960de1,12,4,0,0.9870270154876992,0.16984973546854096
p1_repo_default_s303_f3e3e5960de1,12,5,0,0.9952737179483775,0.10413796988908165
p1_repo_default_s303_f3e3e5960de1,12,6,0,0.9961365780587585,0.10875668417843873
p1_repo_default_s303_f3e3e5960de1,12,7,0,0.99700095733076,0.09547364752222971
p1_repo_default_s303_f3e3e5960de1,12,8,0,0.998280964889722,0.07428600477696937
p1_repo_default_s303_f3e3e5960de1,12,9,0,0.9969326795627221,0.09683822710162025
p1_repo_default_s303_f3e3e5960de1,12,10,0,0.9980375413352719,0.07581332520355356
p1_repo_default_s303_f3e3e5960de1,12,11,0,0.9989259455364617,0.06291729387627841
p1_repo_default_s303_f3e3e5960de1,12,12,0,0.9987956686071783,0.061464714666284954
p1_repo_default_s303_f3e3e5960de1,12,13,0,0.9985875168369075,0.07546805594139579
p1_repo_default_s303_f3e3e5960de1,12,14,0,0.9984407869913297,0.07390247394290897
p1_repo_default_s303_f3e3e5960de1,12,15,0,0.9986071140451763,0.06613775444371012
p1_repo_default_s303_f3e3e5960de1,12,16,0,0.9989429807730494,0.06610900709501816
p1_repo_default_s303_f3e3e5960de1,12,17,0,0.9993118677076127,0.059617587642691004
p1_repo_default_s303_f3e3e5960de1,12,18,0,0.9987366324285003,0.07092091184451121
p1_repo_default_s303_f3e3e5960de1,12,19,0,0.9983778940699168,0.06978471609591488
p1_repo_default_s303_f3e3e5960de1,12,20,0,0.9993049145319984,0.06123769448507857
p1_repo_default_s303_f3e3e5960de1,12,21,0,0.9991214456076427,0.07868048183659897
p1_repo_default_s303_f3e3e5960de1,12,22,0,0.9988466628573627,0.070272570184654
p1_repo_default_s303_f3e3e5960de1,12,23,0,0.9989806364953215,0.06810044645608483
p1_repo_default_s303_f3e3e5960de1,12,24,0,0.9989663818585385,0.06992806050445013
p1_repo_default_s303_f3e3e5960de1,12,25,0,0.9982319748953273,0.08825158568136433
p1_repo_default_s303_f3e3e5960de1,12,26,0,0.9969533250987306,0.0905288547215863
p1_repo_default_s303_f3e3e5960de1,12,27,0,0.9960836920336983,0.09769223134296129
p1_repo_default_s303_f3e3e5960de1,12,28,0,0.9988339599645707,0.0593179853909287
p1_repo_default_s303_f3e3e5960de1,12,29,0,0.9992189257235035,0.04764438526567877
p1_repo_default_s303_f3e3e5960de1,12,30,0,0.9987461831766068,0.07345846269659298
p1_repo_default_s303_f3e3e5960de1,12,31,0,0.9980316738894285,0.09132949408532968
p1_repo_default_s303_f3e3e5960de1,12,32,0,0.9992948333914468,0.059600424788897356
p1_repo_default_s303_f3e3e5960de1,12,33,0,0.9991478122313571,0.05875929411658018
p1_repo_default_s303_f3e3e5960de1,12,34,0,0.9985595338041008,0.06718056168090815
p1_repo_default_s303_f3e3e5960de1,12,35,0,0.9991266357379843,0.059684676777305656
p1_repo_default_s303_f3e3e5960de1,12,36,0,0.9982644978807371,0.08347470918384418
p1_repo_default_s303_f3e3e5960de1,12,37,0,0.9986065475627411,0.07396182519269333
p1_repo_default_s303_f3e3e5960de1,12,38,0,0.9991030591911282,0.06264402465659864
p1_repo_default_s303_f3e3e5960de1,12,39,0,0.9992126809041177,0.05420602117332495
p1_repo_default_s303_f3e3e5960de1,12,40,0,0.9981942551420773,0.0762232730292173
p1_repo_default_s303_f3e3e5960de1,12,41,0,0.9981640315053584,0.07372443462905195
p1_repo_default_s303_f3e3e5960de1,12,42,0,0.9989177809260297,0.05609053171219487
p1_repo_default_s303_f3e3e5960de1,12,43,0,0.9968953426689914,0.08610258427049343
p1_repo_default_s303_f3e3e5960de1,12,44,0,0.9911211345244457,0.13307717340224218
p1_repo_default_s303_f3e3e5960de1,12,45,0,0.9891251954458411,0.14783753150861553
p1_repo_default_s303_f3e3e5960de1,16,0,0,0.4585082479550293,0.9540566325190992
p1_repo_default_s303_f3e3e5960de1,16,1,0,0.7765528838930275,0.6753701532083712
p1_repo_default_s303_f3e3e5960de1,16,2,0,0.8900035093633237,0.4897136492043626
p1_repo_default_s303_f3e3e5960de1,16,3,0,0.9533903481176752,0.3259063323742842
p1_repo_default_s303_f3e3e5960de1,16,4,0,0.9847235880231222,0.18273911586841185
p1_repo_default_s303_f3e3e5960de1,16,5,0,0.9872992375477284,0.1731453817942074
p1_repo_default_s303_f3e3e5960de1,16,6,0,0.9929189488174999,0.12776436530108412
p1_repo_default_s303_f3e3e5960de1,16,7,0,0.996908946724045,0.09224753575071341
p1_repo_default_s303_f3e3e5960de1,16,8,0,0.9965094313141776,0.09827770323052645
p1_repo_default_s303_f3e3e5960de1,16,9,0,0.9947744463584197,0.12397641447254393
p1_repo_default_s303_f3e3e5960de1,16,10,0,0.995085558862445,0.11040969867762916
p1_repo_default_s303_f3e3e5960de1,16,11,0,0.9967895340956663,0.09247410958876408
p1_repo_default_s303_f3e3e5960de1,16,12,0,0.9977739214894387,0.08460223389983407
p1_repo_default_s303_f3e3e5960de1,16,13,0,0.9988759384744769,0.07691812016175618
p1_repo_default_s303_f3e3e5960de1,16,14,0,0.9978026376316963,0.09397229006818439
p1_repo_default_s303_f3e3e5960de1,16,15,0,0.9972359276090802,0.08918498710924049
p1_repo_default_s303_f3e3e5960de1,16,16,0,0.9986942226727443,0.07830653956843012
p1_repo_default_s303_f3e3e5960de1,16,17,0,0.9981703317645261,0.10744439171955839
p1_repo_default_s303_f3e3e5960de1,16,18,0,0.9973885878124337,0.09314209225394086
p1_repo_default_s303_f3e3e5960de1,16,19,0,0.9981074952302921,0.0866981211142151
p1_repo_default_s303_f3e3e5960de1,16,20,0,0.9981507585419337,0.08822063914260098
p1_repo_default_s303_f3e3e5960de1,16,21,0,0.995292585428952,0.1258606473899188
p1_repo_default_s303_f3e3e5960de1,16,22,0,0.994926454385407,0.11775922946317341
p1_repo_default_s303_f3e3e5960de1,16,23,0,0.9936980994144057,0.12329434398007476
p1_repo_default_s303_f3e3e5960de1,16,24,0,0.998333745516041,0.07209750467383282
p1_repo_default_s303_f3e3e5960de1,16,25,0,0.9987255338472485,0.059263901994976755
p1_repo_default_s303_f3e3e5960de1,16,26,0,0.9974421970586337,0.09434661288815782
p1_repo_default_s303_f3e3e5960de1,16,27,0,0.9961192484464038,0.10984567748024501
p1_repo_default_s303_f3e3e5960de1,16,28,0,0.99812331767914,0.07615395938993075
p1_repo_default_s303_f3e3e5960de1,16,29,0,0.9981677739050134,0.07719844724728242
p1_repo_default_s303_f3e3e5960de1,16,30,0,0.9964821749453003,0.09750178762840946
p1_repo_default_s303_f3e3e5960de1,16,31,0,0.9979831717057687,0.08096459629398348
p1_repo_default_s303_f3e3e5960de1,16,32,0,0.9969243767119076,0.10904292391852811
p1_repo_default_s303_f3e3e5960de1,16,33,0,0.9977729997013338,0.09066126675236802
p1_repo_default_s303_f3e3e5960de1,16,34,0,0.9983656490306665,0.08458646647116214
p1_repo_default_s303_f3e3e5960de1,16,35,0,0.9987123042693542,0.07360086248747381
p1_repo_default_s303_f3e3e5960de1,16,36,0,0.9975920473891385,0.0918548606577842
p1_repo_default_s303_f3e3e5960de1,16,37,0,0.9969877172282942,0.09640339037232519
p1_repo_default_s303_f3e3e5960de1,16,38,0,0.9982878082674349,0.07033609378695573
p1_repo_default_s303_f3e3e5960de1,16,39,0,0.9948562573910095,0.11182279365515564
p1_repo_default_s303_f3e3e5960de1,16,40,0,0.9900358831074133,0.14198950597197968
p1_repo_default_s303_f3e3e5960de1,16,41,0,0.9873541602629194,0.1601983136919972
p1_repo_default_s303_f3e3e5960de1,24,0,0,0.4157493097654071,0.9549134448898612
p1_repo_default_s303_f3e3e5960de1,24,1,0,0.608453637610698,0.9509235402695502
p1_repo_default_s303_f3e3e5960de1,24,2,0,0.7901952137856111,0.6697822405317817
p1_repo_default_s303_f3e3e5960de1,24,3,0,0.9381556020406479,0.35906839243718686
p1_repo_default_s303_f3e3e5960de1,24,4,0,0.9750135566445433,0.23883312284800068
p1_repo_default_s303_f3e3e5960de1,24,5,0,0.9908537777081352,0.14922224661364009
p1_repo_default_s303_f3e3e5960de1,24,6,0,0.9909111466333401,0.1476677229681902
p1_repo_default_s303_f3e3e5960de1,24,7,0,0.9891247193620368,0.16304049239164295
p1_repo_default_s303_f3e3e5960de1,24,8,0,0.992967487776435,0.13431319735275266
p1_repo_default_s303_f3e3e5960de1,24,9,0,0.9951002175034769,0.11722952539607064
p1_repo_default_s303_f3e3e5960de1,24,10,0,0.9956231574060607,0.10711912260901725
p1_repo_default_s303_f3e3e5960de1,24,11,0,0.9958251170565297,0.10479875797601527
p1_repo_default_s303_f3e3e5960de1,24,12,0,0.9967938999270411,0.09669003721780924
p1_repo_default_s303_f3e3e5960de1,24,13,0,0.9928894667734007,0.14117276063463619
p1_repo_default_s303_f3e3e5960de1,24,14,0,0.9945634530067404,0.11996707280497731
p1_repo_default_s303_f3e3e5960de1,24,15,0,0.9943323347352492,0.12079170419144453
p1_repo_default_s303_f3e3e5960de1,24,16,0,0.9979550716198623,0.08093114432347609
p1_repo_default_s303_f3e3e5960de1,24,17,0,0.9984201875002374,0.06770563145228768
p1_repo_default_s303_f3e3e5960de1,24,18,0,0.9965258934780109,0.11273324791104988
p1_repo_default_s303_f3e3e5960de1,24,19,0,0.9972909777195853,0.0980895436131277
p1_repo_default_s303_f3e3e5960de1,24,20,0,0.9987688446810616,0.06756255705002569
p1_repo_default_s303_f3e3e5960de1,24,21,0,0.9983457592151516,0.0829811273955084
p1_repo_default_s303_f3e3e5960de1,24,22,0,0.9973958542666879,0.08892861934572453
p1_repo_default_s303_f3e3e5960de1,24,23,0,0.9979681894406769,0.08234988281977952
p1_repo_default_s303_f3e3e5960de1,24,24,0,0.9968563953763176,0.10689527751104005
p1_repo_default_s303_f3e3e5960de1,24,25,0,0.9980950622242774,0.0789958237352041
p1_repo_default_s303_f3e3e5960de1,24,26,0,0.9988227642982124,0.07369219718427351
p1_repo_default_s303_f3e3e5960de1,24,27,0,0.9986525655251304,0.07585124874699148
p1_repo_default_s303_f3e3e5960de1,24,28,0,0.9977926540318415,0.08447646870891713
p1_repo_default_s303_f3e3e5960de1,24,29,0,0.9974220968446804,0.08842687017725283
p1_repo_default_s303_f3e3e5960de1,24,30,0,0.9982480579955357,0.0686192028656691
p1_repo_default_s303_f3e3e5960de1,24,31,0,0.9957309165723369,0.1021044048864205
p1_repo_default_s303_f3e3e5960de1,24,32,0,0.9883670658409601,0.15214037464400657
p1_repo_default_s303_f3e3e5960de1,24,33,0,0.9897508674797125,0.14329911131595438
p1_repo_default_s303_f3e3e5960de1,32,0,0,0.49718713339940984,0.9023091839382218
p1_repo_default_s303_f3e3e5960de1,32,1,0,0.7479297113789021,0.6973290171748727
p1_repo_default_s303_f3e3e5960de1,32,2,0,0.8804638163930615,0.5081171042190112
p1_repo_default_s303_f3e3e5960de1,32,3,0,0.9513428809037126,0.32765998040023
p1_repo_default_s303_f3e3e5960de1,32,4,0,0.9697255704479752,0.2549671834540934
p1_repo_default_s303_f3e3e5960de1,32,5,0,0.9641352183564224,0.2818940342269577
p1_repo_default_s303_f3e3e5960de1,32,6,0,0.9786915235709841,0.22316961443159575
p1_repo_default_s303_f3e3e5960de1,32,7,0,0.9865138591564645,0.17424425113027756
p1_repo_default_s303_f3e3e5960de1,32,8,0,0.9949009334099975,0.11087976386407125
p1_repo_default_s303_f3e3e5960de1,32,9,0,0.9959073566051028,0.09583631198505381
p1_repo_default_s303_f3e3e5960de1,32,10,0,0.9930913264439268,0.12694313006159474
p1_repo_default_s303_f3e3e5960de1,32,11,0,0.9929359509665844,0.1290697211907117
p1_repo_default_s303_f3e3e5960de1,32,12,0,0.9969063193387466,0.08673013396684126
p1_repo_default_s303_f3e3e5960de1,32,13,0,0.9969095516780474,0.0959672755228343
p1_repo_default_s303_f3e3e5960de1,32,14,0,0.9947844596420308,0.11671913627704802
p1_repo_default_s303_f3e3e5960de1,32,15,0,0.9966108512553886,0.09138313602694079
p1_repo_default_s303_f3e3e5960de1,32,16,0,0.9955306608032513,0.11097433077857864
p1_repo_default_s303_f3e3e5960de1,32,17,0,0.9973448465272258,0.07917004714185556
p1_repo_default_s303_f3e3e5960de1,32,18,0,0.9979971184196139,0.07570907399145657
p1_repo_default_s303_f3e3e5960de1,32,19,0,0.997677728081173,0.07952754513097497
p1_repo_default_s303_f3e3e5960de1,32,20,0,0.9955169261619252,0.10246693273993511
p1_repo_default_s303_f3e3e5960de1,32,21,0,0.9944745924139585,0.10762598773134187
p1_repo_default_s303_f3e3e5960de1,32,22,0,0.9966555409194511,0.08274595086951082
p1_repo_default_s303_f3e3e5960de1,32,23,0,0.996148232596613,0.09081940673881309
p1_repo_default_s303_f3e3e5960de1,32,24,0,0.9860415941916867,0.16672725877212977
p1_repo_default_s303_f3e3e5960de1,32,25,0,0.9905522453758088,0.13726373242586923
p6_repo_default_s101_4b18773fd91c,4,0,0,0.5690119913305632,0.864642486974153
p6_repo_default_s101_4b18773fd91c,4,1,0,0.8233718741039044,0.661589613803844
p6_repo_default_s101_4b18773fd91c,4,2,0,0.9429260889338804,0.3817550129510574
p6_repo_default_s101_4b18773fd91c,4,3,0,0.9586401326394774,0.3151752103065187
p6_repo_default_s101_4b18773fd91c,4,4,0,0.9838350062629587,0.18453908407284011
p6_repo_default_s101_4b18773fd91c,4,5,0,0.9908237603027993,0.14537886612810086
p6_repo_default_s101_4b18773fd91c,4,6,0,0.9951427687399089,0.12655031821171825
p6_repo_default_s101_4b18773fd91c,4,7,0,0.9958346710168071,0.10574973075996807
p6_repo_default_s101_4b18773fd91c,4,8,0,0.9971441365253647,0.09416574653888271
p6_repo_default_s101_4b18773fd91c,4,9,0,0.9981767454108651,0.08624384919697231
p6_repo_default_s101_4b18773fd91c,4,10,0,0.9978943349459474,0.08811883726634322
p6_repo_default_s101_4b18773fd91c,4,11,0,0.9973122667459754,0.11330788976262317
p6_repo_default_s101_4b18773fd91c,4,12,0,0.9972266971477622,0.10111810652005074
p6_repo_default_s101_4b18773fd91c,4,13,0,0.9982519516893378,0.08337044836021383
p6_repo_default_s101_4b18773fd91c,4,14,0,0.9988081723673707,0.06480688140177518
p6_repo_default_s101_4b18773fd91c,4,15,0,0.9989325979021209,0.05897883036446852
p6_repo_default_s101_4b18773fd91c,4,16,0,0.9973020627082368,0.09363366691119608
p6_repo_default_s101_4b18773fd91c,4,17,0,0.9968715163223631,0.09754255224419114
p6_repo_default_s101_4b18773fd91c,4,18,0,0.9974047496100277,0.09514479667607914
p6_repo_default_s101_4b18773fd91c,4,19,0,0.9986151296180906,0.0801786690883598
p6_repo_default_s101_4b18773fd91c,4,20,0,0.9989885797851691,0.0687713178900395
p6_repo_default_s101_4b18773fd91c,4,21,0,0.9992502731770746,0.0672007495292868
p6_repo_default_s101_4b18773fd91c,4,22,0,0.9984529191493882,0.08276440223213728
p6_repo_default_s101_4b18773fd91c,4,23,0,0.9992393018449562,0.05086178656863646
p6_repo_default_s101_4b18773fd91c,4,24,0,0.999450658054567,0.042634243869146306
p6_repo_default_s101_4b18773fd91c,4,25,0,0.9993660330937271,0.040084236798918836
p6_repo_default_s101_4b18773fd91c,4,26,0,0.9991369636307331,0.05467565674988414
p6_repo_default_s101_4b18773fd91c,4,27,0,0.9988224087826367,0.06254878653032214
p6_repo_default_s101_4b18773fd91c,4,28,0,0.9990424295917006,0.05857517108517087
p6_repo_default_s101_4b18773fd91c,4,29,0,0.9991101828049833,0.06516240468393984
p6_repo_default_s101_4b18773fd91c,4,30,0,0.998885607334019,0.060313567169713825
p6_repo_default_s101_4b18773fd91c,4,31,0,0.999102883577647,0.06591453636146037
p6_repo_default_s101_4b18773fd91c,4,32,0,0.9991886921176871,0.051314245733651453
p6_repo_default_s101_4b18773fd91c,4,33,0,0.9975900179548856,0.08730273232903044
p6_repo_default_s101_4b18773fd91c,4,34,0,0.999368747138626,0.0536484973376514
p6_repo_default_s101_4b18773fd91c,4,35,0,0.9990224735073091,0.057108179204176816
p6_repo_default_s101_4b18773fd91c,4,36,0,0.9991772282821203,0.05141568541898864
p6_repo_default_s101_4b18773fd91c,4,37,0,0.9991167264548758,0.06421224146622424
p6_repo_default_s101_4b18773fd91c,4,38,0,0.9990588624993255,0.06231805025737099
p6_repo_default_s101_4b18773fd91c,4,39,0,0.9985640214808504,0.06773465437519587
p6_repo_default_s101_4b18773fd91c,4,40,0,0.9991014999745238,0.053384781023354956
p6_repo_default_s101_4b18773fd91c,4,41,0,0.9993742385647179,0.05017063024171067
p6_repo_default_s101_4b18773fd91c,4,42,0,0.9992940731109786,0.05946871143043957
p6_repo_default_s101_4b18773fd91c,4,43,0,0.9990395967033725,0.05598606469395434
p6_repo_default_s101_4b18773fd91c,4,44,0,0.9991020087452476,0.056290005577352635
p6_repo_default_s101_4b18773fd91c,4,45,0,0.9977227390801244,0.07658546689556789
p6_repo_default_s101_4b18773fd91c,4,46,0,0.9847717085808834,0.17533920466795982
p6_repo_default_s101_4b18773fd91c,4,47,0,0.9830667804190897,0.18417924692699744
p6_repo_default_s101_4b18773fd91c,4,48,0,0.9919676976134737,0.13769323937943545
p6_repo_default_s101_4b18773fd91c,4,49,0,0.9918678002574663,0.12740192965247588
p6_repo_default_s101_4b18773fd91c,8,0,0,0.49615740058704877,0.9144221344470439
p6_repo_default_s101_4b18773fd91c,8,1,0,0.8256621889201473,0.6276002928438815
p6_repo_default_s101_4b18773fd91c,8,2,0,0.9503955901183917,0.34620717619207375
p6_repo_default_s101_4b18773fd91c,8,3,0,0.9656946675188856,0.2743408668783477
p6_repo_default_s101_4b18773fd91c,8,4,0,0.9823409024119698,0.2069394921921328
p6_repo_default_s101_4b18773fd91c,8,5,0,0.9911344644202178,0.14962676242163161
p6_repo_default_s101_4b18773fd91c,8,6,0,0.9939260700052605,0.1271322342071711
p6_repo_default_s101_4b18773fd91c,8,7,0,0.9949315364848543,0.12178607121138663
p6_repo_default_s101_4b18773fd91c,8,8,0,0.9959850105703975,0.10426497670348353
p6_repo_default_s101_4b18773fd91c,8,9,0,0.99727621994774,0.09102420770756699
p6_repo_default_s101_4b18773fd91c,8,10,0,0.9987907946075488,0.06394943330288692
p6_repo_default_s101_4b18773fd91c,8,11,0,0.9979912584131702,0.0710849242221249
p6_repo_default_s101_4b18773fd91c,8,12,0,0.9951694016094146,0.12139376265406678
p6_repo_default_s101_4b18773fd91c,8,13,0,0.9948409914513803,0.11240887599579234
p6_repo_default_s101_4b18773fd91c,8,14,0,0.9964893524403045,0.09290150343622273
p6_repo_default_s101_4b18773fd91c,8,15,0,0.998326012063149,0.07884652647404511
p6_repo_default_s101_4b18773fd91c,8,16,0,0.9986561486921568,0.076421759039296
p6_repo_default_s101_4b18773fd91c,8,17,0,0.9990192556943479,0.07365708453301123
p6_repo_default_s101_4b18773fd91c,8,18,0,0.9979946429195995,0.09046438410912178
p6_repo_default_s101_4b18773fd91c,8,19,0,0.9989940972274624,0.05753041279091174
p6_repo_default_s101_4b18773fd91c,8,20,0,0.9989692115127637,0.050794857637008355
p6_repo_default_s101_4b18773fd91c,8,21,0,0.9989024975429794,0.04876842889270627
p6_repo_default_s101_4b18773fd91c,8,22,0,0.9988818105116306,0.062219477183479845
p6_repo_default_s101_4b18773fd91c,8,23,0,0.9988182242702172,0.06918858372041842
p6_repo_default_s101_4b18773fd91c,8,24,0,0.9994246621598352,0.05723438496659909
p6_repo_default_s101_4b18773fd91c,8,25,0,0.999175757815507,0.06773258957385678
p6_repo_default_s101_4b18773fd91c,8,26,0,0.9986065187225843,0.06596204959067244
p6_repo_default_s101_4b18773fd91c,8,27,0,0.999082605544153,0.05966137421297962
p6_repo_default_s101_4b18773fd91c,8,28,0,0.9989430098778111,0.059032299281223694
p6_repo_default_s101_4b18773fd91c,8,29,0,0.9966825258654067,0.10147145580967402
p6_repo_default_s101_4b18773fd91c,8,30,0,0.9990273363190176,0.06143525758894687
p6_repo_default_s101_4b18773fd91c,8,31,0,0.9987567549714574,0.06277201929809609
p6_repo_default_s101_4b18773fd91c,8,32,0,0.9988100630009589,0.06020790619292838
p6_repo_default_s101_4b18773fd91c,8,33,0,0.9988190686781153,0.0704992520608167
p6_repo_default_s101_4b18773fd91c,8,34,0,0.9986989078980746,0.07243957687845466
p6_repo_default_s101_4b18773fd91c,8,35,0,0.998245733025622,0.07177005994646905
p6_repo_default_s101_4b18773fd91c,8,36,0,0.9984529253175061,0.06430688822669829
p6_repo_default_s101_4b18773fd91c,8,37,0,0.999188521982374,0.05751390464024712
p6_repo_default_s101_4b18773fd91c,8,38,0,0.9990463205731506,0.06690315346164204
p6_repo_default_s101_4b18773fd91c,8,39,0,0.9986569077593279,0.06227867062583597
p6_repo_default_s101_4b18773fd91c,8,40,0,0.9988560248237148,0.06309965866253575
p6_repo_default_s101_4b18773fd91c,8,41,0,0.9974327726991505,0.08274581688734324
p6_repo_default_s101_4b18773fd91c,8,42,0,0.9896340667758393,0.14524089702967663
p6_repo_default_s101_4b18773fd91c,8,43,0,0.9877366909619846,0.1570774320272281
p6_repo_default_s101_4b18773fd91c,8,44,0,0.9928939738657558,0.1293480709509439
p6_repo_default_s101_4b18773fd91c,8,45,0,0.9929358438566577,0.11951887356186394
p6_repo_default_s101_4b18773fd91c,12,0,0,0.5086175235430542,0.9311559605766415
p6_repo_default_s101_4b18773fd91c,12,1,0,0.8345560280597288,0.5825883968148686
p6_repo_default_s101_4b18773fd91c,12,2,0,0.9355866793649357,0.3663368308800966
p6_repo_default_s101_4b18773fd91c,12,3,0,0.9537594699172859,0.3102718475765418
p6_repo_default_s101_4b18773fd91c,12,4,0,0.9715187558290456,0.24229158929374162
p6_repo_default_s101_4b18773fd91c,12,5,0,0.9891039311063917,0.15313270466087958
p6_repo_default_s101_4b18773fd91c,12,6,0,0.9954087493735109,0.09945686532119592
p6_repo_default_s101_4b18773fd91c,12,7,0,0.9924176856876129,0.12485442579707565
p6_repo_default_s101_4b18773fd91c,12,8,0,0.9909857216973468,0.15034303454481107
p6_repo_default_s101_4b18773fd91c,12,9,0,0.9895000628891572,0.15147898320139255
p6_repo_default_s101_4b18773fd91c,12,10,0,0.9925742843887941,0.12210236641852174
p6_repo_default_s101_4b18773fd91c,12,11,0,0.9978342409751381,0.07723329313035061
p6_repo_default_s101_4b18773fd91c,12,12,0,0.9983473673197086,0.0728842083527536
p6_repo_default_s101_4b18773fd91c,12,13,0,0.9987414028754044,0.06823592913396602
p6_repo_default_s101_4b18773fd91c,12,14,0,0.9978240348639703,0.08469230366518213
p6_repo_default_s101_4b18773fd91c,12,15,0,0.998797119149457,0.05622347681162145
p6_repo_default_s101_4b18773fd91c,12,16,0,0.9989420755245675,0.047614093081151394
p6_repo_default_s101_4b18773fd91c,12,17,0,0.999386538140357,0.03647813749040259
p6_repo_default_s101_4b18773fd91c,12,18,0,0.9988736504834518,0.05758717681170156
p6_repo_default_s101_4b18773fd91c,12,19,0,0.9986468514538467,0.06889978503785472
p6_repo_default_s101_4b18773fd91c,12,20,0,0.9993353298343008,0.051277659569212784
p6_repo_default_s101_4b18773fd91c,12,21,0,0.9991151268406291,0.060004853288981586
p6_repo_default_s101_4b18773fd91c,12,22,0,0.9987163192911142,0.059006318206764656
p6_repo_default_s101_4b18773fd91c,12,23,0,0.9991036817340141,0.04842844741276631
p6_repo_default_s101_4b18773fd91c,12,24,0,0.9991322792671138,0.04541129431918851
p6_repo_default_s101_4b18773fd91c,12,25,0,0.9976467851955422,0.08556114746426069
p6_repo_default_s101_4b18773fd91c,12,26,0,0.9993189883951826,0.05151281354122283
p6_repo_default_s101_4b18773fd91c,12,27,0,0.9989696266023469,0.056117702655966176
p6_repo_default_s101_4b18773fd91c,12,28,0,0.9985747827906256,0.060333263078574895
p6_repo_default_s101_4b18773fd91c,12,29,0,0.9984833094871447,0.06772679210421241
p6_repo_default_s101_4b18773fd91c,12,30,0,0.9981016783247658,0.07357890744104957
p6_repo_default_s101_4b18773fd91c,12,31,0,0.9981367733665679,0.06906131129129717
p6_repo_default_s101_4b18773fd91c,12,32,0,0.9985793502114723,0.05810709654243488
p6_repo_default_s101_4b18773fd91c,12,33,0,0.9991367054858358,0.05334823392972595
p6_repo_default_s101_4b18773fd91c,12,34,0,0.9989021478035153,0.06393315473549104
p6_repo_default_s101_4b18773fd91c,12,35,0,0.9986403554663096,0.060143459413683646
p6_repo_default_s101_4b18773fd91c,12,36,0,0.9989750959831761,0.05837382826092847
p6_repo_default_s101_4b18773fd91c,12,37,0,0.9976822309315194,0.07770520485536145
p6_repo_default_s101_4b18773fd91c,12,38,0,0.9873624192709771,0.15922750881190603
p6_repo_default_s101_4b18773fd91c,12,39,0,0.9860669729036192,0.16678443295479045
p6_repo_default_s101_4b18773fd91c,12,40,0,0.992248392556352,0.1329494111219899
p6_repo_default_s101_4b18773fd91c,12,41,0,0.9922850777566486,0.12404779289347395
p6_repo_default_s101_4b18773fd91c,16,0,0,0.20118020509537266,1.2430700495151332
p6_repo_default_s101_4b18773fd91c,16,1,0,0.7136256769557244,0.8015023618362926
p6_repo_default_s101_4b18773fd91c,16,2,0,0.9220051656969767,0.4146498161105343
p6_repo_default_s101_4b18773fd91c,16,3,0,0.9592115257556992,0.2965216795696449
p6_repo_default_s101_4b18773fd91c,16,4,0,0.9642224751032316,0.28174611351431267
p6_repo_default_s101_4b18773fd91c,16,5,0,0.9587426222863711,0.30101460758414605
p6_repo_default_s101_4b18773fd91c,16,6,0,0.9802579923978227,0.19798118027990624
p6_repo_default_s101_4b18773fd91c,16,7,0,0.994598873232488,0.10701219006779754
p6_repo_default_s101_4b18773fd91c,16,8,0,0.996648839810608,0.09253161025343395
p6_repo_default_s101_4b18773fd91c,16,9,0,0.997240971245533,0.08581927560769038
p6_repo_default_s101_4b18773fd91c,16,10,0,0.9958959707414463,0.1028679053997647
p6_repo_default_s101_4b18773fd91c,16,11,0,0.9971425977569309,0.0793451624336823
p6_repo_default_s101_4b18773fd91c,16,12,0,0.997728389110493,0.06795139070135209
p6_repo_default_s101_4b18773fd91c,16,13,0,0.9986784850393354,0.0517953280673117
p6_repo_default_s101_4b18773fd91c,16,14,0,0.9982578015170028,0.06645206671996631
p6_repo_default_s101_4b18773fd91c,16,15,0,0.9977730982826517,0.08062004669828991
p6_repo_default_s101_4b18773fd91c,16,16,0,0.999155594193944,0.056449919852167275
p6_repo_default_s101_4b18773fd91c,16,17,0,0.9986440418792781,0.068918452492011
p6_repo_default_s101_4b18773fd91c,16,18,0,0.9983503674546992,0.06437732466959377
p6_repo_default_s101_4b18773fd91c,16,19,0,0.9986451380937817,0.0536751127977088
p6_repo_default_s101_4b18773fd91c,16,20,0,0.9985011967960274,0.05494502764504301
p6_repo_default_s101_4b18773fd91c,16,21,0,0.9972332050158427,0.08485548708000841
p6_repo_default_s101_4b18773fd91c,16,22,0,0.9992103125817213,0.0496377466215136
p6_repo_default_s101_4b18773fd91c,16,23,0,0.9988737825191504,0.05510999447248511
p6_repo_default_s101_4b18773fd91c,16,24,0,0.998845077821115,0.05360606754455191
p6_repo_default_s101_4b18773fd91c,16,25,0,0.9989465719070709,0.06357847711608546
p6_repo_default_s101_4b18773fd91c,16,26,0,0.9981107368618428,0.07549464757530633
p6_repo_default_s101_4b18773fd91c,16,27,0,0.9980638683985544,0.07155679831791886
p6_repo_default_s101_4b18773fd91c,16,28,0,0.9987409235690081,0.05312468163939295
p6_repo_default_s101_4b18773fd91c,16,29,0,0.9983951957485423,0.06322546620251239
p6_repo_default_s101_4b18773fd91c,16,30,0,0.9983701396166883,0.06603871564875051
p6_repo_default_s101_4b18773fd91c,16,31,0,0.9974611927923563,0.07359471333413659
p6_repo_default_s101_4b18773fd91c,16,32,0,0.9986390054879801,0.06403997780361935
p6_repo_default_s101_4b18773fd91c,16,33,0,0.9975366145642316,0.07772230740461251
p6_repo_default_s101_4b18773fd91c,16,34,0,0.9870112811233775,0.1607254939455883
p6_repo_default_s101_4b18773fd91c,16,35,0,0.9865461709986469,0.16351416800233012
p6_repo_default_s101_4b18773fd91c,16,36,0,0.993295228062437,0.1211498306204436
p6_repo_default_s101_4b18773fd91c,16,37,0,0.9917862250164498,0.12795777437265812
p6_repo_default_s101_4b18773fd91c,24,0,0,0.4756158296403364,0.9124544316679061
p6_repo_default_s101_4b18773fd91c,24,1,0,0.7489703155469559,0.6965021437402494
p6_repo_default_s101_4b18773fd91c,24,2,0,0.88301587682701,0.48208586443954843
p6_repo_default_s101_4b18773fd91c,24,3,0,0.9598511419067586,0.28492711665569076
p6_repo_default_s101_4b18773fd91c,24,4,0,0.9790084425248181,0.20526202557080503
p6_repo_default_s101_4b18773fd91c,24,5,0,0.9818569885223033,0.19268266448595658
p6_repo_default_s101_4b18773fd91c,24,6,0,0.9815713918517132,0.19477233795612545
p6_repo_default_s101_4b18773fd91c,24,7,0,0.9882767804239718,0.16125722964585304
p6_repo_default_s101_4b18773fd91c,24,8,0,0.9944055266131371,0.1122006451754885
p6_repo_default_s101_4b18773fd91c,24,9,0,0.9954592791547082,0.10422480333228919
p6_repo_default_s101_4b18773fd91c,24,10,0,0.995854437569143,0.09142320780278154
p6_repo_default_s101_4b18773fd91c,24,11,0,0.9973995773300915,0.0720709312961741
p6_repo_default_s101_4b18773fd91c,24,12,0,0.998138845842804,0.06152272118022896
p6_repo_default_s101_4b18773fd91c,24,13,0,0.9965401969262629,0.08874744125964708
p6_repo_default_s101_4b18773fd91c,24,14,0,0.9983291336667676,0.0583557765079765
p6_repo_default_s101_4b18773fd91c,24,15,0,0.9975968552771155,0.07261169767334831
p6_repo_default_s101_4b18773fd91c,24,16,0,0.997971225180979,0.06649096596125824
p6_repo_default_s101_4b18773fd91c,24,17,0,0.9981084480997509,0.07246217344228008
p6_repo_default_s101_4b18773fd91c,24,18,0,0.9966906299990177,0.0870766788506095
p6_repo_default_s101_4b18773fd91c,24,19,0,0.9974772182143589,0.07587114793134297
p6_repo_default_s101_4b18773fd91c,24,20,0,0.9959544403227663,0.09241183788226656
p6_repo_default_s101_4b18773fd91c,24,21,0,0.997501293449747,0.07347764346093166
p6_repo_default_s101_4b18773fd91c,24,22,0,0.9967416526904443,0.08319931862130145
p6_repo_default_s101_4b18773fd91c,24,23,0,0.9948249302637727,0.10219525895018759
p6_repo_default_s101_4b18773fd91c,24,24,0,0.9974611570582024,0.08024052416354395
p6_repo_default_s101_4b18773fd91c,24,25,0,0.9971295311272497,0.08206015402866416
p6_repo_default_s101_4b18773fd91c,24,26,0,0.9782136405336426,0.20770976937617033
p6_repo_default_s101_4b18773fd91c,24,27,0,0.9846838016422736,0.174541230417591
p6_repo_default_s101_4b18773fd91c,24,28,0,0.9940256300069855,0.11279677463430009
p6_repo_default_s101_4b18773fd91c,24,29,0,0.9932493371505775,0.1163000352743801
p6_repo_default_s101_4b18773fd91c,32,0,0,0.5443159670232919,0.8644432822568477
p6_repo_default_s101_4b18773fd91c,32,1,0,0.8161677565671922,0.6364151475600902
p6_repo_default_s101_4b18773fd91c,32,2,0,0.916470840774673,0.42010068707828735
p6_repo_default_s101_4b18773fd91c,32,3,0,0.9434336739779287,0.331864049621761
p6_repo_default_s101_4b18773fd91c,32,4,0,0.9760114332708494,0.21804506329627982
p6_repo_default_s101_4b18773fd91c,32,5,0,0.9753516607004797,0.2228294905624932
p6_repo_default_s101_4b18773fd91c,32,6,0,0.9911372303711804,0.1330860013552406
p6_repo_default_s101_4b18773fd91c,32,7,0,0.9907989098328078,0.136891801338973
p6_repo_default_s101_4b18773fd91c,32,8,0,0.9931437684950646,0.12010281142444582
p6_repo_default_s101_4b18773fd91c,32,9,0,0.995587047345787,0.09949899126577615
p6_repo_default_s101_4b18773fd91c,32,10,0,0.9953135651296878,0.10097386488888722
p6_repo_default_s101_4b18773fd91c,32,11,0,0.9958493330434277,0.09641969390699125
p6_repo_default_s101_4b18773fd91c,32,12,0,0.9838076800893484,0.18664580169649037
p6_repo_default_s101_4b18773fd91c,32,13,0,0.99631313770118,0.08905858621452147
p6_repo_default_s101_4b18773fd91c,32,14,0,0.994112095785699,0.10960729524383311
p6_repo_default_s101_4b18773fd91c,32,15,0,0.9923076975600823,0.12396953092310349
p6_repo_default_s101_4b18773fd91c,32,16,0,0.9956575405863578,0.09943208834471885
p6_repo_default_s101_4b18773fd91c,32,17,0,0.995404873348328,0.09816136976910246
p6_repo_default_s101_4b18773fd91c,32,18,0,0.9724637487144423,0.23434499759610314
p6_repo_default_s101_4b18773fd91c,32,19,0,0.9805914722425323,0.19699470270873412
p6_repo_default_s101_4b18773fd91c,32,20,0,0.9931099874846534,0.11817102179186577
p6_repo_default_s101_4b18773fd91c,32,21,0,0.9908967454649789,0.13614559732499812
p1_repo_default_s101_fbbf3aa8c6e1,4,0,0,0.28365295273551244,1.0991439154840081
p1_repo_default_s101_fbbf3aa8c6e1,4,1,0,0.7707339476941596,0.7256468914968657
p1_repo_default_s101_fbbf3aa8c6e1,4,2,0,0.9562548137551679,0.3022365459683397
p1_repo_default_s101_fbbf3aa8c6e1,4,3,0,0.988762717595111,0.16033571599869936
p1_repo_default_s101_fbbf3aa8c6e1,4,4,0,0.9960236488044515,0.10034605841304896
p1_repo_default_s101_fbbf3aa8c6e1,4,5,0,0.996124728577827,0.10055717554250473
p1_repo_default_s101_fbbf3aa8c6e1,4,6,0,0.997800896481214,0.09255731679750911
p1_repo_default_s101_fbbf3aa8c6e1,4,7,0,0.9990544736907222,0.06617444936504115
p1_repo_default_s101_fbbf3aa8c6e1,4,8,0,0.9984515054264403,0.07313441815039151
p1_repo_default_s101_fbbf3aa8c6e1,4,9,0,0.9982217019705737,0.07940047476043088
p1_repo_default_s101_fbbf3aa8c6e1,4,10,0,0.9990459501134935,0.07163276978266087
p1_repo_default_s101_fbbf3aa8c6e1,4,11,0,0.9985826746772988,0.08010802270736486
p1_repo_default_s101_fbbf3aa8c6e1,4,12,0,0.9983939330677312,0.0883113361235676
p1_repo_default_s101_fbbf3aa8c6e1,4,13,0,0.9988047866421647,0.0782285368570682
p1_repo_default_s101_fbbf3aa8c6e1,4,14,0,0.9986889648657612,0.07105460333119631
p1_repo_default_s101_fbbf3aa8c6e1,4,15,0,0.999457791358394,0.05674748868738136
p1_repo_default_s101_fbbf3aa8c6e1,4,16,0,0.9993744244997832,0.05560640054831348
p1_repo_default_s101_fbbf3aa8c6e1,4,17,0,0.99906208836586,0.06956850433317938
p1_repo_default_s101_fbbf3aa8c6e1,4,18,0,0.9992401253504551,0.06996491002206232
p1_repo_default_s101_fbbf3aa8c6e1,4,19,0,0.999113245330319,0.07844862314397368
p1_repo_default_s101_fbbf3aa8c6e1,4,20,0,0.9990838923751917,0.07166504310931619
p1_repo_default_s101_fbbf3aa8c6e1,4,21,0,0.9991198693786089,0.07065251937667326
p1_repo_default_s101_fbbf3aa8c6e1,4,22,0,0.9989881782591709,0.06838991182566001
p1_repo_default_s101_fbbf3aa8c6e1,4,23,0,0.9984281504402944,0.09546470460967603
p1_repo_default_s101_fbbf3aa8c6e1,4,24,0,0.9972032995805399,0.09268104172147806
p1_repo_default_s101_fbbf3aa8c6e1,4,25,0,0.9973979547000328,0.09225216844897738
p1_repo_default_s101_fbbf3aa8c6e1,4,26,0,0.9992812133940864,0.054449701936722106
p1_repo_default_s101_fbbf3aa8c6e1,4,27,0,0.99901829784883,0.05948970337367005
p1_repo_default_s101_fbbf3aa8c6e1,4,28,0,0.9983831979687382,0.08098541954875497
p1_repo_default_s101_fbbf3aa8c6e1,4,29,0,0.9981845384073742,0.09034762772139883
p1_repo_default_s101_fbbf3aa8c6e1,4,30,0,0.99919997285424,0.06652807013780805
p1_repo_default_s101_fbbf3aa8c6e1,4,31,0,0.9989446588497262,0.0721164023133271
p1_repo_default_s101_fbbf3aa8c6e1,4,32,0,0.9992988046946037,0.05720734717624132
p1_repo_default_s101_fbbf3aa8c6e1,4,33,0,0.9992916000624815,0.06506711707681413
p1_repo_default_s101_fbbf3aa8c6e1,4,34,0,0.9990157649808569,0.0743622618411615
p1_repo_default_s101_fbbf3aa8c6e1,4,35,0,0.9991571591815727,0.06851524821074648
p1_repo_default_s101_fbbf3aa8c6e1,4,36,0,0.9991064253259366,0.0618777313800747
p1_repo_default_s101_fbbf3aa8c6e1,4,37,0,0.9993622568897591,0.056419332882008594
p1_repo_default_s101_fbbf3aa8c6e1,4,38,0,0.9989582150165677,0.07080978249896142
p1_repo_default_s101_fbbf3aa8c6e1,4,39,0,0.9991946641126812,0.050963896409117845
p1_repo_default_s101_fbbf3aa8c6e1,4,40,0,0.9974053011998919,0.07843416970058105
p1_repo_default_s101_fbbf3aa8c6e1,4,41,0,0.9765537778621561,0.21923864838075932
p1_repo_default_s101_fbbf3aa8c6e1,4,42,0,0.9725988944360976,0.2346466709664591
p1_repo_default_s101_fbbf3aa8c6e1,4,43,0,0.9346743884911939,0.3570981978561324
p1_repo_default_s101_fbbf3aa8c6e1,4,44,0,0.9727788081266875,0.2317590209356406
p1_repo_default_s101_fbbf3aa8c6e1,4,45,0,0.9866505656594463,0.16289929815754312
p1_repo_default_s101_fbbf3aa8c6e1,8,0,0,0.5098599578157397,0.8819163117444166
p1_repo_default_s101_fbbf3aa8c6e1,8,1,0,0.7171009680821018,0.787003185669937
p1_repo_default_s101_fbbf3aa8c6e1,8,2,0,0.8815690210012451,0.5229354771858427
p1_repo_default_s101_fbbf3aa8c6e1,8,3,0,0.9714554473165807,0.24860552289156096
p1_repo_default_s101_fbbf3aa8c6e1,8,4,0,0.9793770509420995,0.21051850880979117
p1_repo_default_s101_fbbf3aa8c6e1,8,5,0,0.9891595624064407,0.166054145222552
p1_repo_default_s101_fbbf3aa8c6e1,8,6,0,0.9955913536178531,0.12264385946533325
p1_repo_default_s101_fbbf3aa8c6e1,8,7,0,0.995598639108389,0.1333138501415318
p1_repo_default_s101_fbbf3aa8c6e1,8,8,0,0.9937265254982044,0.14598390994199212
p1_repo_default_s101_fbbf3aa8c6e1,8,9,0,0.9952636548934667,0.12551695866312454
p1_repo_default_s101_fbbf3aa8c6e1,8,10,0,0.9953653572244727,0.11243872955017183
p1_repo_default_s101_fbbf3aa8c6e1,8,11,0,0.9984587254943285,0.08035314713466955
p1_repo_default_s101_fbbf3aa8c6e1,8,12,0,0.9984148813728815,0.08446801846397034
p1_repo_default_s101_fbbf3aa8c6e1,8,13,0,0.9974302134848803,0.10205359567089939
p1_repo_default_s101_fbbf3aa8c6e1,8,14,0,0.9982318229473572,0.09730652512102131
p1_repo_default_s101_fbbf3aa8c6e1,8,15,0,0.9984182498484191,0.10536250118031565
p1_repo_default_s101_fbbf3aa8c6e1,8,16,0,0.9976849371173692,0.10741426525884087
p1_repo_default_s101_fbbf3aa8c6e1,8,17,0,0.9980435798041979,0.09753273344513835
p1_repo_default_s101_fbbf3aa8c6e1,8,18,0,0.9974808163446629,0.10165519294107786
p1_repo_default_s101_fbbf3aa8c6e1,8,19,0,0.996474603593784,0.13110539051719025
p1_repo_default_s101_fbbf3aa8c6e1,8,20,0,0.99209203829403,0.14920218146260764
p1_repo_default_s101_fbbf3aa8c6e1,8,21,0,0.9926251833169162,0.14033286013700486
p1_repo_default_s101_fbbf3aa8c6e1,8,22,0,0.9980866117621642,0.07811403073624362
p1_repo_default_s101_fbbf3aa8c6e1,8,23,0,0.9975502242690382,0.08939496249628935
p1_repo_default_s101_fbbf3aa8c6e1,8,24,0,0.9963049784270407,0.10782129354487843
p1_repo_default_s101_fbbf3aa8c6e1,8,25,0,0.9973503215754111,0.09668077722047307
p1_repo_default_s101_fbbf3aa8c6e1,8,26,0,0.9987148461317349,0.0762600100567095
p1_repo_default_s101_fbbf3aa8c6e1,8,27,0,0.9982942763670772,0.09565022700472059
p1_repo_default_s101_fbbf3aa8c6e1,8,28,0,0.997502379043379,0.08743213595583924
p1_repo_default_s101_fbbf3aa8c6e1,8,29,0,0.9980390640264126,0.09612431626192942
p1_repo_default_s101_fbbf3aa8c6e1,8,30,0,0.9977786512094414,0.10381983972272098
p1_repo_default_s101_fbbf3aa8c6e1,8,31,0,0.9982566780109501,0.0968398207340658
p1_repo_default_s101_fbbf3aa8c6e1,8,32,0,0.998279044949492,0.08340228978200252
p1_repo_default_s101_fbbf3aa8c6e1,8,33,0,0.9985843409459847,0.07745256069542915
p1_repo_default_s101_fbbf3aa8c6e1,8,34,0,0.9971671105356442,0.10178215794078575
p1_repo_default_s101_fbbf3aa8c6e1,8,35,0,0.9977072692427651,0.08187279687069228
p1_repo_default_s101_fbbf3aa8c6e1,8,36,0,0.9947280595987633,0.11317058692555727
p1_repo_default_s101_fbbf3aa8c6e1,8,37,0,0.9651014857997315,0.27192498904748236
p1_repo_default_s101_fbbf3aa8c6e1,8,38,0,0.9633681012385035,0.2731805304958796
p1_repo_default_s101_fbbf3aa8c6e1,8,39,0,0.9300417888815377,0.3717594363057955
p1_repo_default_s101_fbbf3aa8c6e1,8,40,0,0.9662500289462237,0.2581936370030549
p1_repo_default_s101_fbbf3aa8c6e1,8,41,0,0.9780517955643699,0.2091243435848184
p1_repo_default_s101_fbbf3aa8c6e1,12,0,0,0.22774902319834542,1.174499071459147
p1_repo_default_s101_fbbf3aa8c6e1,12,1,0,0.6803861715040204,0.9312545627477532
p1_repo_default_s101_fbbf3aa8c6e1,12,2,0,0.9325070703632484,0.38472674199905604
p1_repo_default_s101_fbbf3aa8c6e1,12,3,0,0.9663364039124666,0.2842364229954947
p1_repo_default_s101_fbbf3aa8c6e1,12,4,0,0.9686453214825916,0.28564200669825746
p1_repo_default_s101_fbbf3aa8c6e1,12,5,0,0.9814446910821328,0.21646570230290746
p1_repo_default_s101_fbbf3aa8c6e1,12,6,0,0.9889148913846648,0.15751540749398033
p1_repo_default_s101_fbbf3aa8c6e1,12,7,0,0.9963660390004402,0.11063614539438604
p1_repo_default_s101_fbbf3aa8c6e1,12,8,0,0.996636779373137,0.10858531974414821
p1_repo_default_s101_fbbf3aa8c6e1,12,9,0,0.9956480242742007,0.12252094349780719
p1_repo_default_s101_fbbf3aa8c6e1,12,10,0,0.9964791691250107,0.10614161177730684
p1_repo_default_s101_fbbf3aa8c6e1,12,11,0,0.9968829312832385,0.1174565980360626
p1_repo_default_s101_fbbf3aa8c6e1,12,12,0,0.9965897422434943,0.11702281876342105
p1_repo_default_s101_fbbf3aa8c6e1,12,13,0,0.9969560156337949,0.11044200674018285
p1_repo_default_s101_fbbf3aa8c6e1,12,14,0,0.9968272765877394,0.10671103871321377
p1_repo_default_s101_fbbf3aa8c6e1,12,15,0,0.995904090762398,0.14018611714859525
p1_repo_default_s101_fbbf3aa8c6e1,12,16,0,0.9916752387744643,0.15208031347799067
p1_repo_default_s101_fbbf3aa8c6e1,12,17,0,0.992770326600896,0.13974198940836116
p1_repo_default_s101_fbbf3aa8c6e1,12,18,0,0.9980938701221643,0.07751590176672346
p1_repo_default_s101_fbbf3aa8c6e1,12,19,0,0.9975485621979894,0.088737140512652
p1_repo_default_s101_fbbf3aa8c6e1,12,20,0,0.9969613576044801,0.09987641226360525
p1_repo_default_s101_fbbf3aa8c6e1,12,21,0,0.9973829040279929,0.09331584756910713
p1_repo_default_s101_fbbf3aa8c6e1,12,22,0,0.9987840327177501,0.07397772672466846
p1_repo_default_s101_fbbf3aa8c6e1,12,23,0,0.998223419438746,0.09719714218714212
p1_repo_default_s101_fbbf3aa8c6e1,12,24,0,0.9982167202698325,0.08116444468072379
p1_repo_default_s101_fbbf3aa8c6e1,12,25,0,0.9981828098647271,0.10086947114789217
p1_repo_default_s101_fbbf3aa8c6e1,12,26,0,0.9978206013182958,0.10284751568212411
p1_repo_default_s101_fbbf3aa8c6e1,12,27,0,0.998192195651269,0.09631584017739832
p1_repo_default_s101_fbbf3aa8c6e1,12,28,0,0.9981964987465166,0.08635185235468047
p1_repo_default_s101_fbbf3aa8c6e1,12,29,0,0.9984441116450712,0.07755275177713034
p1_repo_default_s101_fbbf3aa8c6e1,12,30,0,0.9970542902882867,0.10512684897579457
p1_repo_default_s101_fbbf3aa8c6e1,12,31,0,0.997045469013727,0.08885584137163739
p1_repo_default_s101_fbbf3aa8c6e1,12,32,0,0.9942103753798862,0.11437461239453305
p1_repo_default_s101_fbbf3aa8c6e1,12,33,0,0.9634091722039433,0.27739104977171314
p1_repo_default_s101_fbbf3aa8c6e1,12,34,0,0.9664218500665618,0.2605719719604026
p1_repo_default_s101_fbbf3aa8c6e1,12,35,0,0.9375976176666962,0.3504927274585331
p1_repo_default_s101_fbbf3aa8c6e1,12,36,0,0.9719889978024723,0.23538536588271838
p1_repo_default_s101_fbbf3aa8c6e1,12,37,0,0.9819661886548795,0.18984067302463134
p1_repo_default_s101_fbbf3aa8c6e1,16,0,0,0.13397182085809922,1.4221536327736026
p1_repo_default_s101_fbbf3aa8c6e1,16,1,0,0.4126733342518054,1.253137638600828
p1_repo_default_s101_fbbf3aa8c6e1,16,2,0,0.8365393870771127,0.5646109144956234
p1_repo_default_s101_fbbf3aa8c6e1,16,3,0,0.9554991679555771,0.2958144445024216
p1_repo_default_s101_fbbf3aa8c6e1,16,4,0,0.9801894397510676,0.20289378530319208
p1_repo_default_s101_fbbf3aa8c6e1,16,5,0,0.985308205233292,0.19113360948111055
p1_repo_default_s101_fbbf3aa8c6e1,16,6,0,0.9875208490018373,0.1688126383553782
p1_repo_default_s101_fbbf3aa8c6e1,16,7,0,0.9912799821566527,0.14779975378597343
p1_repo_default_s101_fbbf3aa8c6e1,16,8,0,0.9888824945052787,0.16302090023281768
p1_repo_default_s101_fbbf3aa8c6e1,16,9,0,0.9936454508777457,0.13222634084563867
p1_repo_default_s101_fbbf3aa8c6e1,16,10,0,0.9949916519684981,0.12043657474017622
p1_repo_default_s101_fbbf3aa8c6e1,16,11,0,0.9935375706006083,0.15241050561489053
p1_repo_default_s101_fbbf3aa8c6e1,16,12,0,0.9891441211880144,0.16403291406067977
p1_repo_default_s101_fbbf3aa8c6e1,16,13,0,0.9914955262923413,0.1507687900660844
p1_repo_default_s101_fbbf3aa8c6e1,16,14,0,0.997813595697539,0.08051840850890404
p1_repo_default_s101_fbbf3aa8c6e1,16,15,0,0.9970200586053731,0.09306034996890197
p1_repo_default_s101_fbbf3aa8c6e1,16,16,0,0.9960897929260795,0.10364075936277878
p1_repo_default_s101_fbbf3aa8c6e1,16,17,0,0.9966836130365481,0.09980111902886533
p1_repo_default_s101_fbbf3aa8c6e1,16,18,0,0.9984630772548663,0.07881925680839812
p1_repo_default_s101_fbbf3aa8c6e1,16,19,0,0.9975883163129691,0.09957435435435494
p1_repo_default_s101_fbbf3aa8c6e1,16,20,0,0.9976444071094568,0.08600753986384234
p1_repo_default_s101_fbbf3aa8c6e1,16,21,0,0.9972402216807951,0.10078353369362639
p1_repo_default_s101_fbbf3aa8c6e1,16,22,0,0.9970275884925789,0.1088016063438137
p1_repo_default_s101_fbbf3aa8c6e1,16,23,0,0.9969857057795289,0.10095801765689037
p1_repo_default_s101_fbbf3aa8c6e1,16,24,0,0.995773901225675,0.11469459370670647
p1_repo_default_s101_fbbf3aa8c6e1,16,25,0,0.9982429893759024,0.08083289459443853
p1_repo_default_s101_fbbf3aa8c6e1,16,26,0,0.996502219940107,0.09921038041030301
p1_repo_default_s101_fbbf3aa8c6e1,16,27,0,0.9955576810759078,0.09924976074974681
p1_repo_default_s101_fbbf3aa8c6e1,16,28,0,0.9925507569204886,0.12573818701579645
p1_repo_default_s101_fbbf3aa8c6e1,16,29,0,0.9513889048565733,0.31830072693609046
p1_repo_default_s101_fbbf3aa8c6e1,16,30,0,0.9573596612298418,0.29258686391042577
p1_repo_default_s101_fbbf3aa8c6e1,16,31,0,0.9259363667434984,0.3805792803536503
p1_repo_default_s101_fbbf3aa8c6e1,16,32,0,0.9641378162959868,0.26555407463965613
p1_repo_default_s101_fbbf3aa8c6e1,16,33,0,0.9811069221118867,0.19376691097360763
p1_repo_default_s101_fbbf3aa8c6e1,24,0,0,0.3387352745535471,1.107140682856502
p1_repo_default_s101_fbbf3aa8c6e1,24,1,0,0.7758011006130084,0.7427913873047534
p1_repo_default_s101_fbbf3aa8c6e1,24,2,0,0.9168528187436717,0.43503274931244384
p1_repo_default_s101_fbbf3aa8c6e1,24,3,0,0.928687051473199,0.4054333809001291
p1_repo_default_s101_fbbf3aa8c6e1,24,4,0,0.9365998156106152,0.375104125365913
p1_repo_default_s101_fbbf3aa8c6e1,24,5,0,0.9699287499558327,0.2697273497214854
p1_repo_default_s101_fbbf3aa8c6e1,24,6,0,0.9886213877511844,0.1641083081910767
p1_repo_default_s101_fbbf3aa8c6e1,24,7,0,0.9877197941948925,0.16653773569882843
p1_repo_default_s101_fbbf3aa8c6e1,24,8,0,0.9878768962576512,0.16212997225289755
p1_repo_default_s101_fbbf3aa8c6e1,24,9,0,0.9913793426099515,0.13951320354654112
p1_repo_default_s101_fbbf3aa8c6e1,24,10,0,0.9962914289976723,0.09687800483930793
p1_repo_default_s101_fbbf3aa8c6e1,24,11,0,0.995212311434918,0.11572780406920342
p1_repo_default_s101_fbbf3aa8c6e1,24,12,0,0.9956884230517828,0.09787557616464179
p1_repo_default_s101_fbbf3aa8c6e1,24,13,0,0.9953907576412401,0.11270834849327332
p1_repo_default_s101_fbbf3aa8c6e1,24,14,0,0.9933325361740365,0.13254731435618547
p1_repo_default_s101_fbbf3aa8c6e1,24,15,0,0.9948271505073456,0.11196597238827005
p1_repo_default_s101_fbbf3aa8c6e1,24,16,0,0.9961973879000016,0.10407722403109156
p1_repo_default_s101_fbbf3aa8c6e1,24,17,0,0.9963897293539558,0.09758642179235162
p1_repo_default_s101_fbbf3aa8c6e1,24,18,0,0.9925784674465027,0.13000344124076033
p1_repo_default_s101_fbbf3aa8c6e1,24,19,0,0.9925393822927558,0.12396327906810373
p1_repo_default_s101_fbbf3aa8c6e1,24,20,0,0.9916401871604593,0.13270467838593802
p1_repo_default_s101_fbbf3aa8c6e1,24,21,0,0.945121018440859,0.33440986427004377
p1_repo_default_s101_fbbf3aa8c6e1,24,22,0,0.9551125062728524,0.2980551649492022
p1_repo_default_s101_fbbf3aa8c6e1,24,23,0,0.9337894589148992,0.3586399847181441
p1_repo_default_s101_fbbf3aa8c6e1,24,24,0,0.9667357589435992,0.2557991259979229
p1_repo_default_s101_fbbf3aa8c6e1,24,25,0,0.9814456737298645,0.19174152566815397
p1_repo_default_s101_fbbf3aa8c6e1,32,0,0,0.3128137775754112,1.070732658182254
p1_repo_default_s101_fbbf3aa8c6e1,32,1,0,0.5222349006869998,1.0094002540434124
p1_repo_default_s101_fbbf3aa8c6e1,32,2,0,0.9309463416122377,0.3705371850422238
p1_repo_default_s101_fbbf3aa8c6e1,32,3,0,0.9659478242805267,0.27110888224465124
p1_repo_default_s101_fbbf3aa8c6e1,32,4,0,0.9676291653337422,0.2639557307563111
p1_repo_default_s101_fbbf3aa8c6e1,32,5,0,0.9787239240995943,0.21363648575553187
p1_repo_default_s101_fbbf3aa8c6e1,32,6,0,0.9756219626267151,0.23393895920283966
p1_repo_default_s101_fbbf3aa8c6e1,32,7,0,0.9790250976534907,0.21338884193001484
p1_repo_default_s101_fbbf3aa8c6e1,32,8,0,0.976787508520032,0.21954893228426872
p1_repo_default_s101_fbbf3aa8c6e1,32,9,0,0.9888717014122215,0.15054496840403883
p1_repo_default_s101_fbbf3aa8c6e1,32,10,0,0.9698921844362935,0.24711204442753304
p1_repo_default_s101_fbbf3aa8c6e1,32,11,0,0.9728150106609614,0.23158646057033197
p1_repo_default_s101_fbbf3aa8c6e1,32,12,0,0.9897436157114474,0.14430118792580443
p1_repo_default_s101_fbbf3aa8c6e1,32,13,0,0.9601062804198472,0.28269664208734385
p1_repo_default_s101_fbbf3aa8c6e1,32,14,0,0.9727776450261384,0.23186360858122945
p1_repo_default_s101_fbbf3aa8c6e1,32,15,0,0.9529391933474742,0.3032592986982808
p1_repo_default_s101_fbbf3aa8c6e1,32,16,0,0.9810377482122087,0.1945835513003729
p1_repo_default_s101_fbbf3aa8c6e1,32,17,0,0.9907115340119939,0.13628741263199162
