V_mean_over_keys,entropy,p_max,ordinary_mass,support
0.1986926657455611,1.3204650625682228,0.5090131599164622,1.0,51
0.4469451012919422,1.535930481448458,0.3074613128640754,0.9999999999999999,50
0.25974821679357707,0.33648847425530864,0.9193336087601542,1.0000000000000002,51
0.014587978990849682,0.033414561584434954,0.9954337919638144,0.9999999999999996,50
0.1265664449190753,0.25172981122162524,0.9325855516763313,1.0000000000000002,50
0.04453210241000073,0.24140155418600606,0.9484731500916286,1.0,50
0.014830049232341392,0.10560608064449815,0.9805879106113198,0.9999999999999997,50
0.0030673103429605404,0.017530553389095677,0.9977458690634164,0.9999999999999999,50
0.046311721782387405,0.07486017516703475,0.9876834087003389,1.0000000000000002,50
0.03476257206600987,0.2536644569244501,0.9324853047771446,1.0,50
0.000897069077268987,0.006907207974778632,0.9991523146549397,1.0000000000000002,50
0.8693342240654962,1.0454207451348623,0.6733284208841082,0.9999999999999999,50
0.406736804477768,0.6964984595547687,0.5343221158095486,0.9999999999999999,50
0.0005633642960459124,0.0038132613017122547,0.9995716727951753,0.9999999998959902,50
0.23082407206207556,0.8502917205448284,0.6691435596372229,0.9999999999999999,51
0.0002772331165725359,0.0039942419009823225,0.9995926758577879,1.0000000000000002,50
0.538340018129066,1.0002669215970892,0.4562089887837563,1.0,51
0.35219173869527065,0.9315737642854345,0.6542283654439164,1.0000000000000002,50
0.06884759457609287,0.1411629384566471,0.9763818485788073,1.0,50
0.5564877691131014,0.629930540807603,0.6955409677050924,0.9999999999999999,50
0.03578161914670162,0.0829789563354541,0.9858201467942118,1.0,50
0.1158494263113913,0.3391153442758736,0.9216406606587899,0.9999999999999997,50
0.02038828225708246,0.09140481422719877,0.9830827422726792,1.0,50
0.6526583788772079,0.8744372855504662,0.5087192456788613,0.9999999999999999,50
0.0013946957759228898,0.010205250347771248,0.9986905475627522,1.0000000000000002,50
0.14144855427565492,0.4714171423573653,0.8214754696292982,1.0,53
0.011389154814729291,0.0925924926747186,0.9831508107960876,0.9999999999999999,51
0.03727577475260557,0.294437052699212,0.92033241524818,0.9999999999999998,50
0.05554023281749394,0.23565195485707052,0.9401418288819312,0.9999999999999998,50
0.12135656946401098,0.15002970416250042,0.9655441608193589,0.9999999788991466,52
0.00020733671080898382,0.0005047134261067183,0.9999560098547762,0.9999999998186511,50
0.0020183449749100702,0.01574453652837877,0.9977865959853206,0.9999999989730373,50
0.3759572723799015,0.722447643761028,0.7432883418060948,0.9999488119558086,50
0.2525850760735277,1.4230247914121565,0.49130089731811677,0.8382671896991439,50
0.013061732246198955,0.15131895505961446,0.9654301073321394,0.034569892667860515,51
0.09176057306143723,0.8332675513766521,0.7100429419088881,0.9999999999999999,50
0.15475125349190672,0.998403253880062,0.7169523680664536,1.0,50
0.11415965713887903,0.73321484213227,0.8336644902399819,0.9999999999999997,51
0.26533566924339663,1.2683132441805969,0.6421433924631093,0.9999999999999999,50
0.6403144669179004,0.6464416726722878,0.7759951410498159,1.0,50
0.0292728393159344,0.0963129123902195,0.9816107185008943,1.0,51
0.0030723160087379312,0.011116039603528704,0.9987623609046753,0.9999999999999997,50
0.08917443753068986,0.28663444083333867,0.940125002950936,1.0000000000000002,50
0.009695811804969798,0.03357511273721449,0.9957523438425742,0.9999999999999996,50
0.0022134384202979487,0.01375966551620142,0.9984666487358078,1.0,53
0.4507016299346985,0.511080964377749,0.8573363111353397,1.0000000000000002,51
0.009452366394994397,0.08373358969715207,0.9842774323369744,0.9999999999999999,51
0.05191052297727371,0.20661212303010765,0.948209670714002,1.0000000000000002,50
0.08407053607836687,0.2049815249689978,0.9618557463280574,1.0,51
0.014673625611252841,0.06346519108558714,0.9883783062361101,0.9999999999999997,51
0.1427154296004091,0.5297812550791846,0.8470197994515224,1.0,51
0.0007592352955314902,0.007451707079398025,0.9992399838718867,1.0,51
0.621787633132642,1.1458705089233494,0.5967889398133825,1.0,50
0.0031663811883220136,0.010451800274438827,0.9988860967387184,1.0,50
0.041913632880720315,0.10100716462253038,0.9820361177571812,1.0000000000000002,52
0.27037679144223925,0.6217544326387057,0.8073113915198862,0.9999999999999998,52
0.00036948014734860537,0.002926434236744617,0.9997142571789536,0.9999999999999996,50
0.26702974607977764,0.6920188848599879,0.5346018680575105,0.9999999999999999,51
0.010378945824386508,0.035336481408503685,0.9952279190677937,0.9999999999999999,50
0.004854994910918134,0.064073374316228,0.9883215099476453,1.0,52
0.5160236847526177,0.7704656377595227,0.6474865469121633,1.0000000000000002,50
0.012619551078717789,0.0272827055102208,0.9961422914729886,0.9999999999999998,52
0.0009024336868451579,0.0021695822797567336,0.9997883043529058,0.9999999690804877,51
0.9126427410596047,0.9646540301139827,0.5856710292970887,0.9999999968084998,50
0.0064036933350901165,0.02027500187491081,0.9970566186741134,0.9999992981979048,51
0.33767656849529604,1.1837822408902914,0.5569538828004249,0.9869017001307818,50
0.035733731341248284,0.3373902768436937,0.9005029593725016,0.09949704062749827,53
0.12128200274126238,1.0024217899694134,0.6555430612855201,0.9999999999999998,50
0.4345982577222895,1.2958470751369175,0.48592488542184215,1.0,51
0.4236336100836617,0.5669126643779907,0.7517480344251676,0.9999999999999999,50
0.698491666418605,0.5676436824116402,0.7723496801893273,1.0,51
0.5124422947785126,0.7158701524508128,0.49847423759842324,1.0000000000000004,50
0.2264214464533753,0.8420259338966404,0.5484155154885454,0.9999999999999999,50
0.003866654202449803,0.01605249211154068,0.9982355439567635,1.0000000000000002,52
0.003059632048894358,0.01842604494739025,0.9978065264472363,1.0000000000000002,50
0.040257071810472035,0.06593175894564318,0.9893394081463814,0.9999999999999999,50
0.041933251268878424,0.28365273137525576,0.9225338114116882,1.0,50
0.008109882505426363,0.045810958959615,0.9922515042717516,1.0000000000000002,50
0.33988611225825116,0.4253718249108152,0.9036215289582653,1.0,51
0.07060578574411892,0.22410561059196119,0.9413708822696897,0.9999999999999998,50
0.002070849708153359,0.018596299696881965,0.9976944865438874,0.9999999999999997,53
0.5933689938865291,1.2704526699021554,0.6069658640013882,1.0,50
0.3444739353420151,0.4354275858617467,0.9114626252329985,0.9999999999999998,52
0.14055988538735276,0.2577695542328654,0.9398455925721125,0.9999999999999998,51
0.01506255821330037,0.04546384852914304,0.9939007253403556,1.0000000000000002,50
0.3951705388138588,0.9827580961883955,0.5593888821655186,0.9999999999999998,50
0.012806666313492636,0.06022683302880906,0.9900418529282484,1.0,50
0.18589045193913026,0.5322579922141601,0.7771449524665053,0.9999999999999997,50
0.023080660025684208,0.13324384513142826,0.9743184946459094,1.0000000000000004,50
0.004090006165752235,0.052797121037196956,0.990964150041382,1.0000000000000002,50
0.12328950689692242,0.24382402772307102,0.9426653643251737,0.9999999999999999,51
0.0012845823043212668,0.011712241698886999,0.9986264409232721,1.0000000000000004,50
0.007447355252766976,0.014903372605990756,0.9979950191391229,0.9999998995010043,50
0.0009964084943510309,0.0020962866270979943,0.9997887781548599,0.9999999998718719,50
5.090093012173957e-06,6.437580764328014e-05,0.9999953870606321,0.9999999905024014,51
0.4455197898533382,1.0349028428536662,0.541828788015784,0.9997730050970032,51
0.0040407137377038976,0.05750515315852557,0.9918117173705197,0.00818828262948044,50
0.10640636173145764,0.945230399909946,0.5959566948025602,1.0,50
0.05725702763793642,0.4850311539817847,0.8998205188570918,1.0000000000000002,51
0.0917240689894755,0.580513150889767,0.8727382482641306,1.0,50
0.07361772592958324,0.5161629996651855,0.8929656936500912,0.9999999999999999,50
0.4548367840265388,1.3668796537235126,0.5250256890802978,1.0,50
0.11116982527607369,0.31539551599568016,0.9299347336025166,0.9999999999999998,50
0.06754127817479981,0.168918524036017,0.9664194034846622,0.9999999999999998,50
0.004147552986133292,0.015819367207880655,0.998153158621354,1.0,50
0.08894867252050934,0.3482018398387508,0.9242125314106243,1.0000000000000002,54
0.07278482936694353,0.22694425512442087,0.9579195856098209,0.9999999999999998,50
0.15294336304026968,0.2030924709360412,0.958165617572845,1.0000000000000004,50
0.13078683054881868,0.6267147823767117,0.7833901973585952,0.9999999999999998,52
0.5895723668922395,0.8259392812647561,0.7398343008365466,1.0000000000000002,50
0.13836433459883646,0.39819031628528956,0.8907401178131374,0.9999999999999994,51
0.0027051168032134216,0.033323549332752986,0.9953608070959049,1.0000000000000002,50
0.9129263339189088,1.9978230475626655,0.3146209479393549,1.0,50
0.5037872093316643,0.8960454478634698,0.7481416809364073,0.9999999999999999,51
0.0034814954439086484,0.008846674107647464,0.9990037519813905,1.0,50
0.07856968268377804,0.15708587963317197,0.9672607241286801,1.0,51
0.10077934563836814,0.17729510671230833,0.9618717384718278,0.9999999999999999,50
0.0042874868788866025,0.025088491000485734,0.9965290793519407,1.0000000000000002,50
0.5945372564341195,0.7896668424860981,0.6148709501808515,0.9999999999999998,50
0.00084472899805778,0.008261536423241055,0.9990885707935621,1.0,50
0.7047048556575669,0.6439471975560451,0.7622417973132218,0.9999999999999999,50
0.04043505777466938,0.3485775985140541,0.8892306094296661,0.9999999999999999,51
0.30353752740875245,0.8673811748506673,0.69065651918288,1.0,50
0.17772708138713625,0.20414005408730732,0.9485035407310007,1.0,51
0.0003431732082084678,0.0008012272740716369,0.9999314465230571,0.9999999898200562,51
0.0018901176608112826,0.014275382001519272,0.9980470618676449,0.9999999968795483,52
0.07231145592326357,0.21464759563581146,0.9580187774644241,0.9999670548229099,50
0.18199920997348334,1.1563823755895022,0.5359343474034433,0.9747593418798088,51
0.07512544195435616,0.906892871773654,0.6300190899904513,0.9987837770418257,51
0.09649007169443938,0.7207700844065991,0.7946380226248532,0.9929313856451245,50
0.12294274251122372,0.9736682013929849,0.720632890663602,0.8969014428490387,53
0.11204590997887308,0.6560843312309241,0.7547749189800447,0.24522508101995538,51
0.11253002141808899,0.937091639729454,0.6672083352720587,1.0000000000000002,50
0.06305533528088716,0.510280125855166,0.8885843764688156,1.0000000000000002,51
0.08476549474666348,0.47938519383780115,0.9047954411183542,1.0000000000000002,50
0.20875091961680897,0.8873922790717501,0.754604755843754,1.0,50
0.2746474218962008,0.6001335030929958,0.8043291709514786,0.9999999999999999,50
0.35818035216277705,0.39132876747756273,0.8733451100420906,1.0,50
0.009756285014695705,0.07375306293212451,0.9864051247330402,0.9999999999999999,51
0.3580541390165957,0.35812621781104564,0.8969226810959302,1.0,51
0.15553335423468492,0.2651583123516896,0.9308121052757624,1.0,51
0.7313249661834613,1.080164847871218,0.5835811134545587,0.9999999999999999,50
0.0014108516631935507,0.009150263478349036,0.9989005704528574,1.0000000000000004,50
0.00013733598005162708,0.001421511488595033,0.9998580602278673,1.0,53
0.6761590007019822,1.0357289476001508,0.4902996258665427,1.0,50
0.0005003886181063726,0.0020912636099749632,0.9998028788228643,1.0,50
0.020806424041864318,0.1002943251271669,0.9825121230005764,0.9999999999999998,50
0.5370235944427824,0.8927619114717021,0.5909447707476475,1.0,50
0.10669448164602677,0.3968848734222307,0.9179954539259767,1.0,51
0.0037433646918140534,0.02288913278410954,0.9970789956980246,1.0000000000000002,50
0.21506850338961594,0.6979762007209287,0.6007444185166636,1.0000000000000002,50
0.024543659084054713,0.12420737821117284,0.9734421988831663,1.0,50
0.058816554186348076,0.34671664333197083,0.9068774573933013,1.0000000000000002,50
0.6452489019533298,0.8554025532925155,0.5837258819476575,1.0,51
0.057788052848406685,0.34930951279695577,0.8891674064713739,1.0,50
0.5938395648132582,0.8710518740546914,0.4813916534091661,1.0,52
0.00013036447219349635,0.000560557935391168,0.9999549875401226,1.0000000000000002,51
0.03323988860625321,0.10293656947173273,0.9825144102855653,1.0,50
0.03939696272875304,0.14103045480030765,0.9692949320379685,1.0,51
0.34899834704379445,1.3575986183736675,0.5959219426019098,1.0,50
0.5188419420590096,0.9483488086254399,0.6291214416607658,1.0,51
0.22986302567645608,0.703838266583749,0.7545528470759538,0.9999999999999998,50
0.00012498908215494045,0.0011202472501285485,0.9998995715957354,1.0,52
0.28640064896307016,0.6651986253463494,0.7588268932430975,1.0,50
0.12659985997902135,0.3541987925232842,0.8981158783529233,1.0,51
4.040256385528142e-05,0.00025585840287900503,0.9999805956427206,1.0,50
0.30362826124947306,0.5304151814689763,0.7772936613453022,1.0,52
0.37432661010393087,0.9757847879860169,0.5598908020523782,1.0,50
0.8854939852926041,0.8327171098086203,0.701024895798078,0.9999999999999999,51
0.558009523369368,1.9340337828928054,0.24827122200026114,1.0000000000000002,50
0.22843766446484262,1.0348175262548074,0.47714664582148525,1.0000000000000002,50
0.5462801089277851,1.065289911943378,0.4334532784489573,1.0000000000000002,50
0.0024324663507776503,0.02949718483291852,0.9954851126339069,0.999999999223906,50
0.24094556054687877,0.5427524856583256,0.8317677031931818,0.9999997076497276,50
0.7030937942734208,2.0324336027795944,0.4204286765314903,0.9967450928885742,50
0.30328288784416924,0.8428637565473985,0.6853638103296271,0.99075212078033,51
0.3378808626766728,1.3108321231177678,0.5190980301726669,0.9998352725200867,51
0.03601111186116556,0.1911618475103212,0.9609062550470155,0.9870341199022074,50
0.06609456305659486,0.16621194465780653,0.9676236835499344,0.9849981040713076,50
0.00039518877284559187,0.0023026705554677336,0.9997552649553556,0.9997596893504154,50
0.11781815095262776,0.7647397652864933,0.718954502762867,0.7633252191375449,51
0.025935877141228983,0.2046775466160481,0.9484614043198947,0.05153859568010532,51
0.07872283710954628,0.739832758379385,0.7442880607155351,1.0,50
0.13549622166981135,0.44738642406758267,0.9104028789291283,1.0,51
0.0006514933357045341,0.003641538053020711,0.9996368013147211,1.0,51
0.02677339102204032,0.11733627632383367,0.980847603476749,1.0,50
4.657453286704134e-05,0.0005872345890654496,0.9999518232148801,0.9999999999999998,50
0.035393152366415936,0.08056394996252195,0.984594471163701,1.0000000000000004,51
0.0796645834392853,0.23648173515285506,0.9502215479229046,1.0,50
0.6367999449969873,0.8595603809373475,0.6575238528460832,1.0000000000000002,50
0.0017805186704609986,0.008805435259795035,0.9989840091198902,0.9999999999999999,52
0.0006199073186984256,0.005369141136456087,0.9993610210998518,0.9999999999999999,50
0.2542296122951078,0.6570930546555453,0.7860711184579494,1.0000000000000002,50
0.00036253066216555336,0.0015626924962850862,0.9998574422633477,1.0000000000000004,51
0.003768638534702954,0.023392651840494244,0.9968649065587789,1.0000000000000002,50
0.2203911340571611,0.6943186606665178,0.6615705202065395,1.0000000000000002,51
0.04101616987545746,0.18168558038260255,0.9635177703359903,1.0,50
0.18001646329911314,0.4931852511165339,0.8838518172650967,1.0,51
0.006272698521916576,0.02431259492825279,0.9967744775596149,1.0000000000000002,52
0.0750571287444128,0.32064521986256184,0.902191134375165,0.9999999999999999,50
0.17868524762907387,0.30614107943736585,0.912293896027654,1.0,52
0.05357469025797988,0.25748391094065914,0.9518483286140864,1.0000000000000004,50
0.06800610356956642,0.27291528291106903,0.9332985585104467,0.9999999999999998,51
0.22648293353489948,0.7268866232841295,0.8347756467258615,0.9999999999999998,50
0.0003832425600255294,0.001500911961433976,0.9998753322682064,1.0000000000000002,50
0.1160081195993974,0.3281689624881088,0.9336169879184907,1.0,50
0.007500917608586514,0.03616103508273077,0.9947917215546509,1.0000000000000002,50
0.5783795551066067,1.7915339815538254,0.3245855518593276,0.9999999999999999,52
0.07745627686518661,0.38472483187486306,0.9288868873115724,1.0,51
0.0003764903321024269,0.0022549296423070536,0.999809150676287,0.9999999999999996,50
0.22561846960822113,0.5609256729808769,0.7522522011705274,0.9999999999999999,50
0.14136082351563772,0.5271351724478635,0.7973570414585006,1.0,51
0.6120388678842266,1.002086371772243,0.6785590153311798,1.0,51
7.005937583890755e-05,0.00032976738302067514,0.9999735396188901,0.9999999999999999,50
0.0015973231457043898,0.007922089208256735,0.9990515947563571,1.0000000000000002,50
0.164155441886513,0.45072039778335365,0.8869738783930408,1.0000000000000002,50
0.7122008681064744,1.7094455427084714,0.47025470115925455,1.0000000000000002,50
0.0804963582444087,0.3745837303335071,0.9122271526383329,1.0000000000000004,51
0.0038696643612467305,0.01804566376253225,0.9979360211468662,0.9999999999999999,50
0.12368368757933526,0.5477429126853657,0.8412895366114176,0.9999999894513067,51
0.01167992358862707,0.06719087037775207,0.9893586976481079,0.9999999956225933,50
0.001625867778457964,0.01932448291724662,0.9973160361795288,0.9999994682710743,50
0.22987665757156175,0.579441301294147,0.8040326283259379,0.9964285446128602,50
0.00011176509273194614,0.0012088403876916057,0.9998796980536564,0.00012030194634365577,51
0.09464312873090039,0.8489656987344817,0.7047149890782965,1.0000000000000002,50
0.49004417051656946,2.4468073561691512,0.2616609923534916,1.0,50
0.47988610853844116,1.7138628752508795,0.3674350510809035,0.9999999999999999,50
0.0917856553664895,0.446097448354402,0.9094313360050967,0.9999999999999999,50
0.0355007678163709,0.20510345452281362,0.9645785173516044,0.9999999999999997,50
0.09013115598388666,0.41838400500665335,0.9235003295433167,1.0000000000000002,50
0.03589187549233977,0.18443662904520125,0.9715577548722126,0.9999999999999998,50
0.023160586486415523,0.12359058650906676,0.9819745350497592,0.9999999999999999,50
0.08462800649857216,0.35283787480973244,0.9346845369814492,1.0,51
0.26060603132755145,0.9644807941576801,0.7560238950007611,0.9999999999999999,50
0.4305029578849726,1.6172809644059885,0.5507077032063559,0.9999999999999999,50
0.48140181601740323,1.4959504631232392,0.437464109319544,0.9999999999999999,50
0.05452467916661706,0.1352025158812489,0.972183943688362,0.9999999999999998,50
0.001298807059298333,0.009236529759974644,0.9988879180738156,1.0,51
0.4814270408615996,1.1387050282486741,0.49397757069741927,1.0,52
0.00016647780999595548,0.002154954766146519,0.9997974324297212,0.9999999999999998,51
0.023481825383557524,0.057286222313928624,0.9898222028512875,0.9999999999999994,50
0.1727839181533854,0.32376986750547254,0.9341598182018588,1.0000000000000004,51
0.7148343882542743,0.964989588630944,0.5873851006872467,1.0000000000000002,50
7.943086891726059e-05,0.0008738839502464298,0.9999243200754274,1.0000000000000002,51
0.00010502747767206057,0.0007567258461193521,0.999935885705606,1.0,53
0.359635101679513,0.44801724986789776,0.8627092407428755,0.9999999999999994,51
0.0003991244714621978,0.0020766416357310977,0.9998061121562819,1.0,50
0.06182749592602216,0.21546113928097663,0.9469268667750093,0.9999999999999999,50
7.33530888585396e-05,0.0005190581165745463,0.9999606641686629,1.0000000000000002,50
0.166117871684892,0.5687313082662581,0.8191076110884535,0.9999999999999999,50
0.003190275559869812,0.026668960181872696,0.9960325523030807,1.0000000000000002,50
1.0944074008720537,0.8673390160815965,0.5141702299383333,1.0,50
0.2039351959144613,0.6726280451008897,0.6026471157224766,0.9999999999999999,51
0.07730262890342528,0.16102493136064705,0.9641366525722115,0.9999999999999998,50
0.06496882606579021,0.3073893138803461,0.9387333732644294,1.0000000000000002,50
0.112965488409995,0.24759923886117474,0.9474731813560732,1.0000000000000002,51
0.001579137113860752,0.00761303268929292,0.9992130188817284,0.9999999999999998,50
0.026289800136859425,0.06964047575448493,0.9888169549661447,0.9999999999999999,50
0.038229286155631724,0.062196718054643184,0.9893299581543646,0.9999999999999998,50
0.32881125616194545,0.7434476143175999,0.7666241206373196,1.0,50
0.3113674790291428,1.054314340185071,0.6774143232039315,1.0000000000000002,50
0.16537573120950333,0.6264950963246294,0.838241002743714,1.0,50
0.35161197733536015,0.8192535812720784,0.693355395002191,1.0000000000000002,51
0.00034343868183499466,0.0027939743755989567,0.9997262495761619,1.0,51
0.3026410859595142,0.6939599017366828,0.499963102031875,1.0,50
0.08862116635367309,0.36832588016386936,0.8867680321367108,1.0,51
0.2460092332397777,0.6978406423823614,0.8399384336192209,1.0,50
0.0005459070574702808,0.003592771025906751,0.9996118866867224,1.0000000000000002,51
0.005121125392725326,0.020094168338532076,0.997070386422794,0.9999999999999999,50
0.3168676738337196,0.8687587797469202,0.5357751919995755,1.0,50
1.0614040829757059,1.4375159064699539,0.46094068186256476,1.0000000000000004,51
0.06059376778724625,0.19918949852151244,0.9632668901969372,1.0000000000000002,52
0.3447201376809683,1.3721040848338641,0.3833942378072814,1.0,51
0.0040945739682012195,0.017236049676576604,0.9979694779186955,1.0000000000000002,50
0.339782108279346,0.7061180784034031,0.6300304697482253,0.9999999909231865,50
0.026287712549162894,0.09527511328714024,0.9835125906888519,0.9999999009593977,50
0.0030346887935071517,0.03053525668139153,0.9956383190923673,0.9999870494360278,52
0.33225372465923186,0.7512473548026282,0.7900857965608264,0.9754694489932713,50
0.20664249176852906,0.7397490368914431,0.7267361710989286,0.9975548192015292,50
0.07933009797204811,0.4623195192379885,0.8879137915627244,0.9988700108961815,50
0.1786975122390173,0.8933526241280514,0.682236138519371,0.9997980275865372,51
0.1379585519720456,0.8418098231086225,0.682893824549725,0.317106175450275,50
0.08752498851889687,0.8240854446678706,0.665381567110007,1.0000000000000002,50
0.023208434999586722,0.24115235506683397,0.9584447509306814,0.9999999999999999,51
0.03934464707011786,0.27761287214783664,0.953388421994456,0.9999999999999998,50
0.09984249122599514,0.5253818702982658,0.8880151596344259,0.9999999999999999,50
0.4715584694989959,0.6590940756723505,0.6352307723685351,0.9999999999999998,53
2.3021594058047927e-05,0.00022432203321347925,0.9999822808026084,0.9999999999999999,50
0.0252466452444989,0.16001567002547934,0.9668609487546839,1.0,50
1.7434292753616924e-05,0.00022875601987554792,0.9999827952172893,1.0000000000000002,50
0.026675255418116127,0.06350625830794106,0.9883756750725271,0.9999999999999996,50
0.011495527813113611,0.0722178008114333,0.9889515877781266,1.0,51
0.7183960437787903,0.8771241445102108,0.5431466594462864,0.9999999999999999,50
0.07459791438131513,0.3498547607708061,0.8891000849159947,0.9999999999999998,52
0.7432015923616555,1.0590511827302742,0.45804292236591215,0.9999999999999999,50
0.37141116580166056,0.411156719579967,0.8584930917277634,0.9999999999999998,52
0.5078008459669958,0.5716195468635825,0.7512397627641519,1.0000000000000002,50
0.0006600579996841388,0.004875053622787275,0.9994340335862707,0.9999999999999999,50
0.19677602567382632,0.6353163465579306,0.7208325131311646,1.0000000000000004,51
0.0026180370188567375,0.020549402339946402,0.9972202439755393,1.0,50
0.21931896337238152,0.7089669272904939,0.533383532598925,1.0000000000000002,50
0.004388113739121822,0.03414018117900527,0.9950286843467009,0.9999999999999999,50
0.1493654536513163,0.6894228942274608,0.6013810437042145,0.9999999999999998,50
0.6047715002923439,1.0893733792797637,0.6550940589487942,1.0000000000000004,50
0.04421635390693594,0.2603965978378563,0.9314561341948232,1.0,50
0.1691313337263555,0.6442750273407263,0.8435505932500623,1.0,51
9.935454781961466e-05,0.00046665080519622815,0.9999634727532047,0.9999999999999997,50
0.02033086561215269,0.07672692487473755,0.9885917035286549,1.0,52
0.0728390914776486,0.2297377569441619,0.9407682010679145,0.9999999999999997,50
0.49618581103646775,1.8181560037313418,0.43391757154521604,0.9999999999999998,50
0.2503319236286974,0.8561858455074409,0.6568015993403108,1.0,51
0.2063967716349201,0.6403167431098418,0.8051950419554741,1.0000000000000002,50
0.0011552376148609743,0.0074873672485622714,0.9991001633431525,1.0,50
0.28116254946012875,0.688566560182836,0.8448074037273321,1.0,51
0.1617285930971762,0.3641928065307775,0.9174809689527577,1.0,50
0.0001751401364013003,0.0006612824915737106,0.9999389406571803,1.0000000000000002,50
0.05836287617162462,0.15015830627314694,0.965531549114625,1.0,51
0.07457573154409947,0.21690607370541706,0.9657247079990448,1.0000000000000002,50
0.7543024364068307,1.8158433372941147,0.31636410726818537,0.9999999999999999,50
0.02146994798278156,0.14910267078914255,0.9748454826958065,0.9999999999999998,52
0.01016325316580018,0.0801708048510406,0.9846404334140706,1.0000000000000004,50
0.3359127987920705,0.6965655846701714,0.6309090011074338,0.9999999909105294,51
0.011973060430263263,0.06247034878198684,0.9902110961804039,0.9999999938000588,50
0.0011567213193654827,0.006384744356802386,0.999382471384027,0.999998140238239,50
0.21178257289467528,0.72478117396276,0.6847000683253603,0.7024305769411241,52
0.24972260816860126,0.7542935519744776,0.5633546749601633,0.43664532503983666,50
0.10268798839248272,0.9763125256744455,0.654540194009958,1.0,50
0.06911557148026523,0.6302559323258377,0.8478695465140168,1.0,50
0.10627118215026579,0.7053992722266946,0.8475456698084483,1.0000000000000002,50
0.041473334056430396,0.13260617903171376,0.9751826816738264,1.0,50
0.020861715110200896,0.15887731319792014,0.9646073366591854,0.9999999999999999,50
7.764890847390953e-05,0.0004921890792588397,0.9999569222957353,1.0000000000000002,50
0.22348742521521214,0.699026731601433,0.8321646180531409,1.0,52
0.4116225662312998,0.5387183386986147,0.7765813064509531,0.9999999999999999,50
0.06992267056218852,0.35923838822531484,0.9108517496936819,0.9999999999999999,51
0.023514507222703675,0.07496080487901456,0.9888888504117221,1.0,50
0.23110889568243653,0.789487027762388,0.7617716644898516,1.0,50
0.001084251811287002,0.00613031889161982,0.9994134735733653,1.0000000000000002,50
0.004750838387450008,0.02298905230670488,0.9968207149423732,0.9999999999999996,50
0.6661712534033553,1.2840810007736947,0.4617251472132167,1.0,51
0.02406056251737623,0.08818686893637363,0.9862544970488833,1.0000000000000002,51
0.7884477896180779,1.1985301912596165,0.440931240726662,0.9999999999999999,51
0.06201413442040879,0.28852363813113174,0.9219947046884817,0.9999999999999999,50
0.20915425670602122,0.28504256855615545,0.9222419692417282,1.0000000000000002,50
0.7419150734825963,0.7649495733027132,0.49217973263186504,1.0000000000000002,51
0.2090522799845754,0.5063540324233572,0.8393330006657653,1.0,50
0.23883040880069636,0.5499710123825368,0.7752322908431837,0.9999999999999999,52
0.0778345754624549,0.2692764611969703,0.924085601669503,1.0000000000000002,50
0.07696451328741677,0.3191799233925525,0.9100860264135396,0.9999999999999997,50
0.08209922792465535,0.530981189518835,0.796448975041165,0.9999999999999998,51
0.006242091081814438,0.05477165627671243,0.990778260442212,0.9999999999999999,50
0.28695162684483777,0.6418896599403567,0.8292754579950069,0.9999999999999996,50
0.42046844107273934,0.9646589665237839,0.7262759371753869,0.9999999999999999,50
0.4468285275192062,0.7185053372571305,0.7540543201600114,1.0000000000000002,51
0.0296841175101697,0.07075471272228093,0.9884187894681207,1.0000000000000002,50
0.8205277806838376,1.3501237662808567,0.5560570955823962,0.9999999999999999,50
0.005590151334268765,0.017284831800008116,0.9977854180537729,1.0,50
0.5670707302253248,1.0269097182692728,0.7430355836057272,1.0,50
0.07758852650779122,0.41740020585313165,0.9032347792282118,1.0000000000000002,50
0.03403725983125139,0.1753434108816204,0.9621857836277771,1.0000000000000002,50
0.0009474044349932289,0.004446779897355835,0.9994962770663915,1.0,53
0.09077044854455599,0.13479967329629958,0.9721718253969156,1.0000000000000002,50
0.0006151737455187102,0.00318119584085207,0.9996769863918963,1.0000000000000002,50
0.0005702724702080314,0.003511956072000438,0.9996458850417458,1.0,50
0.0038201897447703477,0.03010713491585062,0.9965178146422985,1.0000000000000002,51
0.07766036392516595,0.22460416923362894,0.9527458533728055,0.9999999999999999,50
0.22696643154458462,0.6218941889269572,0.8845757767887453,1.0,50
0.26945126330666036,0.6978299067654946,0.7685259443586998,0.9999470739176319,52
0.022307141172484998,0.159622414209919,0.972113858649817,0.9989232821559898,50
0.19880512338802056,0.5920339732275168,0.7251873717557599,0.2748126282442403,50
0.07294462285784882,0.7511513543447321,0.7372716423590926,1.0,51
0.05648753260490759,0.48495344398507173,0.9048736494111225,1.0,50
0.09893634346709058,0.6621041666657682,0.8629827628257386,1.0,50
0.09721847411513226,0.6888944812117695,0.857660296255707,1.0,50
0.10425967419166973,0.7358160597843378,0.8373308118858266,1.0,51
0.27456372354111136,0.5836641216373686,0.8063656973933773,1.0,51
0.10553346090860034,0.2313457141017095,0.9582304898359157,1.0,50
0.038879466368888976,0.08114430637490869,0.9858697303447937,0.9999999999999999,50
0.0707731087639585,0.16955945483362278,0.960309375172302,1.0,50
0.3834552560353033,0.9715179353015085,0.7071471579483204,0.9999999999999997,50
0.0009273950683653469,0.01012127593962422,0.9988191072783814,0.9999999999999996,51
2.480963702684139e-05,0.00022777685698862723,0.9999824569886208,1.0,50
0.028162776087205806,0.10641798144817614,0.9803565258561768,0.9999999999999998,50
0.16547343326684016,0.30791646842782305,0.9390624689128201,0.9999999999999997,50
0.0026148494416226298,0.012012680012946208,0.9986560333561139,1.0,50
0.47384813403980647,1.0374060222749868,0.5573205681643407,1.0000000000000002,50
0.011311528157373714,0.05016696048329993,0.9928940568942375,1.0000000000000004,50
0.11883998231326477,0.4027827349338689,0.8815267452388061,0.9999999999999999,51
0.22611742699042986,0.6173994153955586,0.8478757425374414,1.0,50
0.003485560141812725,0.01465125775263008,0.9982985789340858,0.9999999999999996,50
0.027706437540355566,0.058270746614743525,0.9902637227448635,0.9999999999999999,52
0.24571390900581078,0.5637381291584502,0.8038062376060213,0.9999999999999998,50
0.2001754828564638,0.4752272257677131,0.82110133537426,1.0000000000000002,50
0.18396410342490488,0.5335821947333209,0.7961650557824348,1.0,50
0.010452231944716164,0.06828288625652024,0.9883710352803113,1.0000000000000004,50
0.010191957406241786,0.10665016341831622,0.9800093622853348,1.0,51
0.012868704382151552,0.09217248932676167,0.984825400537029,0.9999999999999999,50
0.36920412217179943,0.5421432860459459,0.7762989434585998,0.9999999999999999,51
0.1537954419289053,0.38003903631788294,0.9192362002168084,0.9999999999999999,52
0.5973601430605255,0.7304497472302949,0.5638548695878853,1.0,51
0.06745252426048202,0.1411109345667711,0.9731358469659318,0.9999999999999998,51
0.9057088397597469,1.285220849436373,0.4228713783937355,1.0000000000000002,50
0.013100711156712047,0.03647061727159519,0.9947721317506698,0.9999999999999999,51
0.08553256862198277,0.22094436868012338,0.9610717031894025,1.0,50
0.14464769110904485,0.603358215415929,0.7841716835177036,0.9999999999999998,51
0.5432887631479515,0.9298482736604803,0.4940294984521384,1.0,50
0.0001440599070934526,0.0009905188449329133,0.9999094541499355,0.9999999999657493,51
0.050939841471400356,0.10271136419323391,0.9795009787770345,0.9999999999999997,50
0.00016301902959141098,0.000995090516847387,0.9999124500677187,1.0000000000000002,50
0.0005951806063762516,0.00356935565872499,0.9996285612178422,0.9999999999999999,50
0.005416135666223822,0.04204826587463212,0.994128272207735,1.0000000000000002,51
0.03461887902059811,0.12814854963363004,0.9790737449528878,0.9999999999999999,50
0.01124972137977485,0.06113746619528106,0.9907402590877266,0.9999996751357499,53
0.3546577420356876,1.1624316901082719,0.43986867988210465,0.9997204669883101,50
0.35215281911274254,1.2421686760219974,0.552434529916325,0.9478969328550864,50
0.03337921199958718,0.2254327906990245,0.9412434753951494,0.9999144242823437,51
0.02705049739296373,0.0677843021216552,0.9885411798067005,0.9989050871784554,51
0.05443277740655668,0.1499564147184323,0.965548639106389,0.9655550242720701,51
0.035500677121865616,0.17689428026776327,0.964159454356656,0.03584054564334398,50
0.0659311420664539,0.6946956046124352,0.7824264811134604,1.0,52
0.5030373425586443,2.53499961495117,0.26350462844372985,1.0,50
0.07605251509285184,0.6664349293345049,0.8242053287072756,0.9999999999999998,50
0.49550210102883907,1.7965845531617253,0.5232254141169256,0.9999999999999999,50
0.1745880185830106,1.192016983784582,0.4227807191275155,0.9999999999999999,50
0.6824896856781166,1.5458645443899395,0.41440950485271383,1.0,52
0.08049849545496435,0.23362233915660693,0.9587616550124985,1.0,50
0.6959909315221633,0.7731953376006585,0.5245356842247036,1.0,51
0.07431767011756071,0.24624055942825063,0.9538764950331788,0.9999999999999997,50
0.05298974312039602,0.13231408699595387,0.9755422111239584,0.9999999999999997,52
0.012046444873228934,0.10415939856583711,0.9792369643144659,0.9999999999999998,50
4.2599713800269465e-05,0.0002683697704525235,0.9999797777995679,0.9999999999999999,50
0.021031052025973017,0.08290133106875847,0.9853355672527422,1.0000000000000002,50
0.006659621838302028,0.02909582821689278,0.9965805329058535,0.9999999999999997,50
0.0018795184611876715,0.010655528277059855,0.9987769010533986,1.0,50
0.37711618033979566,0.8636433533811387,0.6876838438539133,0.9999999999999999,50
0.020168905699700264,0.08004369954447947,0.9876864515908644,0.9999999999999999,50
0.13573619793220776,0.4443954732612396,0.8646284464021372,0.9999999999999999,50
0.06281891546821755,0.2875727124295391,0.9220435400907909,1.0,53
0.1631683592337364,0.22810268748967613,0.9409561971735786,1.0,50
0.0047771585832071485,0.02299115037308596,0.9970068940887759,0.9999999999999998,51
0.20188729415775125,0.6217436816586285,0.8077743767171425,1.0,51
0.03460749210835641,0.2314337984057674,0.9477947758886603,0.9999999999999999,52
0.0010342336466315617,0.011004708046634016,0.9987488192977102,0.9999999999999998,50
0.1944874633915846,0.6500639538332085,0.7161948337791502,0.9999999999999998,52
0.11668228294412167,0.6935475359570421,0.6590731854331212,1.0,52
0.004935975914233648,0.04531946007836931,0.9922962191529819,0.9999999999999998,50
0.5870254513765428,1.017126110410344,0.4857835215676348,1.0000000000000004,50
0.0048907937748137575,0.02462396261452891,0.9971994265696108,0.9999999999999997,50
0.4774082326892465,0.7591658117282757,0.494172367407323,0.9999999999999997,50
0.0027035018420411287,0.008961997422381476,0.9988695629764994,1.0,50
0.7484299610532172,1.0686473304595725,0.5989017955551073,1.0,50
0.03691372678307194,0.12668827430664276,0.9814952079887314,1.0,50
0.6035288800724916,0.9167091325254446,0.5126201120652395,0.9999999999999999,51
0.01929803902916268,0.10410486028064302,0.9843820508252755,0.9999999999999999,50
0.0011000857775964898,0.010234607806989414,0.9986902310063909,1.0000000000000002,50
0.19635722733143593,0.6739850800956647,0.7319316251758538,0.9999999999999999,50
0.008343519975202978,0.019002509894274218,0.9975732221938939,1.0,50
0.27321892244647655,0.3138164276942079,0.9113745519822649,0.9999999999999997,50
0.0007112579919109512,0.0040113582027710305,0.9995530178945544,0.9999999999999999,50
0.06979964125053809,0.24768072930895138,0.9330937126620313,1.0,50
0.1631481029539875,0.6194390400935953,0.7226540878512244,0.9999999999999999,50
0.49965228487068425,1.1731924870216242,0.6901057187764159,0.9999903780733037,50
0.395229562578277,1.0246474340269804,0.5789434569483659,0.9997889081327087,51
0.1808609744006205,0.8628420412064417,0.7529383254831773,0.9462096313111772,50
0.3545894344398365,0.7770378117367607,0.6638663965283775,0.3361336034716224,51
0.0884734513199402,0.8659836888728251,0.6290635780867908,0.9999999999999998,50
0.02098905518920547,0.23200600010491967,0.9603289955080104,1.0,51
0.03631160902920027,0.2910790175084471,0.9508919833557959,0.9999999999999997,50
0.04414068183310609,0.35777915892476,0.9367011398707957,1.0,51
0.06296765069752865,0.48151166513564453,0.9060316656884189,0.9999999999999997,50
0.20092453880908082,1.0951535901287228,0.5160447946803457,1.0,50
0.07796689165266776,0.5942324708967308,0.8610823126492704,1.0000000000000002,50
0.04626712029041164,0.3068127271203468,0.9437325199564649,0.9999999999999999,50
0.2359263335948656,0.9957339230199943,0.7176264048126808,1.0,50
0.18196499877794786,1.1829475425118026,0.6668277071553758,1.0000000000000002,51
0.9033687710612014,0.6887328360077847,0.6884136646847304,0.9999999999999998,51
0.009793264746503558,0.048294917789045363,0.9928468421603058,1.0,51
6.944128104893539e-05,0.0006948652699511147,0.9999362439905334,1.0000000000000002,50
0.4572128346731999,1.159395983321662,0.55027398504681,0.9999999999999999,51
0.027870467293455357,0.17088741254932072,0.9601252585094698,1.0,52
8.054858989597904e-05,0.0004862414752785776,0.9999606276041608,0.9999999999999999,51
0.22149134237706905,0.4822380025350379,0.8204078912388796,0.9999999999999998,51
0.0006060218580643895,0.005730246483724041,0.9993906477368275,0.9999999999999997,50
0.12837537222732465,0.33271188912974853,0.9009771412777433,0.9999999999999998,50
0.33785565115090804,0.732725560680063,0.804731139422624,1.0000000000000002,51
0.06735942837972883,0.33282693756014015,0.9255245419679408,0.9999999999999998,51
0.5433823417903698,0.9900810728492874,0.5132385698493068,1.0,50
0.015403036786840825,0.07605637595214308,0.9869464652394492,0.9999999999999998,52
0.0020749729812733365,0.007224592625618469,0.9992072844998987,0.9999999999999999,51
2.82388062586449e-05,0.00033569164233562284,0.9999724028915205,0.9999999999999998,50
0.11298636580484295,0.265498224407754,0.942702604242474,1.0000000000000002,50
0.05737619534481655,0.21605278588072457,0.957828176866462,1.0000000000000002,50
0.001669627158543807,0.01647060962092858,0.9979345374929387,1.0000000000000002,50
0.043075545939033795,0.12746994351984714,0.9787630682816724,0.9999999999999998,50
0.0019259912159744392,0.02094057156328315,0.996986410776195,0.9999999999999999,50
0.5193510871632463,1.212483120061186,0.6407041670695314,1.0,50
0.0037100202214408696,0.032602815481211946,0.9958902861076739,0.9999999999999997,50
0.4635053773242106,0.7288207923818882,0.5318263383237825,0.9999999999999998,50
0.0023428167020156914,0.007872645649063542,0.9990211333845241,1.0,51
0.2814502609209331,0.8421705180187844,0.740334772024681,0.9999999999999999,50
0.039677573697131055,0.13942605383685872,0.9819873891658505,0.9999999999999996,50
0.13575759562813897,0.2588808614746025,0.9450912890634312,1.0,52
0.05003402493998313,0.20878653089290547,0.9629043203184818,1.0000000000000004,51
0.0028656159621286955,0.012808425819320362,0.9983920239408982,1.0000000000000004,50
0.0009546875752189366,0.008205783780782057,0.9990392539377683,0.9999999999999999,53
0.8553958141697486,0.6179986743056002,0.7635339844595164,0.9999999999999998,52
0.03595370583984647,0.08076422978324306,0.9865415402253991,0.9999999999999998,52
0.34026570281071566,0.6136138276991911,0.6970440414495128,1.0,50
0.03167063556369098,0.1527732864572317,0.9721633596290215,1.0,50
0.18680873152818786,0.39888193814719164,0.8722873549963697,1.0000000000000002,52
0.20863212043536866,0.555755400739266,0.8398616518191028,1.0,51
0.24951032120200956,0.6559960367302969,0.793421732928197,0.9994206609083814,50
8.930021571316057e-07,1.0691287307491808e-05,0.9999992954316678,7.045683322755991e-07,50
0.213599212257656,1.1251493155647672,0.6585265190480847,0.9999999999999998,50
0.25569015638202913,0.9456864299104485,0.7702873078197283,1.0,50
0.2860881589881279,0.9077211841796473,0.765473291771742,1.0000000000000002,50
0.009713897227206631,0.05670783597562416,0.9898707104865473,1.0,52
0.049194493226268614,0.275433207051064,0.9345971376149615,0.9999999999999997,51
0.716361306276553,0.6269859822868827,0.7964791973176598,0.9999999999999999,52
0.4074550948350534,0.6582612493917115,0.6924497437313876,1.0,50
0.8402056197145125,0.9484293140441613,0.7139733019618091,0.9999999999999998,50
0.17832359954657154,0.49611649042133166,0.8912568876764968,0.9999999999999997,50
0.2590744151910371,0.6766325675696013,0.7504401030737956,1.0,50
0.1688828687341794,0.7372241957392565,0.7582671086884535,0.9999999999999997,51
0.24106211147564774,0.7011018753410522,0.4995873394403224,0.9999999999999999,50
0.23332199466807374,0.6540264044868275,0.8082408877290265,0.9999999999999998,50
0.13475924311148504,0.5606893083119602,0.8479395571896315,0.9999999999999998,50
0.5962699644187401,1.0098371868180553,0.5209382713095883,0.9999999999999999,53
0.12561495039089443,0.6350227651161988,0.79194137434946,1.0,50
0.040606057032873726,0.13595918732619047,0.9698152390531454,0.9999999999999999,50
0.1746435492143839,0.4416062806736186,0.9100981465015908,0.9999999999999999,50
0.31862843985548006,0.5890472971278454,0.7495305158646595,0.9999999999999999,50
0.00895262896331982,0.03235991712818115,0.9954811150622932,0.9999999999999999,51
0.051081040067721545,0.12421529746554517,0.9794672420851392,1.0,52
0.49007971676828554,1.1070253655172468,0.46958908816249506,0.9999999999999998,51
0.20811677188312444,0.3307775458575379,0.9331717997307775,1.0,50
0.2519252567423905,0.38800621616438463,0.8735888938939449,1.0000000000000002,50
0.24066826161207489,0.8406552624043647,0.5734863905349321,1.0,51
0.0005177126275500079,0.006850631312957318,0.9991569065349313,1.0000000000000002,50
0.0219472344492533,0.05489871709658162,0.9907648482562361,0.9999999999999999,50
0.003277161912602327,0.013552715685242921,0.9983973891703525,0.9999999999999996,50
0.007976581111018382,0.020879581687233757,0.9975424768682732,0.9999999999999998,52
0.3472964620045942,0.9043436466052445,0.6334106046676898,0.9999999999999999,50
0.028378502050693335,0.17034213979128926,0.960180118841231,1.0000000000000002,51
0.002876361991456246,0.017366891987828394,0.9981130277616764,1.0,51
0.5471696108252773,1.0655792012398158,0.6175072843221013,1.0,50
0.03195111083060728,0.10853419510217546,0.9848711580860405,0.9999999999999999,50
0.0003619117059278762,0.0028906379080022243,0.9997242030428838,0.9999999999999999,50
0.007551189863090837,0.02480719453393657,0.9964245107690501,0.9999999928315896,50
0.018600309014469556,0.13554952559087424,0.969853983773182,0.999999887783071,50
0.16401331067157585,0.7676054363879069,0.7336851796570462,0.9987673194129085,51
0.0008366657232849931,0.014184558168522562,0.9982864640690697,0.9998623235092174,50
0.018630572215902322,0.2566497815651895,0.9375015586113552,0.998629136761391,50
0.18339331722744734,0.6271720648028801,0.7440406361514911,0.2559593638485089,50
0.07988140476116581,0.5585929765115805,0.8578026013395817,0.8931911624908083,50
0.0932936715072417,0.8098594593805837,0.7317000290687249,1.0000000000000002,50
0.4994680559398616,1.4006515153626549,0.5106927471373595,0.9999999999999998,50
0.00041101117863474813,0.003479846414355975,0.9996184220839294,1.0000000000000002,51
0.21325902162185073,0.8491742858875632,0.6036397403876345,1.0,50
0.09788975039660404,0.12738082985831123,0.9810359301699442,1.0,50
0.5109656458564104,0.7577082524565427,0.5294313345749478,1.0,51
0.42967393698570916,0.4913160960406005,0.8924883049621455,1.0000000000000002,50
0.13602376298452842,0.6753494425693316,0.6024980111215686,0.9999999999999998,51
0.11022424689666138,0.35391372124946,0.8886811858857068,0.9999999999999999,50
1.2896223474110853,1.006442413515445,0.5830682696775156,0.9999999999999999,51
0.009364250109478316,0.0270217720027222,0.9959936436023089,0.9999999999999997,50
0.27408330110737034,1.1996987792202558,0.4269548406442858,1.0000000000000002,51
0.18290935032603453,0.6506615444727077,0.7427862219346578,1.0,50
0.41342318718449494,0.632195580372502,0.8125780477405775,1.0000000000000002,51
0.6015174230178442,1.4305306759700043,0.36071322110204396,0.9999999999999999,50
0.00047896295578196457,0.006099472515812272,0.9992629061814307,1.0,50
0.00036467714393997863,0.0021960470181911383,0.999790862602632,0.9999999999999999,50
0.29851008720180455,0.8642884436580428,0.6798751236942193,1.0,50
0.000830442008351664,0.003983065203641298,0.9996012752311418,1.0,50
0.011938729862427853,0.04415470695967883,0.9943617195410371,1.0,50
0.8105172345140643,1.342108839844363,0.39791029893523383,1.0,50
0.6919785813389836,0.9986367748830918,0.6369083106924998,1.0,52
0.06284214554266346,0.1310454048096821,0.9742756476348808,1.0,50
0.16794227628639635,0.5568873591865054,0.8554137380585953,1.0,51
0.00035748361927503335,0.0048583463741397,0.9994356432293238,0.9999999999999999,52
0.017071420351781334,0.044714792699978016,0.9928629587858655,1.0000000000000002,51
0.0028560146460217986,0.01127953903486533,0.9986913000480456,1.0,50
0.009055483094216835,0.03304252185887129,0.995307757787851,1.0,51
0.11768284632194724,0.4873525423583011,0.8335762809445666,0.9999999999999999,50
0.042532471540090794,0.24226558529180278,0.9387815258074864,1.0000000000000002,51
0.6961581289616012,0.7616309535853513,0.622790272526432,0.9999999999999999,50
0.005285298594441486,0.02444608519759907,0.9966111549910932,0.9999999999097464,50
0.05133675058679268,0.19852904555294298,0.9659713421229523,1.0,50
0.0008382470431675546,0.0055563670709483926,0.9993936966466674,0.9999999999999999,50
0.23512584997708325,0.39696033284367177,0.87251175255975,0.9999999890598203,50
0.0012001100678612653,0.013161567852668468,0.9982568446219224,0.999999974933779,50
0.012706638590769703,0.06692459238887537,0.9892215053501503,0.9997930553570137,50
0.004620275751142908,0.07045028523075227,0.9897846679667199,0.9956034473478048,51
2.3964859950969883e-05,0.0003420689089200941,0.999970053340542,2.9946659458089472e-05,50
0.12259185946329383,0.9502388735103505,0.7022242710628339,0.9999999999999998,52
0.5259052768872701,1.8766752300602827,0.3473682011305393,1.0000000000000002,50
0.43933470531011437,0.9525264138117336,0.7257406253544952,1.0,52
0.20940123513202363,0.7810838559040086,0.8133388460198979,0.9999999999999998,50
0.00010959866691143842,0.0008215879864532631,0.99993295140309,1.0000000000000007,51
0.006551363872321315,0.033874014877183445,0.9960483778811682,1.0,50
0.1394304809227962,0.27659895410456753,0.9496287863211623,0.9999999999999998,50
0.13689012639415488,0.2849188493813257,0.9223574545903152,1.0,51
0.2611264865259309,0.49731144042262027,0.8182474520353619,1.0000000000000002,50
0.1094364003674547,0.5812752433782442,0.7502174635796103,1.0,51
0.11111307769983517,0.3596456855958328,0.8879475546517005,1.0000000000000002,50
0.030561860367955364,0.21326701810634446,0.9516142322811221,1.0,51
0.002398089359701183,0.009761008704706265,0.9988764491347827,0.9999999999999998,52
0.21687962972175606,1.003961863336663,0.4605928137741322,0.9999999999999998,50
0.04713749282323603,0.2626905591658969,0.9500563071754625,1.0,51
0.4037512839853242,0.7552808293127566,0.735023630454587,0.9999999999999999,51
0.629267697230294,1.1166831316845105,0.6470547458259932,1.0,50
0.0015649119042310622,0.009082112516628901,0.9988564794235754,1.0,50
0.0028777824666684332,0.014858985658995428,0.9983324834636734,1.0000000000000002,50
0.022564964179359118,0.10907314850342287,0.9833820768279782,1.0000000000000002,52
0.007389216043795023,0.02697292680733124,0.9963074050470623,1.0,50
0.00697603956616793,0.024544900523928354,0.9970844450564783,1.0000000000000002,50
0.4751174028982086,1.1976201840824965,0.5629899899064585,1.0,50
0.4069959022132324,0.564901199395792,0.857173734590814,0.9999999999999999,51
0.01079899188571258,0.031026034920743465,0.9955130108826444,1.0000000000000004,50
0.23893719576898437,0.7624280848600288,0.7683520666313159,0.9999999999999999,50
0.0017923518622291236,0.020137621070662845,0.9970671833402033,0.9999999999999997,50
0.012208402605881968,0.03421607981022454,0.9949569794993937,0.9999999999999997,50
0.22787952869777875,0.4809865586762979,0.8773013239510628,1.0000000000000007,50
0.026817510921988533,0.08303095150697228,0.9859504531701007,1.0000000000000002,50
0.1519941187648297,0.5876262136656828,0.7687933550086641,1.0,50
0.042496016033471154,0.2775081346745884,0.9374198036161535,1.0,50
0.0006695413947647633,0.004709004549570806,0.9994867673804454,1.0,51
0.05553905968015517,0.17271440982186867,0.9669532505756188,0.9999999999999999,50
0.3558858252855966,0.9612674718738444,0.7107886383489462,1.0,50
0.3287991182413511,0.5642260526034311,0.7738563459928497,1.0,51
0.3476823221806461,0.7271993167591347,0.656301103144317,0.9999999999999998,50
0.2933659659871638,0.45272374938810905,0.8527745239273713,0.9999982989419182,50
0.15593041352435177,0.6851903567846778,0.5689043782101088,0.9999978798906946,50
0.016992113432644684,0.20888512690709474,0.963666540988027,0.9995962794930224,51
0.003525714935767386,0.028426147470470658,0.9955751139064691,0.004424886093530992,50
0.0969126696840775,0.8403944341066771,0.7081429989218,1.0000000000000002,50
0.0731050920376691,0.47561547302890383,0.9062014409454803,0.9999999999999998,50
0.13431397118080662,0.5804792040130777,0.8780409294027468,0.9999999999999998,52
0.1710292490380646,0.7390300378441904,0.8303469361949765,1.0000000000000002,51
0.0048951125841955705,0.031978434399566234,0.9949162650241979,0.9999999999999994,50
0.48269760276255136,0.5831672661321327,0.8308108381354753,0.9999999999999999,51
0.0898961562259896,0.41904755942935296,0.8691239541899219,1.0,50
0.11000071106063539,0.16490445593682473,0.9714672486519098,1.0,50
0.04271625013763713,0.10735919005262107,0.9832241697146483,1.0000000000000002,50
0.36819136132844776,0.6395545258233767,0.6942389053867095,1.0,50
0.10977741200632124,0.5958551635835392,0.7693892296315288,1.0,52
0.05732083287935376,0.25706711920476283,0.9432020613070455,1.0000000000000002,50
0.06767268708787436,0.10338477278127144,0.9840872223031397,0.9999999999999999,50
0.2415535746152742,0.6991312817008113,0.5341512659429725,1.0,50
0.3759266902419316,0.9340945316966454,0.6156076257989865,0.9999999999999997,51
0.2569746577747549,0.7938837416306495,0.7683549349485012,0.9999999999999999,51
0.4511156897160097,1.148084413506923,0.6099774665562878,1.0,50
0.27048775673074615,0.34795046232546706,0.9066096662064761,0.9999999999999999,50
0.4982009434009109,1.0497266647344332,0.5112818360651149,1.0000000000000002,50
5.060579636633017e-05,0.0007930774625125314,0.9999268174161827,0.9999999999999998,51
0.00027161252417597326,0.0016832202478503314,0.999842792780776,0.9999999999999999,51
0.14151567918146418,0.5160574088206867,0.8639806802368721,1.0000000000000002,51
0.03052769418215395,0.09461597107299463,0.9818906253800642,1.0,51
0.5849252006223843,1.4683745916359323,0.3127171775094466,1.0,51
0.015420517529982466,0.04237836886592211,0.9941059744405768,0.9999999999999997,52
0.00045498035818738097,0.0018754763789550469,0.9998314664414147,1.0,50
0.29684265568943563,0.6811974468048219,0.633344547107033,1.0,50
0.04653377153966888,0.057250696292139386,0.9904442484952581,1.0,51
0.5661999885690884,0.6969600412711813,0.5342762193417168,0.9999999999999999,50
0.043129725287811935,0.2225951209929535,0.9541607784651625,1.0,51
0.0042131392741844,0.01738432226436954,0.9979136357997014,0.9999999999999999,51
0.010791195076377703,0.03608389439688481,0.9948157885846001,0.9999999999999998,50
0.19456788300103917,0.48549028785606985,0.819817630774007,1.0000000000000002,50
0.002377036499731337,0.006911486968485926,0.9991960890207359,1.0000000000000002,51
0.005649536712183961,0.02630587664392623,0.9960559330380189,1.0000000000000004,50
0.04076513546155404,0.22308800952814622,0.9414508294026604,0.9999999999999997,50
0.0025921048926651653,0.01714776769539302,0.9981678167916935,1.0,50
0.44029362414375056,1.0224216728122666,0.5892066746504263,1.0,50
0.04204317142824013,0.15074886448460992,0.9719398001853611,0.9999999999999998,52
0.0007602818833509018,0.004983537566144362,0.9994583248465232,0.9999999999999998,50
0.10394862774012922,0.20775202084349112,0.9481202673381613,0.9999999931790963,52
0.0033189152966779578,0.03255650450274276,0.9948675447852873,0.9999999425190552,50
0.001961311197018047,0.015375506880668908,0.9980696804477249,0.9999957263542788,50
0.01660247066871092,0.26208088726509066,0.9446312489296825,0.9968216881402425,50
0.00024048194210785605,0.0022520602185803905,0.999806441087325,0.9999925384630027,50
0.0013535328241873154,0.013869217942209501,0.9983319242705939,0.9999739950856429,50
0.016665529715108783,0.050176251432083,0.9924046078264,0.9989008080275608,51
0.21868332921466604,0.43780507203431723,0.8411300588888689,0.8411310530625706,50
0.03399840450866399,0.1848239248570191,0.9647012571139407,0.035298742886059185,50
0.10483538812580188,0.9422317143780142,0.6226390822626643,1.0000000000000002,50
0.052823211371244405,0.3765087812663559,0.9354869160125011,0.9999999999999997,50
0.08616851218028343,0.5554444235748366,0.8872904797451031,1.0,50
0.025138707196321882,0.08074090822070025,0.9886131137636964,1.0000000000000004,50
0.06115648220069836,0.1725425253006449,0.9650538740553916,0.9999999999999997,51
0.0003151079804037247,0.0026408060085056084,0.9997430341685147,0.9999999999999999,51
0.0018852013650326159,0.012634766433657954,0.9987017720121346,0.9999999999999998,51
0.12284034496375631,0.2745220617075652,0.943498344218113,0.9999999999999998,50
0.016725659530093882,0.08823662632290373,0.9845940348541831,1.0000000000000004,51
0.6872475573934064,0.7562288615166395,0.5940945763221834,1.0,51
0.013929744741235796,0.03197976027951619,0.9951985807046765,1.0000000000000004,50
0.01605091492974206,0.06524599505085164,0.989389385455158,1.0,50
0.07169708014178931,0.16645936772055758,0.9657657444329131,1.0000000000000002,50
0.03476620615393213,0.1589961889515065,0.9747405989022555,1.0,50
0.28588054211387415,0.8644235798395276,0.5936272059455805,0.9999999999999999,50
0.026735618434526,0.12962384915384847,0.9742696545919072,1.0,50
0.005586543746591413,0.018324810342253427,0.9975082974303978,1.0000000000000002,50
0.0005640579599852651,0.0015339153899865603,0.9998705570528299,0.9999999999999997,52
0.14213088812173322,0.6156194478286832,0.8590839177919225,0.9999999999999997,50
0.0033869386240074403,0.020879854928126933,0.9969982865253925,1.0,52
0.21187715558928683,0.7832423717521623,0.523794369076274,1.0,50
0.049090125316993936,0.189096422381769,0.9573456860032402,1.0000000000000004,50
0.0006756056996668962,0.00570277972642823,0.999333462571282,0.9999999999999996,51
0.7386720247208076,1.1412370794308406,0.5224257652017178,1.0,50
0.0009680883481203604,0.005500209472092651,0.9994397562500813,1.0,51
0.10355232018107824,0.4152135306772179,0.857936621796737,1.0,51
0.14911340361121056,0.5618617607329274,0.7923493254406525,1.0,50
0.07132290473358183,0.3067599810521162,0.9189784541538575,0.9999999999999999,50
0.0005552416741172832,0.004303408947390218,0.9995404632902694,1.0000000000000002,50
0.7845145370438724,1.7324975952329575,0.533340353204474,1.0,50
0.4073598484964356,0.5343434233441211,0.796861484593879,1.0000000000000002,53
0.08081809779913733,0.205480996099601,0.965233573129792,1.0,50
0.05800740098309907,0.17191828345224322,0.9679536049824199,1.0,50
0.16374967115080824,0.24938178539280723,0.9375136197879007,0.9999999999999999,52
0.004679757152108666,0.02868978259149806,0.9960697533366519,1.0,50
0.00013971783568828884,0.001500158550949113,0.9998579182412398,1.0000000000000002,50
0.09868575898741411,0.20365437091250957,0.9485663703163465,0.9999999999999999,50
0.29071444647413613,0.5897177611767773,0.7489040648398883,0.9999999999999997,50
0.4435045342440272,0.8108198336647325,0.5215448819520399,0.9999999999999998,51
0.024319269831616544,0.04748452074185526,0.9921026326981988,1.0000000000000002,51
1.7535838148843496e-05,0.00011589663112119391,0.9999920268969757,0.9999999781463281,51
0.015179846245872732,0.12709506013100147,0.9765050184025282,0.9999944798676573,50
0.09911340724386003,0.874116377667754,0.709714113454496,0.9995489823835016,50
0.006329804035335795,0.0323125401044485,0.9952116318993318,0.9999095176202055,51
0.13861607861496875,0.7351527445633658,0.6523772793652053,0.9993711241386714,50
0.34561827363431474,0.7198411334407064,0.5970167299755627,0.6064223146907025,50
0.06646162549213286,0.6729301842031492,0.7568786388707307,1.0,50
0.06707463283104702,0.45506747144156523,0.9106398500938384,0.9999999999999998,51
0.11739975046793855,0.6477700141822555,0.8620956146358935,1.0,50
0.10077092830723994,0.6006518020061922,0.8776460408203517,0.9999999999999996,50
0.06590856670676551,0.47119270809706665,0.9108458933638809,1.0,50
0.5311652225503708,0.9681545964678254,0.5366772221938872,1.0,50
0.16619746487237402,0.5487970340231182,0.7949797057722493,0.9999999999999999,51
0.0019029540336136265,0.010487341276662478,0.9987164876407055,0.9999999999999996,50
0.24835366774275844,0.7104707757820046,0.5332116140934916,0.9999999999999999,50
0.1927537501445062,0.6485145573355259,0.7916377215477174,1.0,50
0.31933437764219336,0.5971475743980454,0.7867989946001296,0.9999999999999998,50
0.0001787073097546598,0.000721996466911131,0.9999414277740376,0.9999999999999997,51
1.4999738488835994e-05,0.00010794391047324139,0.999992295686128,0.9999999999999997,50
0.10079236848898553,0.22451046926236612,0.953252360511458,0.9999999999999998,50
0.041274876964262054,0.18472370965341448,0.9582209509493511,1.0000000000000002,50
0.06994828516341807,0.18721118973163356,0.9609880395266274,1.0000000000000002,51
0.0010945192143107891,0.008014375085824782,0.999101145168639,1.0,50
0.09959047530020626,0.18362323080570847,0.9550095592488804,1.0,50
0.0005968316944502111,0.002094737084460269,0.9998130027777279,0.9999999999999999,50
0.09970682309367435,0.435832885725457,0.9116364219083661,1.0000000000000002,50
0.0003277976305722495,0.0023657005810365974,0.9997696960477946,0.9999999999999999,51
0.11584737918052224,0.5189123610794917,0.8298842570490349,1.0000000000000002,50
0.2848887014993112,0.657010283351992,0.6353674763219654,1.0,50
0.5932999659321305,1.0236045052213947,0.5437657404266641,1.0000000000000002,50
0.0007355412571600191,0.0034835676537171355,0.9996713198344902,1.0000000000000004,51
0.13648227116539222,0.5127654182251666,0.798939995351157,0.9999999999999999,50
0.12886005888996405,0.36468535625599996,0.9119837045357394,0.9999999999999998,51
0.0476172009775532,0.17564682765267092,0.9655050510398389,1.0000000000000002,50
0.04512839853344293,0.20550098427959534,0.948333612842279,1.0,50
0.08149642619716362,0.18439925246531122,0.9660129687907808,1.0000000000000002,50
0.5724851807848543,0.7449916385272267,0.6556490185959286,1.0,50
0.16124175020991668,0.37477703414396246,0.920625162774614,1.0,50
0.11848408027551283,0.21155034378353285,0.9568963335737166,0.9999999999999998,51
0.9634057448274083,0.9555361383304919,0.5783355146775329,0.9999999999999998,51
0.08977212950316094,0.17951856931483423,0.9641247039327024,1.0,51
0.0006788634448137219,0.006308061704251666,0.999246920853759,1.0000000000000002,50
0.005454031451124196,0.021825129772349895,0.9974250270060462,1.0,51
0.04612004377404775,0.11801884997488529,0.9802371594195468,1.0000000000000002,50
0.0006225838770771384,0.003547004285566027,0.9996305468242038,1.0,51
1.4574190048607104e-05,7.391902562967508e-05,0.9999949237270722,0.9999999997605755,50
0.6661614159444724,0.994969041113597,0.5583869135228725,0.9999984237799354,50
0.07230925482806827,0.5190990069026572,0.8564232439558522,0.9999221359450186,51
0.0012876623365883871,0.018710744227799968,0.9979843000391924,0.9996833056009019,50
0.003315471530315187,0.01618867577515999,0.9980347625024962,0.9999978660220262,50
0.03321782618728347,0.23075613594655556,0.9406346393091035,0.9999509323988056,50
0.24820448620090524,0.5411643717007977,0.7761092295187444,0.7776409828554133,50
0.0697987393933856,0.6950691561290036,0.7537781152069754,1.0,50
0.49052738523324146,2.0851702060187516,0.3208017108196713,1.0,50
0.18639021043725434,1.0015900582414181,0.7633975402337502,1.0,50
0.09066701543026098,0.5954472009191534,0.880122288954658,1.0000000000000002,51
0.5163005165793261,0.877394708869,0.5162173569384856,0.9999999999999998,50
0.0481130999280828,0.22373262622372345,0.9527100034498658,0.9999999999999998,50
0.0012439190987950984,0.007176516048109452,0.9991628026610356,1.0,51
0.24467374356796967,0.7006924047540519,0.5677538980566258,1.0,50
0.28300641452829833,0.7990495759377773,0.6651204115934208,1.0,51
0.005015886937321122,0.019029338075011008,0.9973480974366441,0.9999999999999999,50
0.012778099984280845,0.029672637992592312,0.9954620783652804,1.0000000000000002,51
0.14081489859201857,0.20360895426389036,0.9485528290646436,1.0,50
0.022536982121804945,0.08460512237601418,0.9864794080986398,0.9999999999999999,51
0.0028408880553130586,0.010752411154724724,0.9988553517085395,0.9999999999999998,50
0.22200341495340767,0.7024569958040398,0.6598123310826995,1.0,50
0.3373039741198383,0.5573603318611178,0.7741827833180581,1.0000000000000002,50
0.04501715148965073,0.10527831655429984,0.9818704691907851,0.9999999999999994,51
0.14676116145723783,0.32156945988276947,0.9021037838979438,1.0000000000000004,51
0.06258020041051773,0.10074053764885205,0.9848445219472476,0.9999999999999997,50
0.07315694697567192,0.1961933400918655,0.9536005709168796,1.0,50
0.005639034025201557,0.04344453734936741,0.9938689050357903,0.9999999999999996,50
0.25097172320295125,0.6214215778178137,0.6964263741028837,1.0000000000000002,51
0.00020487991461683852,0.0018479448117087105,0.9998258289182987,0.9999999999999998,50
0.16792487235528927,0.5270463791990366,0.8655663808384311,1.0000000000000002,51
0.06872279871573825,0.30031071659956887,0.9246748303803852,0.9999999999999999,50
0.12387162560645922,0.5662596480182326,0.8452409467557935,1.0,53
0.0005414582377631519,0.005409261275801619,0.9994538100872755,0.9999999999999997,50
0.2915368674554023,0.757856535997482,0.7374136063461455,0.9999999999999999,50
0.27236028145393876,0.48467219313338417,0.8197038414532197,1.0000000000000002,50
0.6809304338371458,1.853972729417809,0.39492198326298056,0.9999999999999999,50
0.36534264299899644,0.5072920712096323,0.8644582302062795,1.0000000000000002,51
0.4863304231925094,1.0965656875360719,0.530538578229434,0.9999999999999999,50
0.0002965769271593276,0.0019774935665687536,0.9998165131698564,0.9999999999999997,50
0.02550154443798642,0.1773152477649974,0.9594722379979799,1.0,50
0.00010616914590219,0.001078681782924964,0.9999118972157081,1.0,52
0.030632685847146273,0.08084759663794402,0.984576107743348,0.9999999999999999,50
0.08759380660698599,0.23668512447764337,0.9398509419764242,0.9999999999999999,50
0.0372820697943952,0.12085356642471923,0.9782416156887739,1.0,52
0.01799812053724291,0.03639182595628462,0.9941249511601078,0.9999999999999998,50
7.57163703715423e-06,4.134731495833343e-05,0.9999973928884687,0.9999999980771297,50
0.5506498700082867,0.9012937286849377,0.5590032071373108,0.9999904007183537,50
0.08980439251231151,0.7529739599348867,0.7251029868235709,0.9990772094295159,50
0.38976807039634687,1.116600577284966,0.6521306864028107,0.9980903659100252,51
0.16247096991106014,0.6869667561044873,0.7658829526446242,0.9639295561826845,50
0.009560588580197094,0.050717462982194546,0.9933897720077081,0.9970910570337942,50
0.1744918097648195,0.41898531849095966,0.8576012100414007,0.8590248483067026,50
0.08118357813540446,0.7829959322973763,0.6481301801264038,0.9999999999999999,50
0.021600709054834865,0.22435721007927323,0.9609174567664871,0.9999999999999997,52
0.06230091761115583,0.3913934102889935,0.9274175519924444,0.9999999999999999,51
0.03709066330746734,0.28135205894515547,0.9523169230928896,0.9999999999999994,50
0.036130336799685,0.2996810386561534,0.9491607915694328,1.0000000000000004,50
0.18242368290683025,1.0120571971635792,0.5600531928514374,1.0,50
0.1067449651080568,0.712642947861573,0.7514931574969627,1.0,51
0.029654958175969005,0.234719282003568,0.9593312967042484,1.0000000000000002,50
0.29044485202876635,1.1375766352122276,0.6834686582899516,1.0,50
0.42074553654091834,1.6992424545411087,0.44207173299415975,1.0000000000000002,50
0.031501479628598235,0.16563519446230712,0.9751174261327652,1.0000000000000002,52
0.005137778415203118,0.02527315045226511,0.9965084701220414,0.9999999999999997,52
0.12120540050418904,0.4159565260427717,0.8579611086468685,1.0,51
0.6302681628734541,1.4113179259087234,0.3114354439627304,1.0000000000000002,52
0.0006368996175847959,0.0038933977716213057,0.9996089672264251,1.0000000000000002,50
0.017078857979054493,0.03842263950475039,0.9939312057012236,1.0,51
0.0018396123244576353,0.005951612905764473,0.9993240585313409,1.0000000000000002,50
0.39535691215567736,0.6407496621262395,0.7413422032417697,0.9999999999999997,51
0.045670344974721264,0.06997401353130504,0.9876648989416372,0.9999999999999998,50
0.1303762326590319,0.4055264853465269,0.9157058500382358,1.0000000000000002,50
0.011133784772848869,0.08527473382712772,0.9840673411395311,0.9999999999999998,51
0.6974375494733456,0.6150481994353951,0.7653300252694709,0.9999999999999999,50
0.3512455572068384,0.6157257102917686,0.6968712660427567,1.0000000000000002,50
1.1480582460219333,1.4596892096720704,0.3854665951174211,1.0,54
0.07098081378086234,0.20385332424127017,0.9556874166744127,1.0000000000000002,51
0.013288971691154226,0.0666269797619219,0.9880676658380664,1.0000000000000002,50
0.014951694551490221,0.08449563789517596,0.9864735765838271,1.0000000000000004,51
0.001599870043738896,0.010200746459681139,0.9986925846979535,0.9999999999999999,51
0.06436874505397344,0.1909281547428372,0.9663376383116401,1.0000000000000004,52
0.0093874566512075,0.07399493212561294,0.9863646825258969,0.9999999999999998,51
0.04898175479807642,0.24248282387017422,0.9391444817869373,1.0,53
0.0003942949427871149,0.0044676012377812034,0.9995298462994647,0.9999999980780289,50
0.39192078293327265,0.7280626359628587,0.8032596667740067,0.9999999999999998,50
0.23269994643981579,0.7102138584385872,0.5664242442030937,0.9999999999999998,50
0.0429230865482265,0.12536534110536093,0.9798768318207874,1.0,50
0.12526797221225738,0.2456103641355315,0.9551840190411539,0.9999999999999999,50
0.6679007339008332,1.137993085864033,0.5154640098019869,1.0,50
0.48171273530177694,1.136139891235116,0.5563234336254543,1.0,50
0.23163804923187714,0.46027583956488244,0.901715036413413,1.0,50
0.00041604611926061467,0.0018962162732183965,0.999815066248101,0.9999999999999999,50
0.49679196550939414,0.6926843509299424,0.5684429453763833,1.0000000000000002,50
0.24129727864588008,0.5164760692821869,0.8150416161360671,0.9999999999999999,52
0.013151174198110753,0.05533946714090718,0.9924222123117169,0.9999999999999998,50
0.17153922996454676,0.230008838770891,0.9407149725571702,1.0,51
8.163314919484497e-06,4.531768565181743e-05,0.9999970549705944,0.9999999998527507,50
0.48491978534138186,0.7618121041386434,0.5286502300265011,0.9999909219439428,51
0.195442652332311,1.0007818742782524,0.5329995955279302,0.9937406507823772,50
0.007579220002738937,0.0379186622389643,0.9941940090940293,0.005805990905970635,51
0.14395955918910086,1.123674581745355,0.5792757616399423,0.9999999999999999,50
0.4117354985285069,1.5809585441801077,0.37942743003243523,0.9999999999999999,51
0.6101051330901107,1.2746758678464964,0.41196917654882376,0.9999999999999998,50
0.2117814579319296,0.3196233211835242,0.9242174817473945,1.0,50
0.45329844883442444,0.7096925032669689,0.710302126607832,1.0,51
0.5649712259688586,0.995377190343308,0.5471827352649861,1.0000000000000002,50
0.007735460783029545,0.037815440783027426,0.995465206476868,0.9999999999999999,51
0.1932789111532332,0.47753521287656053,0.8969893335600381,0.9999999999999998,51
0.0013754506990562505,0.005246300458802287,0.9994795273995346,0.9999999999999999,50
0.0001343177235357342,0.0006033957315483419,0.9999497283170753,1.0,50
0.41710339142653885,0.9074956132723226,0.5376580891173114,0.9999999999999999,50
0.02232348967815824,0.07293152720535988,0.9873892878764507,1.0000000000000002,50
0.20173039386246694,0.7142166755487919,0.769696052359568,0.9999999999999999,52
0.4571562169820086,0.9259537233720218,0.7190357639622683,1.0,50
0.25004429729759,1.0905238680947655,0.5345382032337573,0.9999999999999999,50
0.08668389825913822,0.22972411507597618,0.9591341368891908,0.9999999999999999,52
0.04301534384725629,0.21922253638078343,0.9464938097210548,0.9999999999999999,52
0.4811598496120923,0.8823567478335467,0.7521892750543705,1.0,51
0.6968709592673468,1.2204106677108193,0.5563694159844554,1.0,50
0.005003610240389539,0.018249451482697986,0.9979994366151345,0.9999999999999999,51
0.6681413703221828,0.7978691224533687,0.6617665810758842,1.0,50
0.047221577522311195,0.2412975997382376,0.9453203388728565,0.9999999999999997,50
0.00018390004017148075,0.0008096409294395398,0.9999311265079918,0.9999999999999999,50
0.35308673491978293,0.9157411046408017,0.5923286064283972,1.0,50
0.2961279561638008,0.6952833975345093,0.7316172902849345,0.9999999999999999,50
0.01670888523408641,0.10690855476608571,0.9789919023558299,1.0,51
0.1594074091324832,0.40760635401348394,0.889978315438499,0.9999999999999999,51
0.0855087694829089,0.2798861906029124,0.9474839010423408,1.0,50
0.0027684880052095094,0.01434484064570898,0.9982534728562142,0.9999999999999998,51
0.0004549200608624116,0.00325326784889317,0.9996744058148529,0.9999999999999998,51
0.26047279337977236,0.6388493111361707,0.6667792875168251,0.9999999999999999,55
0.23864413496042397,0.5196822330399622,0.8483396916989243,0.9999999999999999,50
0.00026132292519256815,0.0011334595362441316,0.999896892578165,0.9999999999999998,51
0.14849318496813568,0.594653939101304,0.7249673561287568,1.0,53
0.004501581866029547,0.02516042315698103,0.9966009976572586,1.0000000000000002,50
0.14490000156018878,0.4240894438219007,0.9045645313116177,0.9999999999999999,50
0.1205112054307383,0.32493372001455434,0.9017908389341824,0.9999995815489858,50
0.0031837550926254723,0.02010881024419628,0.9975502577201126,0.9999701438412009,50
0.15285679137443464,0.7494474416097924,0.7674815393457768,0.999678469654199,50
0.0011648940837893254,0.012122336075271542,0.9984797631466478,0.001520236853352221,50
0.08492382949674926,0.8053460312459221,0.6932025843883955,1.0,50
0.12385965323222695,0.7967738326328615,0.7925017406431727,1.0,50
0.06551842294538752,0.4551875355815981,0.9099497364002228,1.0,51
0.17583238320105415,0.9656968582648147,0.7448407234353568,0.9999999999999997,50
0.5099627508768421,1.2335174867761354,0.46693925098237393,1.0,50
0.02742083611361929,0.07046645079602525,0.987664065285533,1.0,52
0.13635429061413262,0.42418689438331114,0.8569283610741656,1.0,50
0.6679676365401761,1.4939475703829113,0.3796289138435275,1.0000000000000002,50
0.04475265505678479,0.13101903009016816,0.9776328632325417,0.9999999999999998,50
0.12270604498792997,0.440421320440626,0.9125848739814213,1.0000000000000004,50
0.00095548987414718,0.0037895652396005308,0.9996513455374537,1.0000000000000002,50
0.0029601688916522694,0.010068950520934063,0.998840805487197,1.0,50
0.36016066590806195,1.1718143450794725,0.6920365066014492,1.0,51
0.10803351488477714,0.2683204685040658,0.9360474083019409,0.9999999999999998,50
0.09635368489719243,0.4262181736855903,0.9008265088013824,0.9999999999999999,50
0.7565950448357823,1.29228669309129,0.4063487044632617,0.9999999999999999,50
0.44728498193499316,1.3155631496390334,0.4401866746172821,1.0,50
0.3850731156895366,1.0937845238608692,0.4462118057126563,1.0,50
0.4396932964039465,0.807539427961874,0.7467080560170541,0.9999999999999999,50
0.555747324426423,0.8805357397202748,0.7787933937480452,1.0,50
0.6344718737180293,1.2523399125122894,0.548797324233247,1.0,50
0.0048094860524082175,0.016064778813933492,0.9980937635604448,1.0,50
0.1458030405222852,0.6499269036068878,0.8377180755045446,1.0,51
0.068520811141706,0.30495681975678035,0.912476371288458,0.9999999999999996,51
0.000944251900764084,0.0037947638584355774,0.9996276579048594,0.9999999999999999,50
0.32900981360452897,0.7101368298193685,0.7613680641587497,0.9999999999999999,51
0.3341309834293005,0.9409882332735268,0.6919110058398462,0.9999999999999997,50
0.3472710706413244,0.9912542757215679,0.6514399544112173,1.0,50
0.176667469261214,0.3895817727444403,0.9269244120490754,1.0000000000000002,50
0.004106944841072344,0.019299499786361224,0.9973293465040376,1.0,51
0.199047443493555,0.4914314559509389,0.8326733406717757,1.0000000000000002,51
0.5951537542696498,0.7420720914083152,0.5622250032111696,1.0000000000000002,50
0.014797095008121843,0.039042078232389865,0.994339029131117,0.9999999999999996,50
0.39302420188984627,0.5813093741204971,0.8231636074453161,1.0000000000000002,51
0.02279886826644368,0.14120093924560287,0.9693091130830462,1.0000000000000002,51
0.011014690910207929,0.04483037683275954,0.9928204093458577,1.0,50
0.02966871268599728,0.11811923796237354,0.9834571944166753,0.9999999999999999,50
0.016684244730265096,0.08469920660093913,0.9853833452238564,0.9999985111436877,50
0.019851860816488574,0.08509887580933664,0.9863550832837079,0.9998816088567509,51
0.00010104592288468026,0.0022174751203389823,0.9997903956055778,0.00020960439442225436,51
0.10286969650492025,0.9247653005549964,0.6689613705347043,1.0,50
0.532198986329596,2.3350109572979747,0.30491268668949445,1.0000000000000002,50
0.28493860545697663,1.536495462964175,0.39951459181780236,0.9999999999999999,52
0.4830631149121236,1.8681064394697215,0.3271536602773407,1.0000000000000002,51
0.11652751343803604,0.6747409399849538,0.8277147769699936,1.0,50
0.25607837292603475,1.4082230612667912,0.5585614163015514,1.0,51
0.015665770143460635,0.08584744957633866,0.9840723639793993,0.9999999999999999,51
0.22361339594507468,0.42856116236640124,0.8989927696691934,0.9999999999999997,51
0.7841057838610016,0.7833967158818078,0.585831695898416,0.9999999999999996,53
0.018517235179960866,0.07324152191096664,0.9891045878316469,0.9999999999999999,51
0.4601589304082844,0.8060000984369736,0.6813017024823775,0.9999999999999999,50
0.0870777765989949,0.359330463951777,0.9241175872719714,1.0000000000000004,51
0.3207823736676405,0.8006928650150844,0.741985643175434,1.0000000000000002,51
0.01618588724332859,0.04101048198122808,0.9932331620837138,0.9999999999999994,50
0.04439222942455387,0.13992841046265592,0.9713608788844645,1.0000000000000004,51
0.786138512136282,1.2677883244335897,0.5300712555038601,0.9999999999999999,51
0.8727473378772723,0.6889236299287769,0.6014835533701577,1.0,50
0.2851519976897948,0.9212663597656672,0.602845453228462,0.9999999999999999,51
0.15326916108441865,0.6632087442928422,0.7133777758757729,0.9999999999999998,51
0.39248934724639395,1.6661165514419725,0.32554470626752735,1.0,50
0.1787528088270458,0.7327550350875911,0.772092027112301,0.9999999999999999,50
0.12415692177034268,0.29370383485609564,0.940525691514999,0.9999999999999999,50
0.00920798487512643,0.03330486288893628,0.9956405114871829,0.9999999999999999,50
0.24188378096818086,0.7205596932036552,0.798671751203799,1.0000000000000002,50
0.07120566603695672,0.18089849707206368,0.971168492345328,1.0000000000000002,51
0.17035797211880008,0.3968290513743774,0.9007077028959148,1.0,52
0.08583511666347382,0.3493117484312029,0.9111372192545323,1.0,50
1.3728014430676646e-05,0.00018187128264338115,0.9999864851636244,1.0000000000000002,50
0.07291028093152435,0.2789176366172622,0.9228572927319141,0.9999999999999999,52
0.22617937623998635,0.6959700111949114,0.4998344500381499,1.0000000000000002,51
0.010549370217904112,0.05850378777013334,0.989701083339947,1.0000000000000002,51
0.20217672594561653,0.49262191792888615,0.8480612935412501,1.0,50
0.04904534894852636,0.2590312047924538,0.9318295697871806,1.0000000000000002,50
0.006309753942399734,0.027158292976795853,0.9965960973368145,1.0,51
0.009563404995643367,0.04524025483400176,0.9930027623817661,0.9999999999999999,50
0.06451786290077655,0.1472482539862178,0.9701228097929416,1.0,50
0.22925095452154998,0.3640937363515481,0.9009695223373535,0.9999999999999998,50
0.05708543177765294,0.11939153902318549,0.9784496355353387,1.0000000000000002,50
0.01145233490464525,0.08095155661354396,0.9845620698653479,1.0000000000000007,50
0.04450290686600965,0.13997629258422675,0.9694065772096271,1.0,51
0.13488199919325738,0.3944312670325385,0.9184823944367092,1.0000000000000002,50
0.3015950899506378,0.6384775482626014,0.6668122280455867,0.9999999172982078,52
0.016995717005727475,0.08525743039942794,0.9861496089148536,0.9999704850566719,51
0.4146835928381515,1.274409718054734,0.4646620732603291,0.9998883094207384,50
0.5368105762111244,1.6400284004010972,0.4596279078758743,0.9501910322058759,50
0.04798768045116936,0.13552803858692813,0.9698533810925292,0.030146618907470966,51
0.09504219132650753,0.8831333879760396,0.6047460232498537,0.9999999999999998,50
0.029896015228956494,0.28864339824621316,0.9472059002294506,1.0000000000000002,50
0.061764931682871324,0.41171392622348063,0.9162567002789752,1.0000000000000002,50
0.040929013952502355,0.31554680877731545,0.9426959169474277,1.0,50
0.051349774936571044,0.40028354457321963,0.9233774468190933,1.0000000000000002,50
0.16394399262217138,0.9846361185271395,0.6610688205989822,1.0000000000000002,50
0.13100399889342199,0.8692060965660006,0.6834145036405302,0.9999999999999996,50
0.05061383178117931,0.34658537015255025,0.9330190156111535,0.9999999999999998,51
0.23808523410570184,1.0356991793787105,0.6842582288600265,1.0000000000000002,52
0.35443141798111655,1.3552648473852198,0.46261500950280426,0.9999999999999998,50
0.42135159346058626,0.9641301397775521,0.5734278825545359,1.0,50
0.00934030943713139,0.029022384917393014,0.9957926498418228,1.0,50
0.16092660665483968,0.4765449137489679,0.8209882209870273,0.9999999999999996,50
0.0070559234678443114,0.0315294034565862,0.9960834791490086,1.0000000000000002,50
0.21156078370637574,0.4827770012689915,0.8723749530339785,0.9999999999999997,51
0.047349763343257995,0.2851344060829321,0.9285160720117791,0.9999999999999998,50
0.7038923732327358,1.1364093710945427,0.4467687911543395,1.0,51
0.021262109305193545,0.05153097505164785,0.9910924176164715,0.9999999999999999,50
0.1869591024147933,0.44656838647999936,0.8636318907685075,0.9999999999999999,50
0.4022116293449933,0.7231023965581452,0.7867194004283364,0.9999999999999998,50
0.881153786403082,0.8136847418911652,0.5844171357463734,1.0000000000000002,51
0.25091438427612966,0.8790887822595719,0.7387894635361738,0.9999999999999999,52
0.15920167994849357,0.6867885355617476,0.6857741024638556,1.0,51
0.39525738526434023,1.3786930403728832,0.3124228350598293,1.0,50
0.19499838884535026,0.7016372247331936,0.7810603388525562,1.0,50
0.0633159094715959,0.22735412923618598,0.9512245822473196,1.0000000000000002,50
1.118361590117209,1.6067300796025181,0.3243419239165005,1.0000000000000002,50
0.5391170952864908,0.8960819767796834,0.6068911742191161,1.0,52
0.00021769987975326234,0.0010155890570514776,0.9999121477778565,1.0000000000000002,50
0.330250612923221,1.1581685740073189,0.49495642097386583,0.9999999999999999,50
0.02481856266981941,0.13540878025080955,0.9698663958348803,1.0000000000000004,51
0.04496988008697217,0.18290152676952506,0.9585975600361335,1.0,50
0.01557174837509891,0.08842079005446944,0.9824768662369701,1.0000000000000002,50
0.45119668852800654,1.2100814276509277,0.5504789327979301,0.9999999999999997,50
0.0005941386904751664,0.006791969852585859,0.9992512508082702,0.9999999999999996,54
0.559762031898821,1.1557687264959715,0.4667343956065685,1.0000000000000002,51
0.16774666443167408,0.3437314687335179,0.9126425899520242,1.0,50
0.0005856918475175563,0.003512995812973106,0.9996168642061937,0.9999999999999998,50
0.10380828725251334,0.324759446440446,0.9017897577618523,1.0,50
0.09632223315859359,0.2785487434204112,0.922887633278998,0.9999999999999998,51
6.613854531567229e-05,0.0003351396210858763,0.9999726415648752,0.9999999999999999,50
0.04185676422873963,0.22785921354663216,0.9409491378970118,0.9999999999999998,51
0.002788895182178739,0.017649496562930873,0.9978163036737155,0.9999999999999994,52
0.02425894018263669,0.09705452565706986,0.9866187276803934,1.0000000000000002,50
0.14868877853491674,0.37927174237645733,0.8746586010467536,0.999999767135833,51
0.0066039410730178195,0.038653442065999445,0.9948489161513366,0.9998960739597323,50
0.19899810752330535,0.7711428451509146,0.811871798137876,0.9986359563576857,52
0.34554420205112935,0.6217621676864916,0.6962399618857621,0.69741535987341,50
0.0395991674832283,0.20943078713311036,0.9515077354966367,0.048492264503363275,50
0.08494553317296458,0.8320236829859307,0.6352529453396529,0.9999999999999999,51
0.0738939751212467,0.49806892805577413,0.9029924064518706,1.0000000000000002,50
0.1350189344442884,0.838606175884686,0.8044872050792257,1.0,50
0.008546000536666987,0.026772908086082677,0.9970717349557302,1.0,50
0.07721015003491208,0.1446586193237447,0.9730782764534078,0.9999999999999999,50
0.000594335050442337,0.005359085532393216,0.9994514883136697,0.9999999999999999,50
0.5200990561564028,1.4673803077734195,0.36182622516458335,1.0,51
0.23200249784624905,1.0012694441128787,0.6025910915122864,1.0000000000000002,51
0.015612546735149422,0.054384370814534455,0.9921215641782931,0.9999999999999999,50
0.3862181077290823,0.46103562343948773,0.8732272508298451,1.0000000000000002,50
0.0012827891825441802,0.01750869726458917,0.9978206992487516,1.0,50
0.4325178411766655,0.4036076728269862,0.8805842921568787,0.9999999999999998,50
0.01716084184700634,0.059156922789866256,0.9905872445947479,1.0000000000000002,50
8.548300824762595e-05,0.00044797653898244434,0.9999642490915057,0.9999999999999999,51
0.5958497066336711,1.1153979370754024,0.4710650376275331,1.0,51
0.052023992455461035,0.20272922340472843,0.9586152371474604,1.0,50
0.0900344310663713,0.25000726401012424,0.9593844339192599,0.9999999999999998,50
0.034683342154606195,0.14882804479199638,0.9683017752564093,1.0000000000000002,51
0.049860276652212376,0.22947960488722396,0.9519706315585579,1.0000000000000002,50
0.0010312973462989156,0.007188719968661003,0.9992443015070435,0.9999999999999998,50
0.6149099484681759,1.7667109413413828,0.5083734315459835,1.0,50
0.2985886368664327,0.8305882984297547,0.7451507476728867,0.9999999999999998,50
0.12512599937238703,0.41166065645611627,0.9015513412998434,1.0,50
0.37035053942589585,0.5001066649929548,0.8003980557363414,1.0000000000000002,50
0.7634547205073301,0.720198711472701,0.4977061200721833,0.9999999999999999,52
0.3118428386531268,0.792324793479584,0.779598624921323,0.9999999999999998,50
0.004679676592317805,0.027579426640761795,0.9963827328973855,1.0,51
0.006775680462802235,0.017704898745996293,0.9975966974842435,1.0000000000000002,50
0.6470088124765649,0.7153515122833302,0.6799533510854342,1.0,50
0.5469988941284556,0.700383727555216,0.7113489922204821,1.0,50
0.5892239176583938,1.189739613080477,0.5636936991460912,0.9999999999999999,52
0.19218463601414265,0.5714479321751773,0.8206344890552743,0.9999999999999999,50
0.07650727181349917,0.2951889378467339,0.9279075917400986,0.9999999999999997,50
0.003737322159014693,0.031989391520703056,0.9949154753774981,0.9999999999999999,51
0.6343580663888935,0.6842467267795971,0.6015905427089149,1.0,52
0.00010001973470025485,0.0005978370758697628,0.9999494355990718,0.9999999999999999,51
0.3028446036973974,0.6993249983127288,0.7848027340286594,0.9999999999999999,50
0.00033870467433909585,0.002360386078252862,0.9997511641946581,1.0,50
0.0005880937312799992,0.0036550862132088773,0.9996103738118678,0.9999999999999999,51
0.062401237887367546,0.22938677653329942,0.9607959958665951,1.0,51
0.03612698086476893,0.13886520382650913,0.9766215392986548,0.9999999999999994,51
0.0019787827805816715,0.01135479391192097,0.9987251001235776,1.0,50
0.006847331789580344,0.04462084906504834,0.9936718073812212,0.9999999999999999,50
0.06932576900380036,0.2987750512512767,0.9132532892127773,1.0000000000000002,50
0.021674098081741228,0.09509375188048019,0.982795528901356,1.0,50
0.784406399520371,1.8252658886511595,0.31425242901619893,1.0,50
0.5339591393797587,1.035356176503609,0.6329520183154711,1.0000000000000002,50
0.4778063294797682,0.5283743857693868,0.7965912411980245,0.9999997200135741,50
0.27650132980559256,0.5471580421725367,0.868802465757047,0.9996360220501385,50
0.28853270372039325,0.9859321248362732,0.7311956689528909,0.9994660970111279,51
0.0234026631373093,0.1433845337226729,0.9763320921011055,0.9997653195662102,50
0.04222692854588343,0.48357305970606623,0.8957269480799518,0.9920321603258646,50
0.1485419794375788,1.0544278612701885,0.6749245389167132,0.32507546108328683,50
0.00010654814407756914,0.001122676695199839,0.9998912276844634,0.00010877231553674607,50
0.06721413374078257,0.6984854190942364,0.748221354605136,1.0000000000000002,50
0.06730867268143953,0.5193850244762643,0.8927002640338886,1.0000000000000002,50
0.11088118094103738,0.7120597524606694,0.8470390090096167,0.9999999999999999,50
0.08093836311088477,0.5719303807415319,0.8864129372575734,1.0,50
0.08023894276638706,0.5841210899772271,0.8755524058488305,1.0000000000000002,52
0.02749120635118237,0.06699248003041948,0.9913000363108532,1.0000000000000002,50
0.007475949560094343,0.023261694702208187,0.9968971407697954,0.9999999999999998,50
0.006689086904245729,0.04965948584663522,0.9925366450127759,1.0,50
0.4133823262767559,1.4792301382527486,0.5240292294717618,0.9999999999999998,50
0.25160518029684076,1.0292926152404267,0.45019484680351846,1.0,50
0.05461569570002263,0.1942322163973526,0.9663385893498909,1.0000000000000002,50
0.25906043595072303,0.31505396198212676,0.9169150766801646,0.9999999999999997,50
0.06166118423565232,0.1407417114812112,0.9761322959952585,0.9999999999999999,50
0.00238125600658502,0.0328048253946772,0.9956423519847769,1.0,50
1.0071208623901118,0.7306752938033813,0.5958093323843016,1.0,50
0.19707988578548297,0.47164140802997445,0.8732407801866877,1.0000000000000004,50
0.0008427624570000506,0.004065887255795797,0.9995774205848694,0.9999999999999998,50
0.10983110983911432,0.18353987116653872,0.9583396110045227,1.0000000000000002,50
0.07593423342256068,0.21638108120011973,0.9572847484570772,1.0000000000000002,51
0.4959147030148423,1.2673789907080897,0.4209051619227129,1.0,50
0.108628232273177,0.30690007646493545,0.948400426513714,0.9999999999999996,50
0.030131613558671652,0.128288595783462,0.9793902467913153,1.0000000000000002,50
0.21296614642666664,0.6896126059874005,0.6013717806716804,1.0,52
0.0035099721094914173,0.02160725939907496,0.9971341266257503,1.0000000000000004,50
0.4194494142506705,1.051400628443676,0.5411686353788492,1.0,50
0.2786600749676152,0.5786163721687284,0.8525489383266659,0.9999999999999999,50
0.20100775219219924,0.5401470948712539,0.8391101768734957,1.0000000000000004,51
0.32459342290260174,0.9538511587957594,0.628345202092726,1.0,51
0.5556849867409894,0.6734011353820273,0.6025909367948608,0.9999999999999998,50
0.7357841612838518,0.793842683404427,0.6365327374863965,1.0000000000000002,50
0.787449696211679,1.5300771828608535,0.34366663449505863,1.0000000000000002,50
0.0044563001052771445,0.04500238340658479,0.9935927589478223,1.0000000000000002,51
0.300606944504779,0.4478296496333665,0.8400986417532597,0.9999999998845946,50
0.02279225981809954,0.05024418196729502,0.991759066419418,1.0,50
0.0003854889511667067,0.001985654039475696,0.9998160304619672,1.0,52
0.1642430331984246,0.48049261747241734,0.8974644172353746,1.0,50
0.48998740866050683,0.9367195875044648,0.5327424395902624,1.0,53
0.0005005349702312686,0.005140435566777438,0.9994127629786693,1.0000000000000002,50
0.0009128570784501455,0.006466368467492776,0.9992743082297321,1.0,51
0.00017156611607920962,0.001980982226330523,0.9998007051261808,0.9999999999999998,51
0.00475006350695882,0.013496575699087182,0.9982261336723134,0.9999999999999996,50
0.00026954878754255666,0.0016242787298901874,0.999835684932791,1.0,51
0.07120370842509238,0.2242453873664364,0.941355345163899,1.0,51
0.011144447981577026,0.025651730897976267,0.9961154433509595,0.999999999965879,50
0.009897169314953758,0.050803126535587426,0.9911592404382473,1.0,50
0.606924671830794,1.016806721409372,0.5310309546657969,0.9999999999999999,50
0.11257096056187302,0.30018767338352387,0.9197569259276897,0.9999999999999997,50
0.00450730075180019,0.02288692752158671,0.9969920097476903,1.0,50
0.014384421769122191,0.0849313514761672,0.98583464811673,0.9999999999999999,50
0.18907569888933504,0.6385584944097988,0.6667993871096968,1.0000000000000004,50
0.25090802639700505,0.7118062479706702,0.6584205163111597,0.9999999999999999,50
0.011312578986393469,0.03822959336706491,0.99525018156768,1.0,50
0.398684413535859,0.8275164766534274,0.6654181049303092,0.9999999999999998,50
0.000526434584019899,0.0022797356412502323,0.9997841911406321,0.9999999964083723,50
0.001368230530718772,0.005979342459493813,0.9994176471823982,0.9999700879512083,50
0.023724241357204585,0.20263980633908493,0.9579795185568515,0.9989389374170028,50
0.3051544929514107,1.4978064638001043,0.4937136285931881,0.9923455361824554,50
0.3534106292041526,1.330161521865594,0.6107278076503642,0.9986453538692023,50
0.2839897600613094,1.0261792080712018,0.760842918466749,0.999817116586051,50
0.06703498041159575,0.3335649763412405,0.9256206070277465,0.9499111828602741,50
0.10937310710416442,0.661622474891269,0.664630648917655,0.33536935108234517,51
0.08827940365687373,0.8613958911273574,0.6567819734677738,1.0,50
0.30559225274315005,1.7804695642752626,0.33551347877078735,1.0,50
0.2854192440590685,1.1398678133629212,0.6838225089544117,1.0,51
0.06910634630599995,0.5048392270291802,0.9005026228894063,1.0000000000000002,51
0.11217640675855953,0.7411070828938973,0.8448236656992151,1.0,50
0.20166947904037213,1.1853540610372488,0.4437257958209844,1.0,51
0.3062862351017844,1.2885856994359273,0.6531746193636602,0.9999999999999999,50
0.7923539683073306,1.0380810468559831,0.5940972764691169,1.0000000000000002,50
0.17268264657974777,0.21400206016631068,0.9508701785572773,1.0,50
0.062288622453634535,0.1510285184199734,0.9677363417813679,1.0000000000000002,50
0.06318665173677672,0.3241269859319609,0.9178284454444795,0.9999999999999998,51
0.3992740956889228,1.7029708781404171,0.4946241943078881,0.9999999999999998,50
0.23056182568727412,0.9421074561003171,0.5245159527627096,1.0,50
0.010359773642065594,0.03797136401474147,0.995038130100924,0.9999999999999997,50
0.05907853750257847,0.10248689465528199,0.9815936020553879,1.0,51
0.00304081789307726,0.010952931098424731,0.9986755197466551,0.9999999999999999,50
0.0036046486385466116,0.037889006096120365,0.9948750797392035,0.9999999999999999,50
0.9390552914358795,0.6736330843035148,0.6630524315281539,1.0000000000000002,50
0.40614854636902453,0.773107891506926,0.7158845279490501,0.9999999999999999,50
0.000951245000885605,0.0045018590594699546,0.9995239300941281,0.9999999999999999,50
0.3491431889249038,0.5604669436270748,0.8460585636825175,0.9999999999999998,50
0.14778476628528506,0.3469384085099387,0.9202438475965998,1.0,50
0.485144916752261,0.8985987566555023,0.5347131750758587,1.0000000000000002,50
0.1429913160246357,0.31530261721249864,0.9116041733627788,1.0000000000000002,50
0.007374148591891838,0.027233346347466453,0.9964834346009381,0.9999999999999999,52
0.013969600835694181,0.07725160811095191,0.9871527004163791,1.0000000000000004,50
0.0014973235902989422,0.00869975077387858,0.9990230070419631,1.0,50
0.5946672056236226,1.3956353314561838,0.3753617526914237,1.0,51
0.1487619388078743,0.354598763245986,0.8977784814161767,0.9999999999999998,50
0.5186784957492996,0.6458506720992456,0.6661533164436441,0.9999999999999999,50
0.0041920958876803,0.010246505313466306,0.9988333812164923,1.0000000000000002,51
0.039954582285175955,0.09500605851325813,0.9851351425450147,1.0000000000000004,50
0.012361832522028054,0.08879496800551785,0.9858285582955036,1.0000000000000002,50
0.4722297677024372,0.6171448309198201,0.6967690416707746,1.0,51
0.0085607108177225,0.02236851075418929,0.9969380668761864,0.9999999999999999,50
0.04609663928430467,0.08980942835825097,0.9834933895804715,0.9999999999999999,52
0.09702307671209534,0.3118337769061409,0.9359234208275704,1.0,50
0.6543139654710548,1.3500535081120377,0.4751643017450686,0.9999999999999999,50
0.0015355627663135277,0.01134516605209559,0.9986261801920446,1.0,51
0.0010416669543614806,0.010990542331574368,0.9986667022556471,0.9999999999999999,51
0.00018964964990636932,0.0015333781000463691,0.9998649964410506,0.9999999999999998,51
0.002379387396181989,0.007444414978284545,0.9991095704049121,1.0000000000000002,50
2.16106853649394e-05,0.0001447006302338557,0.999989113424936,0.9999999999999997,50
0.14175302646377178,0.38013936399824255,0.8745545923071351,1.0,50
0.7573723042666965,1.1122855638778235,0.4116219604807412,0.9999999999999998,50
0.25154374969277515,0.6474079226269631,0.6660530767752566,1.0,50
0.426069616626528,1.0256429185309057,0.6552272952460896,1.0,51
0.10810520452762448,0.3627461064874869,0.9077552645671959,1.0,50
0.03722824102924983,0.15013826163563496,0.9747281199494374,0.9999999999999997,50
0.18820483904690932,0.6746439732955883,0.6025187907108306,1.0,50
0.13899655295952434,0.17738623888016555,0.9637713842203599,0.9999999701943492,50
0.026888446971901132,0.11842566224836987,0.9775196367117788,1.0,50
0.8399177518582012,1.6408046229397313,0.32500265539278256,1.0000000000000002,51
0.3594462150288594,0.7111066866969246,0.657100595571972,1.0000000000000002,51
0.0007112442458155899,0.0037078030165566857,0.9996496420574963,0.9999999845624274,50
0.001915983127544024,0.007321142529218401,0.9992730915702499,0.9999401069085954,50
0.1770626616865411,0.5326813254607741,0.8579861978763859,0.9989080977634992,50
0.1321738730955084,0.4207350413202457,0.8944352423671812,0.9977204677172798,50
0.0835324599688457,0.381638498951269,0.8990043680966932,0.10099563190330685,50
0.08456922320641375,0.8304500225700377,0.635457500984161,1.0000000000000002,50
0.01708584749334013,0.1868847357509756,0.969740286726179,1.0,51
0.02420332758644381,0.215123080198807,0.9660941777274296,0.9999999999999998,50
0.027499287491441364,0.24835031787005596,0.9596750357254348,1.0,50
0.04607869364654391,0.3759959732224315,0.9303657253254428,1.0000000000000002,51
0.17853668389064165,0.9240883851441155,0.5103260547936487,1.0000000000000002,51
0.05610239103005006,0.46158024239213347,0.8874492479767129,1.0000000000000002,52
0.023212930813319717,0.20728643552735668,0.9646461915604047,1.0000000000000002,51
0.19484116149627959,0.8616736006560506,0.767573891372529,1.0000000000000002,50
0.14909318142612127,0.7024202234686947,0.8283793524878512,0.9999999999999996,51
0.14695550052261336,0.6991654211292965,0.8284007294774423,0.9999999999999998,50
0.06550470138923695,0.19610133483193645,0.9726031447297909,0.9999999999999999,50
0.8210090810140218,0.7485312181917498,0.6737274069304542,1.0000000000000002,51
0.0008920015193493523,0.009618717694153874,0.998851968630847,1.0,52
0.13264004119871675,0.3713750629978373,0.9166556443041773,1.0000000000000002,52
0.3830472912626122,1.5830106054339212,0.4268455435511203,0.9999999999999998,50
0.20383129104753006,0.675807563563775,0.7825852701448798,1.0,50
0.015158655242780013,0.046833512743680764,0.992854386886904,0.9999999999999996,51
0.20812557831050915,0.2579683798977145,0.9360969505845917,1.0,50
0.09085879112964926,0.41987166399190323,0.8925513410634254,1.0,51
0.11768154737325395,0.42382679016355534,0.8780502653310825,0.9999999999999999,50
0.004111930910907554,0.01875445874608465,0.9973646750535526,1.0,50
0.06373911631830599,0.17194512632930167,0.9646836794024853,1.0,50
7.935897439215185e-05,0.0005542598960161836,0.9999544934800957,0.9999999999999999,50
0.19497399712909885,0.3697273094036513,0.9129617911077929,1.0,50
0.07693874709478125,0.24194859303742633,0.9490463102221556,0.9999999999999998,51
0.13654339858017556,0.4610547822124511,0.8810056068509301,1.0,50
0.054072329868598154,0.17494807431447748,0.9735355463448081,0.9999999999999998,52
0.5854438155241809,0.7752891670863278,0.6950712612898753,1.0000000000000002,51
0.014980204822094584,0.08141732073189968,0.9858421745767886,0.9999999999999999,50
0.2275567705762939,0.5940595880799008,0.8492863363693445,0.9999999999999999,50
0.46632289280624223,1.1301107052042045,0.4703065417265683,1.0,50
0.2175737640697803,0.7226178168855494,0.760069954608868,1.0000000000000002,50
0.03783568726778451,0.08434709697084114,0.98511288094418,0.9999999999999998,50
0.006772985904856437,0.02007892088214049,0.9970714643128493,1.0000000000000002,51
0.019333239289107726,0.046762469530295024,0.993539865313163,1.0000000000000002,50
0.07159736815219825,0.34427278452315413,0.9146187419155649,1.0000000000000004,50
0.002062685350993262,0.017598301878392557,0.9977252775451056,0.9999999999579082,51
0.0026231941792289686,0.007509535102745151,0.9991501874637737,1.0000000000000002,51
0.5277819410941245,0.6059593593859331,0.765613553262419,1.0,51
0.6030317541898471,1.440347028436717,0.42604562344698443,0.9999999999999998,50
0.5406972740788157,0.9957567874405662,0.5483846389275092,1.0,54
0.016842602685483724,0.08051759708110429,0.9864348939659325,0.9999999999999999,50
0.003237476919635812,0.04229234297328035,0.9931001972809921,0.9999999999999996,53
0.000560636650567901,0.005503770685672686,0.999377371078621,0.9999999999999998,51
0.013473463452128402,0.032219521078187964,0.9948954775569634,0.9999999999999999,50
2.6502916645757553e-05,0.00018473011489916034,0.9999857346736108,1.0,52
0.19260876652470885,0.34198379642581284,0.9188654270604442,0.9999999999999999,51
0.002893304191581709,0.00875781756433031,0.9989939825109931,0.9999999999999999,51
0.001848613819903872,0.008914995958640733,0.9988722745679677,0.9999999999999998,52
0.3057887530559782,0.527288027154785,0.8285255151330105,1.0,52
0.05629535454062837,0.2231030815668675,0.9564214930686585,1.0,52
0.002445257055908579,0.012819685783522423,0.998372359046227,0.9999999999999998,50
0.5811957329007288,1.4398896720249503,0.5308032666174541,0.9999999999999999,50
0.13597354472001724,0.5311588122949491,0.7772440709488779,0.9999999999999999,50
0.23639081346455015,0.3697150761580302,0.9068402890461804,0.9999999999999999,51
0.006718100150098598,0.03239992008696925,0.995363340843546,1.0,50
0.6743983777871709,1.6167620808525793,0.3748749863099676,0.9999999999999999,50
0.4363535046127736,1.0311405633493382,0.58453192598293,1.0,50
0.034388938778483855,0.12978222583316606,0.9728547015115983,0.9999993152330018,50
0.1801254341879849,0.38322146674298296,0.9216190270789385,0.9998893790561785,50
0.18977309093453004,1.3259032268147335,0.5640845843244742,0.9956329265165484,51
0.26390534844071145,0.985435023450093,0.6850967570951635,0.9919544782275642,51
0.3248496206047769,0.6208071851753639,0.7835969814415443,0.9986834614983257,50
0.4782787700256451,0.9346950106722357,0.5665376447945706,0.9985561382316874,51
0.26736978515268695,1.093204593893961,0.6214749554779012,0.8826185431356641,52
0.001888330687102891,0.01823275314527674,0.9974138126241838,0.0025861873758160447,50
0.0946518554541908,0.8538459266619844,0.7193547312928998,0.9999999999999999,50
0.18725707332637448,1.0876008402623802,0.7290690132721382,1.0,50
0.31391539172422256,1.230471503914161,0.6347785486282641,0.9999999999999999,50
0.7803901222944478,2.0497096235129173,0.24116823861268427,1.0000000000000002,50
0.11716003835631467,0.21941714741447577,0.955751728645002,1.0000000000000002,51
0.2580337394032551,0.501793764009254,0.8002477871088889,1.0,50
0.10454976633157316,0.335644475303609,0.9296087666080666,0.9999999999999999,50
0.04996341372562309,0.3012239500076246,0.9199352631997925,0.9999999999999998,50
0.006734715939146874,0.03854632898123519,0.9948077344748145,1.0,50
0.5954092391725248,1.2135139536303339,0.6669675063730879,0.9999999999999999,51
0.7443509929079175,1.3462157777248438,0.36846263701799503,0.9999999999999998,54
0.009836016114150097,0.02084802911544266,0.9972429991992979,1.0000000000000002,50
0.20123212311670352,0.6879674283570522,0.6869158269353384,1.0000000000000002,50
0.009248757799120719,0.03351453619931895,0.9951865473736609,1.0000000000000004,50
0.006310329664392353,0.06518493247496548,0.9882161129336364,1.0000000000000002,50
0.0066973841282499304,0.029030503636759797,0.9955235356232484,1.0000000000000002,51
0.004885822596753148,0.022717270920714735,0.9974183963923698,1.0,50
0.2888724647848261,0.2282211520318356,0.9457508809568932,0.9999999999999999,51
0.03192575988305786,0.039979582124096524,0.9940159310184032,1.0,50
0.3146201549263381,0.7198904063955077,0.7679603003727549,1.0,50
0.0019264514034498738,0.020643136008742624,0.9971387038006135,0.9999999999999999,50
0.0007534431872240488,0.00531266890248477,0.9994455863396405,1.0,50
0.3027423959840806,0.8709826221471972,0.5887855389913259,1.0000000000000002,51
0.7425953095135971,1.7593745351608616,0.3266099199588746,1.0000000000000002,51
0.050984072634752735,0.44818120560863656,0.9054328564717654,0.9999999999999999,50
0.1928283300107603,0.6622499276811875,0.8422333224607184,0.9999999999999999,50
0.12751451215181603,0.41128700187634404,0.8794150510631643,0.9999999999999998,50
0.1304824618931671,0.5791573787098083,0.8275658190088399,0.9999999999999998,50
0.15762240937298555,0.5132613358433563,0.7991408930006366,1.0000000000000002,51
0.00044438684222211156,0.0018881831637321694,0.9998162750308854,0.9999999999999998,50
0.005336077971491155,0.015814767922125418,0.9977816461497746,1.0000000000000004,50
0.05295355290361849,0.18148761346941567,0.9713257668043634,1.0000000000000002,52
0.2363492945737362,0.9229775189136161,0.7897721455127333,0.9999999999999998,50
0.16420895747023587,0.7443351905670329,0.7648920925261455,0.9999999999999999,50
0.21537261875998506,1.0223937363560975,0.570528167462936,1.0000000000000002,50
0.024431143363488984,0.1663601392185096,0.9605926354666997,1.0,50
0.1765554765435649,0.5164019252606474,0.8291991466598825,1.0,50
0.004608093742627603,0.03887341525091857,0.9943767763417461,0.9999999999999999,52
0.020540356869414564,0.07002262882030068,0.9876423842786476,1.0,50
0.001430844899919109,0.006998620542417458,0.9991833362782294,1.0,50
0.17415014430347087,0.274574502632944,0.9288491825318289,1.0,50
0.05074155799548272,0.18300657066209527,0.9689463081284176,1.0000000000000002,51
0.22894920005280994,0.5612372251402931,0.773173996222403,1.0,50
0.4820411047212452,0.9360577873652832,0.627869499429101,0.9999999999999998,50
0.574332183304309,0.6605194596594559,0.6351152315802499,0.999999994372584,50
0.007281118773155703,0.027126728975631887,0.996211911349812,0.9999999712580009,51
0.0024342495276920744,0.02196245085746159,0.9972525792236777,0.9993662539988968,50
0.005016812274785144,0.025861343751325556,0.996535821560469,0.9993667094926322,51
0.12082301981480337,0.38787957580766896,0.9221491518062578,0.9875570845003854,50
0.07879948334209755,0.3506906514328033,0.9109800742297852,0.08901992577021477,50
0.047340675816170186,0.5276835783414515,0.8488000200884285,0.9999999999999998,51
0.031798859538849755,0.30041513811543596,0.937748827723116,0.9999999999999999,50
0.03409717148330864,0.24052497301940337,0.9605947123303054,0.9999999999999999,50
0.041637960897664,0.2837278270183412,0.9502273136010946,0.9999999999999998,50
0.040727856427229245,0.32525349445941565,0.9412314066464198,1.0,50
0.14465297238417757,1.0969010739593623,0.6548564046192847,0.9999999999999999,50
0.26368195485192625,1.0228740666195815,0.7389049917411821,0.9999999999999999,50
0.27614285657718773,0.8447139224795561,0.803996569711159,1.0000000000000002,53
0.0049214428267067055,0.017438825296699316,0.9980924672277076,0.9999999999999997,53
0.03622362764385921,0.10964737305113888,0.9770043846649495,1.0000000000000004,52
0.24126527357730165,0.5263029770962883,0.8141004442001785,1.0,50
0.02911910804704054,0.23558659407991198,0.9500711061796935,0.9999999999999999,50
0.008176700640846876,0.04685997006528165,0.9930955516912922,1.0,50
0.3340779641430559,0.5550548523657332,0.8364252271478176,0.9999999999999999,51
0.10037733944277401,0.5111573660105371,0.8160961122239899,1.0,51
0.3589370898862895,1.7708720460018286,0.3705706861968265,1.0,54
0.27346008988629733,1.5367914951017438,0.3415498837856405,1.0,50
0.22311933093271083,1.2145891105069815,0.42329195968298305,1.0000000000000004,50
0.1016668543506046,0.4979473608990694,0.8332689458726523,1.0000000000000002,51
0.000850487939848022,0.002537224868753268,0.9997521977793671,0.9999999999999998,50
0.3232250212663357,0.8467962350085867,0.7213812020393588,1.0,50
0.07015903064158878,0.22077892150030656,0.9532493457742534,1.0,50
8.045129273664046e-05,0.0005542367701477618,0.999954374532481,1.0,51
0.0038069970005403424,0.018187893637300855,0.9976888065304185,1.0000000000000002,50
0.02583020161307418,0.09039420120679814,0.9834466144566312,1.0,51
0.10457721105688204,0.11901387359575928,0.9796768251232864,1.0,51
0.015309713423109463,0.021042102377224575,0.997113293732323,0.9999999999999999,50
0.02705863289771908,0.09542894808335212,0.9856652226252408,1.0,50
0.005675358803179547,0.026571837816557906,0.9960341230831845,1.0000000000000004,51
0.1561686967696944,0.6133692029205307,0.697057629745777,1.0,50
0.0021818447735419792,0.014323566564407222,0.9981512889053724,1.0000000000000002,50
0.0021676465072875046,0.009951844620598609,0.9988138857188738,0.9999999999212762,50
0.028421356832872367,0.10035465024425455,0.9820044030284532,1.0,51
0.00750850962216156,0.060940148332738905,0.99058305714534,1.0000000000000002,50
0.1887678541293616,0.9394144403399158,0.5401089552387718,0.9999999999999999,51
0.5319714940832734,1.2977669181593803,0.4298976089102931,0.9999999999999998,50
0.21969480588235377,0.6815242754560521,0.7538171370678208,0.9999999999999999,50
0.5844293519756439,0.6931779328583275,0.5345428344145231,1.0,55
0.0036120469789848557,0.011480713113849943,0.9985019062658209,0.9999999999999997,50
0.09143306628456271,0.26571401625486435,0.9490449219934368,1.0,51
0.00884806314155812,0.039062563590057234,0.9947007533382495,0.9999999999999999,50
0.07633050485346057,0.36647902024602436,0.9044254108896674,0.9999999999999999,51
0.14269397616216842,0.8097402542285659,0.6411615552613765,0.9999999999999999,50
0.009744632425176765,0.07977288970596047,0.9846677609034121,1.0000000000000002,50
0.09177304163142395,0.356024591847349,0.9125769302814916,1.0,51
0.07669410061489668,0.3291782947081336,0.9012323544815304,1.0,50
0.12061242893657159,0.27783281949121924,0.9231568595318357,0.9999999999999997,50
0.040782925285639655,0.1321728094204304,0.9747505558621592,1.0,51
0.0003070554511673521,0.0032854628153972634,0.9996491617481265,0.9999999999999999,50
0.010701994255027271,0.07254763044788351,0.9888734831366591,1.0000000000000002,51
0.02209530274995944,0.10318622391190918,0.9822284023666074,1.0000000000000002,50
0.0006232216965381018,0.0021214914191693,0.9997965499999959,1.0000000000000002,50
0.004251170579905089,0.02360906378054978,0.9969498999100114,0.9999999999999997,50
0.0017666381379995491,0.006291848481849095,0.9992749879459552,0.9999999874703716,50
0.000550330554876151,0.005604835861886949,0.9993791742381843,0.9999999497460444,50
0.03203864599389389,0.11743402061322708,0.9760932021741467,0.9999490827256714,51
0.0015212713589570813,0.018792023717363073,0.9978612237110002,0.9990380860026911,51
0.0007172868663354454,0.008488860830722728,0.9991302928126895,0.9999091613444612,51
0.05025480299590833,0.273049462269243,0.9375138058900676,0.9492675970773968,50
0.040531500814325785,0.259429398851988,0.9443861896269244,0.9555226697798131,50
0.212781885334328,0.6731564357461534,0.7114936182976345,0.2885063817023654,51
0.09526841764013783,0.5118960687571323,0.8728915669521695,0.12710843304783057,50
0.07351763075153345,0.7352512091400218,0.7725578064149551,0.9999999999999999,50
0.5396781506637607,1.8318560232892849,0.34820613651716215,1.0,51
0.7581417433381812,0.6517240500165975,0.6657509556166898,1.0000000000000002,50
6.673967302693935e-05,0.0004953054369916887,0.9999593643880603,0.9999999999999999,50
0.014214298694477198,0.05124074893361159,0.9911237414992508,0.9999999999999999,50
0.07158285577653994,0.2189026040599215,0.9563692152676535,1.0,50
0.08629886563659298,0.6264233771058364,0.8104136334513415,0.9999999999999998,50
0.22694271925141807,0.4772788263461505,0.8826041990091171,0.9999999999999999,50
0.5852559014016179,0.9209970642500203,0.5702887058488443,1.0000000000000004,51
0.1496085180954414,0.27766101808403265,0.9369765863592036,1.0,51
0.8663664680218759,0.7314438971689248,0.6246503558129485,1.0,50
0.06635399465763908,0.16142005635595144,0.9640972958625614,1.0000000000000002,51
0.01044138189743785,0.09902763624108014,0.9798750580726783,1.0000000000000004,50
0.012035072645473984,0.047292684444550245,0.9920901279341517,1.0,50
0.004693885405875667,0.01779921122967459,0.9981467982381677,1.0,53
1.1900717213583876,0.8508666942111923,0.598255304758194,1.0,51
0.0005906749170550155,0.0019017405198977172,0.9998186338517171,1.0,51
0.20862553175510323,0.4797627902717495,0.860057118787924,1.0000000000000002,50
0.0049309676807897575,0.02311237035961468,0.9965948258132246,0.9999999999999997,50
0.008486981935060811,0.06330850678035159,0.9883895812713682,1.0000000000000002,50
0.026958904418870094,0.12259708326759122,0.9736087274794024,0.9999999999999998,51
0.0007053932914666888,0.0056590572052726855,0.9993888687824138,1.0000000000000002,50
0.4160889224641393,1.0398336764897484,0.6403501654482299,1.0000000000000002,50
0.1284408652116927,0.5723350612512568,0.7512335544381732,1.0000000000000002,50
0.018065189192528093,0.10019396233370566,0.9812502083739558,1.0000000000000002,50
0.046349222715236865,0.09916016165394455,0.9798723389380821,1.0000000000000004,50
0.03679109406348548,0.08143072843606418,0.98449205740447,1.0000000000000002,51
0.01800510448113578,0.07189036512470205,0.98820380329411,1.0000000000000002,53
0.004110336665051262,0.03496703558076667,0.9955690359294544,0.9999999999999994,50
0.0011181329036905482,0.010860986728438089,0.9987255881279529,1.0,50
0.11036227693267361,0.6405966151800992,0.6666086496834661,0.9999999999999999,51
0.16772896574144927,0.6249357574248504,0.8013157589904627,1.0,51
0.016378260355425722,0.08017056224980464,0.9846272882303616,1.0000000000000002,51
0.016734138730306783,0.09043163871661672,0.9822592536052384,1.0000000000000002,50
0.45318945661016324,0.6927065793095907,0.5345605140987434,1.0000000000000004,50
0.002654071622121645,0.024369211855572608,0.9966835503493403,1.0,51
0.03719093223820239,0.13563886333705522,0.9720081438097127,1.0,50
0.46302325364286384,0.8489996621884701,0.5725351290228893,0.9999999999999998,50
0.03194228196665491,0.12352277380345869,0.9735052042526433,1.0,50
0.31822090877812675,0.5965639265484431,0.7987106645344366,0.9999999999999999,52
0.5237866459175244,0.6282294015705956,0.69574349622188,0.9999999899764629,51
0.5750962464007279,0.7003391842044321,0.5339988165150313,0.9999977134644985,50
0.027640923210592073,0.18591407625109635,0.9547652852231692,0.9999984536652068,51
0.09142469152822807,0.47266220339484016,0.9046824576071474,0.9838841021517546,50
0.08889215789884422,0.32885322736286293,0.9013666518745238,0.9023206777382187,52
0.14713252039963906,0.3367832582321638,0.9001806686130536,0.09981933138694635,50
0.06630894379253252,0.6846478778441148,0.7682026058598093,1.0000000000000002,50
0.02140985225404635,0.20616928355319988,0.9648345365997755,0.9999999999999999,51
0.05408769359371865,0.2981810093596842,0.9451485859964253,1.0000000000000004,50
0.03546535671650322,0.23975928187193368,0.9594512614591089,0.9999999999999998,50
0.049811972468009176,0.3719416847104857,0.9314416337088083,1.0,50
0.1610805994770272,0.9918908193262546,0.6778093241646239,1.0000000000000002,50
0.14351084067740527,0.937942915477343,0.5932793834287508,0.9999999999999999,51
0.0388480884946175,0.2906972913934514,0.9465545543454095,0.9999999999999997,50
0.4632156190308241,1.510510235777951,0.4281101997892173,1.0000000000000002,50
0.47174747014858115,1.662755426512645,0.33810881423237754,1.0000000000000002,50
0.01085526095349609,0.034037036134275285,0.9961162244892103,0.9999999999999996,53
0.01408695749029196,0.05052188799463767,0.9911811473785507,0.9999999999999993,53
0.11047353285001496,0.34217763122346423,0.9208931673734938,1.0000000000000004,50
0.14220695227876606,0.676285304692276,0.6887067289511197,0.9999999999999999,51
0.0010465221468154448,0.007917514702253091,0.9991286547017528,0.9999999999999999,50
0.11828600745315998,0.31773952683469336,0.9448082782915432,1.0000000000000004,50
0.5287650357782401,1.4380615115660647,0.392075656506659,0.9999999999999998,50
0.04309654625856502,0.10310359846984386,0.9824485881769488,1.0000000000000002,50
0.9362262777425249,0.7900796216614181,0.5214876040938313,0.9999999999999999,50
0.25971200372415165,0.4587554530768947,0.838650594809438,1.0,53
0.08949181200844075,0.5239708953050858,0.797385663907588,0.9999999999999998,50
0.028299693678401662,0.07862731991447748,0.9868246804649705,1.0,50
0.02093635081352893,0.06287545536261274,0.9908187113001536,0.9999999999999998,50
1.2756236968874286,1.0989053898570011,0.42719642205423497,1.0000000000000002,50
0.011275890180821375,0.015511151126544576,0.9979293925022398,0.9999999999999999,52
0.12337685111214011,0.31097588224332784,0.9246592218507488,0.9999999999999999,52
0.012865515470873935,0.05172854036510894,0.9910784929934767,1.0000000000000002,51
0.021611127416443825,0.1353288733479232,0.9698722992272751,1.0000000000000002,50
0.008033324332800736,0.036540682586568625,0.9949736218513814,1.0000000000000002,50
0.3982614330254791,0.8651468445816604,0.6481902323384343,0.9999999999999999,50
0.35537367204580533,0.8528270663296931,0.7845178357404131,0.9999999999999999,50
0.1380952989053555,0.41987412235145144,0.8960318588627189,1.0000000000000002,50
0.2123760654235694,1.1277825138830957,0.4643653508290778,1.0000000000000004,51
0.32926279524251334,1.0333748404424858,0.513649343135493,1.0000000000000002,50
0.40642041477222146,1.294247638588365,0.35792842506618827,1.0000000000000002,50
0.0006556693143603186,0.006275728202219733,0.999320721987878,1.0,52
0.10080172130012427,0.33429342582846777,0.9254738844381627,1.0000000000000002,50
0.5439923663702002,0.6571676568241465,0.6353579421837159,1.0,50
0.00027158033560999194,0.0012455124382370884,0.999881366477674,0.9999999999999999,50
0.021063519559539043,0.07660486242265707,0.9882732303553301,1.0000000000000004,51
0.000762476258914542,0.007002718750528502,0.9992847366362028,1.0,50
0.025099651118718508,0.14793088284454095,0.9714004489452697,1.0000000000000002,50
0.029871469813638685,0.24994320324869593,0.9377399372120708,1.0,50
0.09718004185802324,0.45310006337873593,0.8620332174847184,1.0000000000000002,50
0.018724565084519314,0.08957694519027438,0.9823708076506732,1.0000000000000002,50
0.0779529563515563,0.31612680226138046,0.9105878280207672,1.0,51
0.00137720934258286,0.0075400728639133646,0.9992194110198337,0.9999999999999998,51
0.001402494818099169,0.00666103450963376,0.9992134578077635,1.0000000000000002,50
0.12527757025958555,0.3000077581456861,0.9320317778723245,1.0000000000000004,51
0.08504685395260558,0.25660964385595514,0.9459779123443763,1.0,50
0.22761998566628655,0.5611125280073563,0.7522337017072224,0.9999999999999999,50
0.03134018771513216,0.09606495577903623,0.9832868718325739,0.9999999999999998,50
0.06399171513500636,0.12786041602237963,0.9730662993991434,0.9999999971617579,50
0.3689382255568866,0.5048453589894998,0.799956835382388,0.999999573495088,50
0.008538869879061509,0.0721741464972855,0.9865437725838394,0.9999926374420528,51
0.170607412546092,0.8884067514279838,0.7034973528363259,0.798444633833947,50
0.10897345553705554,0.4689006776764879,0.8368250709603218,0.16317492903967828,50
0.013968748370250968,0.22196980083546788,0.9464929380640469,0.9989516600071324,50
0.0016261948493962576,0.03322285252741287,0.9956135801506742,0.9999547992133905,51
0.17035526993277453,0.530983282657979,0.7960923093471065,0.20390769065289338,50
