talker_id,token_class,codec_id,source_code_rule,observed_count,observed_in_final_support,observed_as_sampled_token,notes
0,ordinary_codec,0,identity,0,0,0,
1,ordinary_codec,1,identity,0,0,0,
2,ordinary_codec,2,identity,8,1,1,
3,ordinary_codec,3,identity,0,0,0,
4,ordinary_codec,4,identity,0,1,0,
5,ordinary_codec,5,identity,0,1,0,
6,ordinary_codec,6,identity,0,0,0,
7,ordinary_codec,7,identity,0,1,0,
8,ordinary_codec,8,identity,0,1,0,
9,ordinary_codec,9,identity,0,0,0,
10,ordinary_codec,10,identity,0,0,0,
11,ordinary_codec,11,identity,0,0,0,
12,ordinary_codec,12,identity,0,1,0,
13,ordinary_codec,13,identity,0,1,0,
14,ordinary_codec,14,identity,0,0,0,
15,ordinary_codec,15,identity,0,1,0,
16,ordinary_codec,16,identity,0,0,0,
17,ordinary_codec,17,identity,0,1,0,
18,ordinary_codec,18,identity,0,1,0,
19,ordinary_codec,19,identity,0,1,0,
20,ordinary_codec,20,identity,0,0,0,
21,ordinary_codec,21,identity,0,0,0,
22,ordinary_codec,22,identity,0,1,0,
23,ordinary_codec,23,identity,0,0,0,
24,ordinary_codec,24,identity,0,0,0,
25,ordinary_codec,25,identity,0,0,0,
26,ordinary_codec,26,identity,0,1,0,
27,ordinary_codec,27,identity,0,0,0,
28,ordinary_codec,28,identity,0,1,0,
29,ordinary_codec,29,identity,0,0,0,
30,ordinary_codec,30,identity,0,1,0,
31,ordinary_codec,31,identity,0,0,0,
32,ordinary_codec,32,identity,0,0,0,
33,ordinary_codec,33,identity,0,1,0,
34,ordinary_codec,34,identity,0,1,0,
35,ordinary_codec,35,identity,0,1,0,
36,ordinary_codec,36,identity,1,1,1,
37,ordinary_codec,37,identity,0,0,0,
38,ordinary_codec,38,identity,2,1,1,
39,ordinary_codec,39,identity,0,0,0,
40,ordinary_codec,40,identity,0,0,0,
41,ordinary_codec,41,identity,0,1,0,
42,ordinary_codec,42,identity,0,1,0,
43,ordinary_codec,43,identity,0,1,0,
44,ordinary_codec,44,identity,0,1,0,
45,ordinary_codec,45,identity,0,0,0,
46,ordinary_codec,46,identity,0,1,0,
47,ordinary_codec,47,identity,0,1,0,
48,ordinary_codec,48,identity,0,0,0,
49,ordinary_codec,49,identity,0,1,0,
50,ordinary_codec,50,identity,0,1,0,
51,ordinary_codec,51,identity,0,1,0,
52,ordinary_codec,52,identity,0,0,0,
53,ordinary_codec,53,identity,0,1,0,
54,ordinary_codec,54,identity,0,0,0,
55,ordinary_codec,55,identity,0,1,0,
56,ordinary_codec,56,identity,0,1,0,
57,ordinary_codec,57,identity,0,0,0,
58,ordinary_codec,58,identity,0,1,0,
59,ordinary_codec,59,identity,0,1,0,
60,ordinary_codec,60,identity,1,1,1,
61,ordinary_codec,61,identity,0,1,0,
62,ordinary_codec,62,identity,0,0,0,
63,ordinary_codec,63,identity,0,0,0,
64,ordinary_codec,64,identity,0,0,0,
65,ordinary_codec,65,identity,0,1,0,
66,ordinary_codec,66,identity,0,1,0,
67,ordinary_codec,67,identity,0,0,0,
68,ordinary_codec,68,identity,0,1,0,
69,ordinary_codec,69,identity,0,1,0,
70,ordinary_codec,70,identity,0,0,0,
71,ordinary_codec,71,identity,0,1,0,
72,ordinary_codec,72,identity,0,1,0,
73,ordinary_codec,73,identity,0,1,0,
74,ordinary_codec,74,identity,0,1,0,
75,ordinary_codec,75,identity,0,0,0,
76,ordinary_codec,76,identity,0,0,0,
77,ordinary_codec,77,identity,0,1,0,
78,ordinary_codec,78,identity,0,0,0,
79,ordinary_codec,79,identity,0,1,0,
80,ordinary_codec,80,identity,0,1,0,
81,ordinary_codec,81,identity,0,1,0,
82,ordinary_codec,82,identity,0,1,0,
83,ordinary_codec,83,identity,1,1,1,
84,ordinary_codec,84,identity,0,0,0,
85,ordinary_codec,85,identity,0,0,0,
86,ordinary_codec,86,identity,0,1,0,
87,ordinary_codec,87,identity,0,1,0,
88,ordinary_codec,88,identity,3,1,1,
89,ordinary_codec,89,identity,0,0,0,
90,ordinary_codec,90,identity,0,0,0,
91,ordinary_codec,91,identity,0,1,0,
92,ordinary_codec,92,identity,0,1,0,
93,ordinary_codec,93,identity,0,0,0,
94,ordinary_codec,94,identity,0,0,0,
95,ordinary_codec,95,identity,0,1,0,
96,ordinary_codec,96,identity,0,1,0,
97,ordinary_codec,97,identity,0,1,0,
98,ordinary_codec,98,identity,0,1,0,
99,ordinary_codec,99,identity,0,1,0,
100,ordinary_codec,100,identity,4,1,1,
101,ordinary_codec,101,identity,0,1,0,
102,ordinary_codec,102,identity,0,1,0,
103,ordinary_codec,103,identity,0,1,0,
104,ordinary_codec,104,identity,0,1,0,
105,ordinary_codec,105,identity,0,1,0,
106,ordinary_codec,106,identity,0,0,0,
107,ordinary_codec,107,identity,0,0,0,
108,ordinary_codec,108,identity,0,1,0,
109,ordinary_codec,109,identity,0,1,0,
110,ordinary_codec,110,identity,0,1,0,
111,ordinary_codec,111,identity,0,1,0,
112,ordinary_codec,112,identity,0,1,0,
113,ordinary_codec,113,identity,1,1,1,
114,ordinary_codec,114,identity,0,1,0,
115,ordinary_codec,115,identity,0,0,0,
116,ordinary_codec,116,identity,0,0,0,
117,ordinary_codec,117,identity,0,0,0,
118,ordinary_codec,118,identity,0,1,0,
119,ordinary_codec,119,identity,0,0,0,
120,ordinary_codec,120,identity,0,1,0,
121,ordinary_codec,121,identity,0,1,0,
122,ordinary_codec,122,identity,0,1,0,
123,ordinary_codec,123,identity,0,1,0,
124,ordinary_codec,124,identity,0,0,0,
125,ordinary_codec,125,identity,0,0,0,
126,ordinary_codec,126,identity,0,1,0,
127,ordinary_codec,127,identity,0,1,0,
128,ordinary_codec,128,identity,0,0,0,
129,ordinary_codec,129,identity,0,1,0,
130,ordinary_codec,130,identity,0,1,0,
131,ordinary_codec,131,identity,0,0,0,
132,ordinary_codec,132,identity,0,1,0,
133,ordinary_codec,133,identity,0,0,0,
134,ordinary_codec,134,identity,0,0,0,
135,ordinary_codec,135,identity,0,1,0,
136,ordinary_codec,136,identity,0,1,0,
137,ordinary_codec,137,identity,0,1,0,
138,ordinary_codec,138,identity,0,1,0,
139,ordinary_codec,139,identity,0,1,0,
140,ordinary_codec,140,identity,0,1,0,
141,ordinary_codec,141,identity,0,0,0,
142,ordinary_codec,142,identity,0,1,0,
143,ordinary_codec,143,identity,0,0,0,
144,ordinary_codec,144,identity,0,1,0,
145,ordinary_codec,145,identity,0,0,0,
146,ordinary_codec,146,identity,0,1,0,
147,ordinary_codec,147,identity,0,1,0,
148,ordinary_codec,148,identity,0,1,0,
149,ordinary_codec,149,identity,0,1,0,
150,ordinary_codec,150,identity,0,1,0,
151,ordinary_codec,151,identity,0,0,0,
152,ordinary_codec,152,identity,0,1,0,
153,ordinary_codec,153,identity,2,1,1,
154,ordinary_codec,154,identity,0,1,0,
155,ordinary_codec,155,identity,0,0,0,
156,ordinary_codec,156,identity,0,1,0,
157,ordinary_codec,157,identity,0,1,0,
158,ordinary_codec,158,identity,0,1,0,
159,ordinary_codec,159,identity,0,0,0,
160,ordinary_codec,160,identity,0,0,0,
161,ordinary_codec,161,identity,0,1,0,
162,ordinary_codec,162,identity,0,1,0,
163,ordinary_codec,163,identity,0,1,0,
164,ordinary_codec,164,identity,0,1,0,
165,ordinary_codec,165,identity,0,1,0,
166,ordinary_codec,166,identity,0,1,0,
167,ordinary_codec,167,identity,0,0,0,
168,ordinary_codec,168,identity,1,1,1,
169,ordinary_codec,169,identity,0,0,0,
170,ordinary_codec,170,identity,0,1,0,
171,ordinary_codec,171,identity,0,0,0,
172,ordinary_codec,172,identity,0,0,0,
173,ordinary_codec,173,identity,0,0,0,
174,ordinary_codec,174,identity,0,0,0,
175,ordinary_codec,175,identity,0,1,0,
176,ordinary_codec,176,identity,0,1,0,
177,ordinary_codec,177,identity,0,1,0,
178,ordinary_codec,178,identity,0,1,0,
179,ordinary_codec,179,identity,0,0,0,
180,ordinary_codec,180,identity,0,1,0,
181,ordinary_codec,181,identity,0,1,0,
182,ordinary_codec,182,identity,0,1,0,
183,ordinary_codec,183,identity,0,0,0,
184,ordinary_codec,184,identity,0,0,0,
185,ordinary_codec,185,identity,0,1,0,
186,ordinary_codec,186,identity,0,1,0,
187,ordinary_codec,187,identity,0,1,0,
188,ordinary_codec,188,identity,0,1,0,
189,ordinary_codec,189,identity,0,1,0,
190,ordinary_codec,190,identity,0,1,0,
191,ordinary_codec,191,identity,0,1,0,
192,ordinary_codec,192,identity,0,0,0,
193,ordinary_codec,193,identity,0,0,0,
194,ordinary_codec,194,identity,0,1,0,
195,ordinary_codec,195,identity,0,0,0,
196,ordinary_codec,196,identity,0,0,0,
197,ordinary_codec,197,identity,0,1,0,
198,ordinary_codec,198,identity,0,0,0,
199,ordinary_codec,199,identity,0,0,0,
200,ordinary_codec,200,identity,0,1,0,
201,ordinary_codec,201,identity,0,1,0,
202,ordinary_codec,202,identity,0,0,0,
203,ordinary_codec,203,identity,0,0,0,
204,ordinary_codec,204,identity,0,1,0,
205,ordinary_codec,205,identity,0,0,0,
206,ordinary_codec,206,identity,0,1,0,
207,ordinary_codec,207,identity,0,0,0,
208,ordinary_codec,208,identity,0,1,0,
209,ordinary_codec,209,identity,0,1,0,
210,ordinary_codec,210,identity,0,1,0,
211,ordinary_codec,211,identity,0,1,0,
212,ordinary_codec,212,identity,0,0,0,
213,ordinary_codec,213,identity,0,1,0,
214,ordinary_codec,214,identity,0,1,0,
215,ordinary_codec,215,identity,0,1,0,
216,ordinary_codec,216,identity,0,1,0,
217,ordinary_codec,217,identity,0,1,0,
218,ordinary_codec,218,identity,0,0,0,
219,ordinary_codec,219,identity,0,0,0,
220,ordinary_codec,220,identity,0,1,0,
221,ordinary_codec,221,identity,0,0,0,
222,ordinary_codec,222,identity,0,1,0,
223,ordinary_codec,223,identity,2,1,1,
224,ordinary_codec,224,identity,0,0,0,
225,ordinary_codec,225,identity,0,0,0,
226,ordinary_codec,226,identity,0,1,0,
227,ordinary_codec,227,identity,0,1,0,
228,ordinary_codec,228,identity,0,1,0,
229,ordinary_codec,229,identity,0,1,0,
230,ordinary_codec,230,identity,0,1,0,
231,ordinary_codec,231,identity,0,0,0,
232,ordinary_codec,232,identity,0,1,0,
233,ordinary_codec,233,identity,0,1,0,
234,ordinary_codec,234,identity,0,0,0,
235,ordinary_codec,235,identity,0,0,0,
236,ordinary_codec,236,identity,0,1,0,
237,ordinary_codec,237,identity,0,0,0,
238,ordinary_codec,238,identity,0,1,0,
239,ordinary_codec,239,identity,0,0,0,
240,ordinary_codec,240,identity,0,1,0,
241,ordinary_codec,241,identity,0,1,0,
242,ordinary_codec,242,identity,0,0,0,
243,ordinary_codec,243,identity,1,1,1,
244,ordinary_codec,244,identity,0,1,0,
245,ordinary_codec,245,identity,0,1,0,
246,ordinary_codec,246,identity,0,0,0,
247,ordinary_codec,247,identity,0,1,0,
248,ordinary_codec,248,identity,0,0,0,
249,ordinary_codec,249,identity,0,1,0,
250,ordinary_codec,250,identity,0,1,0,
251,ordinary_codec,251,identity,0,0,0,
252,ordinary_codec,252,identity,0,0,0,
253,ordinary_codec,253,identity,0,0,0,
254,ordinary_codec,254,identity,0,1,0,
255,ordinary_codec,255,identity,0,1,0,
256,ordinary_codec,256,identity,0,0,0,
257,ordinary_codec,257,identity,0,1,0,
258,ordinary_codec,258,identity,0,0,0,
259,ordinary_codec,259,identity,0,1,0,
260,ordinary_codec,260,identity,0,1,0,
261,ordinary_codec,261,identity,0,0,0,
262,ordinary_codec,262,identity,0,0,0,
263,ordinary_codec,263,identity,0,0,0,
264,ordinary_codec,264,identity,0,1,0,
265,ordinary_codec,265,identity,0,1,0,
266,ordinary_codec,266,identity,0,0,0,
267,ordinary_codec,267,identity,0,0,0,
268,ordinary_codec,268,identity,0,0,0,
269,ordinary_codec,269,identity,0,0,0,
270,ordinary_codec,270,identity,0,1,0,
271,ordinary_codec,271,identity,0,1,0,
272,ordinary_codec,272,identity,0,0,0,
273,ordinary_codec,273,identity,0,0,0,
274,ordinary_codec,274,identity,0,1,0,
275,ordinary_codec,275,identity,0,1,0,
276,ordinary_codec,276,identity,0,0,0,
277,ordinary_codec,277,identity,0,0,0,
278,ordinary_codec,278,identity,0,1,0,
279,ordinary_codec,279,identity,0,0,0,
280,ordinary_codec,280,identity,0,0,0,
281,ordinary_codec,281,identity,0,1,0,
282,ordinary_codec,282,identity,0,0,0,
283,ordinary_codec,283,identity,0,1,0,
284,ordinary_codec,284,identity,0,1,0,
285,ordinary_codec,285,identity,1,1,1,
286,ordinary_codec,286,identity,0,1,0,
287,ordinary_codec,287,identity,0,0,0,
288,ordinary_codec,288,identity,1,1,1,
289,ordinary_codec,289,identity,0,0,0,
290,ordinary_codec,290,identity,0,1,0,
291,ordinary_codec,291,identity,1,1,1,
292,ordinary_codec,292,identity,0,0,0,
293,ordinary_codec,293,identity,0,1,0,
294,ordinary_codec,294,identity,0,1,0,
295,ordinary_codec,295,identity,0,1,0,
296,ordinary_codec,296,identity,0,1,0,
297,ordinary_codec,297,identity,0,0,0,
298,ordinary_codec,298,identity,0,1,0,
299,ordinary_codec,299,identity,0,1,0,
300,ordinary_codec,300,identity,0,1,0,
301,ordinary_codec,301,identity,0,1,0,
302,ordinary_codec,302,identity,0,1,0,
303,ordinary_codec,303,identity,0,1,0,
304,ordinary_codec,304,identity,0,0,0,
305,ordinary_codec,305,identity,0,0,0,
306,ordinary_codec,306,identity,0,0,0,
307,ordinary_codec,307,identity,0,1,0,
308,ordinary_codec,308,identity,0,1,0,
309,ordinary_codec,309,identity,0,1,0,
310,ordinary_codec,310,identity,0,1,0,
311,ordinary_codec,311,identity,0,1,0,
312,ordinary_codec,312,identity,1,1,1,
313,ordinary_codec,313,identity,2,1,1,
314,ordinary_codec,314,identity,0,1,0,
315,ordinary_codec,315,identity,0,1,0,
316,ordinary_codec,316,identity,0,1,0,
317,ordinary_codec,317,identity,0,1,0,
318,ordinary_codec,318,identity,0,1,0,
319,ordinary_codec,319,identity,0,1,0,
320,ordinary_codec,320,identity,0,0,0,
321,ordinary_codec,321,identity,0,1,0,
322,ordinary_codec,322,identity,0,1,0,
323,ordinary_codec,323,identity,0,1,0,
324,ordinary_codec,324,identity,0,1,0,
325,ordinary_codec,325,identity,0,0,0,
326,ordinary_codec,326,identity,0,0,0,
327,ordinary_codec,327,identity,0,0,0,
328,ordinary_codec,328,identity,0,1,0,
329,ordinary_codec,329,identity,0,0,0,
330,ordinary_codec,330,identity,0,1,0,
331,ordinary_codec,331,identity,0,0,0,
332,ordinary_codec,332,identity,0,0,0,
333,ordinary_codec,333,identity,0,0,0,
334,ordinary_codec,334,identity,0,0,0,
335,ordinary_codec,335,identity,0,1,0,
336,ordinary_codec,336,identity,0,0,0,
337,ordinary_codec,337,identity,0,0,0,
338,ordinary_codec,338,identity,0,0,0,
339,ordinary_codec,339,identity,0,1,0,
340,ordinary_codec,340,identity,0,1,0,
341,ordinary_codec,341,identity,0,1,0,
342,ordinary_codec,342,identity,0,1,0,
343,ordinary_codec,343,identity,2,1,1,
344,ordinary_codec,344,identity,0,1,0,
345,ordinary_codec,345,identity,1,1,1,
346,ordinary_codec,346,identity,0,1,0,
347,ordinary_codec,347,identity,0,0,0,
348,ordinary_codec,348,identity,0,1,0,
349,ordinary_codec,349,identity,0,1,0,
350,ordinary_codec,350,identity,0,0,0,
351,ordinary_codec,351,identity,0,0,0,
352,ordinary_codec,352,identity,0,1,0,
353,ordinary_codec,353,identity,0,1,0,
354,ordinary_codec,354,identity,0,1,0,
355,ordinary_codec,355,identity,0,0,0,
356,ordinary_codec,356,identity,0,1,0,
357,ordinary_codec,357,identity,0,1,0,
358,ordinary_codec,358,identity,0,1,0,
359,ordinary_codec,359,identity,0,1,0,
360,ordinary_codec,360,identity,0,0,0,
361,ordinary_codec,361,identity,0,0,0,
362,ordinary_codec,362,identity,0,1,0,
363,ordinary_codec,363,identity,0,0,0,
364,ordinary_codec,364,identity,0,1,0,
365,ordinary_codec,365,identity,0,0,0,
366,ordinary_codec,366,identity,0,1,0,
367,ordinary_codec,367,identity,1,1,1,
368,ordinary_codec,368,identity,0,1,0,
369,ordinary_codec,369,identity,0,1,0,
370,ordinary_codec,370,identity,0,0,0,
371,ordinary_codec,371,identity,0,0,0,
372,ordinary_codec,372,identity,3,1,1,
373,ordinary_codec,373,identity,0,1,0,
374,ordinary_codec,374,identity,1,1,1,
375,ordinary_codec,375,identity,0,1,0,
376,ordinary_codec,376,identity,0,0,0,
377,ordinary_codec,377,identity,1,1,1,
378,ordinary_codec,378,identity,0,0,0,
379,ordinary_codec,379,identity,0,1,0,
380,ordinary_codec,380,identity,0,1,0,
381,ordinary_codec,381,identity,0,0,0,
382,ordinary_codec,382,identity,0,0,0,
383,ordinary_codec,383,identity,0,1,0,
384,ordinary_codec,384,identity,0,0,0,
385,ordinary_codec,385,identity,0,1,0,
386,ordinary_codec,386,identity,0,0,0,
387,ordinary_codec,387,identity,0,0,0,
388,ordinary_codec,388,identity,1,1,1,
389,ordinary_codec,389,identity,0,0,0,
390,ordinary_codec,390,identity,0,1,0,
391,ordinary_codec,391,identity,0,1,0,
392,ordinary_codec,392,identity,0,1,0,
393,ordinary_codec,393,identity,0,1,0,
394,ordinary_codec,394,identity,0,0,0,
395,ordinary_codec,395,identity,0,1,0,
396,ordinary_codec,396,identity,0,1,0,
397,ordinary_codec,397,identity,1,1,1,
398,ordinary_codec,398,identity,0,1,0,
399,ordinary_codec,399,identity,0,1,0,
400,ordinary_codec,400,identity,0,1,0,
401,ordinary_codec,401,identity,0,1,0,
402,ordinary_codec,402,identity,0,0,0,
403,ordinary_codec,403,identity,0,1,0,
404,ordinary_codec,404,identity,0,0,0,
405,ordinary_codec,405,identity,0,1,0,
406,ordinary_codec,406,identity,0,1,0,
407,ordinary_codec,407,identity,0,0,0,
408,ordinary_codec,408,identity,0,0,0,
409,ordinary_codec,409,identity,0,1,0,
410,ordinary_codec,410,identity,0,1,0,
411,ordinary_codec,411,identity,0,0,0,
412,ordinary_codec,412,identity,0,1,0,
413,ordinary_codec,413,identity,0,0,0,
414,ordinary_codec,414,identity,0,1,0,
415,ordinary_codec,415,identity,0,0,0,
416,ordinary_codec,416,identity,0,1,0,
417,ordinary_codec,417,identity,0,1,0,
418,ordinary_codec,418,identity,0,1,0,
419,ordinary_codec,419,identity,0,0,0,
420,ordinary_codec,420,identity,0,1,0,
421,ordinary_codec,421,identity,0,1,0,
422,ordinary_codec,422,identity,0,1,0,
423,ordinary_codec,423,identity,0,1,0,
424,ordinary_codec,424,identity,0,1,0,
425,ordinary_codec,425,identity,0,0,0,
426,ordinary_codec,426,identity,0,1,0,
427,ordinary_codec,427,identity,0,0,0,
428,ordinary_codec,428,identity,0,1,0,
429,ordinary_codec,429,identity,0,1,0,
430,ordinary_codec,430,identity,0,0,0,
431,ordinary_codec,431,identity,0,0,0,
432,ordinary_codec,432,identity,0,0,0,
433,ordinary_codec,433,identity,0,0,0,
434,ordinary_codec,434,identity,0,1,0,
435,ordinary_codec,435,identity,0,0,0,
436,ordinary_codec,436,identity,0,1,0,
437,ordinary_codec,437,identity,0,1,0,
438,ordinary_codec,438,identity,0,0,0,
439,ordinary_codec,439,identity,0,1,0,
440,ordinary_codec,440,identity,0,1,0,
441,ordinary_codec,441,identity,0,0,0,
442,ordinary_codec,442,identity,0,0,0,
443,ordinary_codec,443,identity,0,0,0,
444,ordinary_codec,444,identity,0,0,0,
445,ordinary_codec,445,identity,0,0,0,
446,ordinary_codec,446,identity,0,0,0,
447,ordinary_codec,447,identity,0,0,0,
448,ordinary_codec,448,identity,0,1,0,
449,ordinary_codec,449,identity,0,1,0,
450,ordinary_codec,450,identity,0,1,0,
451,ordinary_codec,451,identity,0,0,0,
452,ordinary_codec,452,identity,0,1,0,
453,ordinary_codec,453,identity,0,1,0,
454,ordinary_codec,454,identity,0,1,0,
455,ordinary_codec,455,identity,0,0,0,
456,ordinary_codec,456,identity,0,0,0,
457,ordinary_codec,457,identity,0,0,0,
458,ordinary_codec,458,identity,0,0,0,
459,ordinary_codec,459,identity,0,1,0,
460,ordinary_codec,460,identity,0,0,0,
461,ordinary_codec,461,identity,0,0,0,
462,ordinary_codec,462,identity,0,0,0,
463,ordinary_codec,463,identity,0,0,0,
464,ordinary_codec,464,identity,1,1,1,
465,ordinary_codec,465,identity,0,0,0,
466,ordinary_codec,466,identity,0,1,0,
467,ordinary_codec,467,identity,0,1,0,
468,ordinary_codec,468,identity,0,1,0,
469,ordinary_codec,469,identity,0,1,0,
470,ordinary_codec,470,identity,0,1,0,
471,ordinary_codec,471,identity,0,0,0,
472,ordinary_codec,472,identity,0,1,0,
473,ordinary_codec,473,identity,0,1,0,
474,ordinary_codec,474,identity,0,0,0,
475,ordinary_codec,475,identity,0,1,0,
476,ordinary_codec,476,identity,0,1,0,
477,ordinary_codec,477,identity,0,0,0,
478,ordinary_codec,478,identity,0,1,0,
479,ordinary_codec,479,identity,0,1,0,
480,ordinary_codec,480,identity,0,1,0,
481,ordinary_codec,481,identity,1,1,1,
482,ordinary_codec,482,identity,0,0,0,
483,ordinary_codec,483,identity,0,0,0,
484,ordinary_codec,484,identity,0,0,0,
485,ordinary_codec,485,identity,0,1,0,
486,ordinary_codec,486,identity,1,1,1,
487,ordinary_codec,487,identity,0,0,0,
488,ordinary_codec,488,identity,0,0,0,
489,ordinary_codec,489,identity,0,1,0,
490,ordinary_codec,490,identity,0,0,0,
491,ordinary_codec,491,identity,0,0,0,
492,ordinary_codec,492,identity,0,1,0,
493,ordinary_codec,493,identity,1,1,1,
494,ordinary_codec,494,identity,0,1,0,
495,ordinary_codec,495,identity,0,1,0,
496,ordinary_codec,496,identity,0,0,0,
497,ordinary_codec,497,identity,0,1,0,
498,ordinary_codec,498,identity,0,0,0,
499,ordinary_codec,499,identity,0,0,0,
500,ordinary_codec,500,identity,0,0,0,
501,ordinary_codec,501,identity,0,0,0,
502,ordinary_codec,502,identity,0,1,0,
503,ordinary_codec,503,identity,0,0,0,
504,ordinary_codec,504,identity,0,1,0,
505,ordinary_codec,505,identity,0,0,0,
506,ordinary_codec,506,identity,0,1,0,
507,ordinary_codec,507,identity,0,0,0,
508,ordinary_codec,508,identity,0,1,0,
509,ordinary_codec,509,identity,0,0,0,
510,ordinary_codec,510,identity,0,1,0,
511,ordinary_codec,511,identity,0,1,0,
512,ordinary_codec,512,identity,1,1,1,
513,ordinary_codec,513,identity,0,1,0,
514,ordinary_codec,514,identity,0,0,0,
515,ordinary_codec,515,identity,0,1,0,
516,ordinary_codec,516,identity,0,0,0,
517,ordinary_codec,517,identity,0,1,0,
518,ordinary_codec,518,identity,0,0,0,
519,ordinary_codec,519,identity,0,1,0,
520,ordinary_codec,520,identity,0,0,0,
521,ordinary_codec,521,identity,0,1,0,
522,ordinary_codec,522,identity,0,1,0,
523,ordinary_codec,523,identity,0,1,0,
524,ordinary_codec,524,identity,0,0,0,
525,ordinary_codec,525,identity,2,1,1,
526,ordinary_codec,526,identity,0,0,0,
527,ordinary_codec,527,identity,0,0,0,
528,ordinary_codec,528,identity,0,1,0,
529,ordinary_codec,529,identity,0,1,0,
530,ordinary_codec,530,identity,0,1,0,
531,ordinary_codec,531,identity,0,1,0,
532,ordinary_codec,532,identity,0,0,0,
533,ordinary_codec,533,identity,0,1,0,
534,ordinary_codec,534,identity,0,1,0,
535,ordinary_codec,535,identity,0,1,0,
536,ordinary_codec,536,identity,0,1,0,
537,ordinary_codec,537,identity,0,1,0,
538,ordinary_codec,538,identity,0,0,0,
539,ordinary_codec,539,identity,0,1,0,
540,ordinary_codec,540,identity,0,1,0,
541,ordinary_codec,541,identity,0,1,0,
542,ordinary_codec,542,identity,0,0,0,
543,ordinary_codec,543,identity,0,0,0,
544,ordinary_codec,544,identity,0,1,0,
545,ordinary_codec,545,identity,0,1,0,
546,ordinary_codec,546,identity,0,1,0,
547,ordinary_codec,547,identity,0,0,0,
548,ordinary_codec,548,identity,0,1,0,
549,ordinary_codec,549,identity,0,1,0,
550,ordinary_codec,550,identity,1,1,1,
551,ordinary_codec,551,identity,0,0,0,
552,ordinary_codec,552,identity,0,0,0,
553,ordinary_codec,553,identity,0,1,0,
554,ordinary_codec,554,identity,0,1,0,
555,ordinary_codec,555,identity,0,0,0,
556,ordinary_codec,556,identity,0,1,0,
557,ordinary_codec,557,identity,0,1,0,
558,ordinary_codec,558,identity,4,1,1,
559,ordinary_codec,559,identity,0,1,0,
560,ordinary_codec,560,identity,0,0,0,
561,ordinary_codec,561,identity,0,0,0,
562,ordinary_codec,562,identity,0,1,0,
563,ordinary_codec,563,identity,0,0,0,
564,ordinary_codec,564,identity,0,0,0,
565,ordinary_codec,565,identity,1,1,1,
566,ordinary_codec,566,identity,0,0,0,
567,ordinary_codec,567,identity,0,0,0,
568,ordinary_codec,568,identity,2,1,1,
569,ordinary_codec,569,identity,0,1,0,
570,ordinary_codec,570,identity,0,0,0,
571,ordinary_codec,571,identity,0,0,0,
572,ordinary_codec,572,identity,2,1,1,
573,ordinary_codec,573,identity,0,0,0,
574,ordinary_codec,574,identity,0,0,0,
575,ordinary_codec,575,identity,1,1,1,
576,ordinary_codec,576,identity,0,1,0,
577,ordinary_codec,577,identity,0,0,0,
578,ordinary_codec,578,identity,0,1,0,
579,ordinary_codec,579,identity,0,0,0,
580,ordinary_codec,580,identity,0,1,0,
581,ordinary_codec,581,identity,0,1,0,
582,ordinary_codec,582,identity,0,0,0,
583,ordinary_codec,583,identity,0,0,0,
584,ordinary_codec,584,identity,0,0,0,
585,ordinary_codec,585,identity,0,0,0,
586,ordinary_codec,586,identity,0,0,0,
587,ordinary_codec,587,identity,0,0,0,
588,ordinary_codec,588,identity,0,1,0,
589,ordinary_codec,589,identity,0,0,0,
590,ordinary_codec,590,identity,0,1,0,
591,ordinary_codec,591,identity,0,1,0,
592,ordinary_codec,592,identity,0,0,0,
593,ordinary_codec,593,identity,0,0,0,
594,ordinary_codec,594,identity,0,1,0,
595,ordinary_codec,595,identity,0,1,0,
596,ordinary_codec,596,identity,0,1,0,
597,ordinary_codec,597,identity,0,0,0,
598,ordinary_codec,598,identity,0,1,0,
599,ordinary_codec,599,identity,0,1,0,
600,ordinary_codec,600,identity,0,1,0,
601,ordinary_codec,601,identity,0,0,0,
602,ordinary_codec,602,identity,0,1,0,
603,ordinary_codec,603,identity,0,0,0,
604,ordinary_codec,604,identity,0,1,0,
605,ordinary_codec,605,identity,0,0,0,
606,ordinary_codec,606,identity,0,0,0,
607,ordinary_codec,607,identity,0,1,0,
608,ordinary_codec,608,identity,0,1,0,
609,ordinary_codec,609,identity,0,1,0,
610,ordinary_codec,610,identity,0,1,0,
611,ordinary_codec,611,identity,0,0,0,
612,ordinary_codec,612,identity,0,0,0,
613,ordinary_codec,613,identity,0,1,0,
614,ordinary_codec,614,identity,0,0,0,
615,ordinary_codec,615,identity,0,0,0,
616,ordinary_codec,616,identity,0,0,0,
617,ordinary_codec,617,identity,0,1,0,
618,ordinary_codec,618,identity,0,1,0,
619,ordinary_codec,619,identity,0,0,0,
620,ordinary_codec,620,identity,0,1,0,
621,ordinary_codec,621,identity,0,1,0,
622,ordinary_codec,622,identity,0,1,0,
623,ordinary_codec,623,identity,0,1,0,
624,ordinary_codec,624,identity,0,1,0,
625,ordinary_codec,625,identity,0,0,0,
626,ordinary_codec,626,identity,0,0,0,
627,ordinary_codec,627,identity,0,1,0,
628,ordinary_codec,628,identity,0,0,0,
629,ordinary_codec,629,identity,0,0,0,
630,ordinary_codec,630,identity,0,1,0,
631,ordinary_codec,631,identity,0,0,0,
632,ordinary_codec,632,identity,0,1,0,
633,ordinary_codec,633,identity,0,1,0,
634,ordinary_codec,634,identity,0,0,0,
635,ordinary_codec,635,identity,0,1,0,
636,ordinary_codec,636,identity,0,1,0,
637,ordinary_codec,637,identity,0,0,0,
638,ordinary_codec,638,identity,0,0,0,
639,ordinary_codec,639,identity,0,1,0,
640,ordinary_codec,640,identity,0,0,0,
641,ordinary_codec,641,identity,0,0,0,
642,ordinary_codec,642,identity,0,1,0,
643,ordinary_codec,643,identity,0,1,0,
644,ordinary_codec,644,identity,0,1,0,
645,ordinary_codec,645,identity,0,1,0,
646,ordinary_codec,646,identity,0,1,0,
647,ordinary_codec,647,identity,0,1,0,
648,ordinary_codec,648,identity,0,1,0,
649,ordinary_codec,649,identity,0,1,0,
650,ordinary_codec,650,identity,0,1,0,
651,ordinary_codec,651,identity,0,1,0,
652,ordinary_codec,652,identity,0,0,0,
653,ordinary_codec,653,identity,0,1,0,
654,ordinary_codec,654,identity,0,1,0,
655,ordinary_codec,655,identity,0,1,0,
656,ordinary_codec,656,identity,0,0,0,
657,ordinary_codec,657,identity,0,0,0,
658,ordinary_codec,658,identity,0,1,0,
659,ordinary_codec,659,identity,0,1,0,
660,ordinary_codec,660,identity,0,0,0,
661,ordinary_codec,661,identity,0,0,0,
662,ordinary_codec,662,identity,0,1,0,
663,ordinary_codec,663,identity,1,1,1,
664,ordinary_codec,664,identity,0,0,0,
665,ordinary_codec,665,identity,0,1,0,
666,ordinary_codec,666,identity,0,0,0,
667,ordinary_codec,667,identity,0,1,0,
668,ordinary_codec,668,identity,0,1,0,
669,ordinary_codec,669,identity,0,0,0,
670,ordinary_codec,670,identity,0,0,0,
671,ordinary_codec,671,identity,0,1,0,
672,ordinary_codec,672,identity,0,1,0,
673,ordinary_codec,673,identity,0,1,0,
674,ordinary_codec,674,identity,4,1,1,
675,ordinary_codec,675,identity,0,1,0,
676,ordinary_codec,676,identity,0,1,0,
677,ordinary_codec,677,identity,0,1,0,
678,ordinary_codec,678,identity,0,1,0,
679,ordinary_codec,679,identity,0,1,0,
680,ordinary_codec,680,identity,0,1,0,
681,ordinary_codec,681,identity,0,1,0,
682,ordinary_codec,682,identity,0,1,0,
683,ordinary_codec,683,identity,0,0,0,
684,ordinary_codec,684,identity,0,1,0,
685,ordinary_codec,685,identity,0,1,0,
686,ordinary_codec,686,identity,0,1,0,
687,ordinary_codec,687,identity,0,0,0,
688,ordinary_codec,688,identity,0,1,0,
689,ordinary_codec,689,identity,0,1,0,
690,ordinary_codec,690,identity,0,0,0,
691,ordinary_codec,691,identity,0,1,0,
692,ordinary_codec,692,identity,0,1,0,
693,ordinary_codec,693,identity,1,1,1,
694,ordinary_codec,694,identity,0,1,0,
695,ordinary_codec,695,identity,0,0,0,
696,ordinary_codec,696,identity,0,0,0,
697,ordinary_codec,697,identity,0,1,0,
698,ordinary_codec,698,identity,0,1,0,
699,ordinary_codec,699,identity,0,1,0,
700,ordinary_codec,700,identity,0,0,0,
701,ordinary_codec,701,identity,0,0,0,
702,ordinary_codec,702,identity,0,0,0,
703,ordinary_codec,703,identity,0,1,0,
704,ordinary_codec,704,identity,0,1,0,
705,ordinary_codec,705,identity,0,1,0,
706,ordinary_codec,706,identity,0,0,0,
707,ordinary_codec,707,identity,0,1,0,
708,ordinary_codec,708,identity,0,1,0,
709,ordinary_codec,709,identity,0,1,0,
710,ordinary_codec,710,identity,0,1,0,
711,ordinary_codec,711,identity,0,0,0,
712,ordinary_codec,712,identity,1,1,1,
713,ordinary_codec,713,identity,0,1,0,
714,ordinary_codec,714,identity,0,1,0,
715,ordinary_codec,715,identity,0,0,0,
716,ordinary_codec,716,identity,0,1,0,
717,ordinary_codec,717,identity,0,1,0,
718,ordinary_codec,718,identity,0,1,0,
719,ordinary_codec,719,identity,0,1,0,
720,ordinary_codec,720,identity,0,0,0,
721,ordinary_codec,721,identity,0,1,0,
722,ordinary_codec,722,identity,0,1,0,
723,ordinary_codec,723,identity,0,1,0,
724,ordinary_codec,724,identity,1,1,1,
725,ordinary_codec,725,identity,0,0,0,
726,ordinary_codec,726,identity,0,0,0,
727,ordinary_codec,727,identity,0,1,0,
728,ordinary_codec,728,identity,0,1,0,
729,ordinary_codec,729,identity,0,0,0,
730,ordinary_codec,730,identity,0,0,0,
731,ordinary_codec,731,identity,0,0,0,
732,ordinary_codec,732,identity,0,0,0,
733,ordinary_codec,733,identity,0,1,0,
734,ordinary_codec,734,identity,0,1,0,
735,ordinary_codec,735,identity,0,1,0,
736,ordinary_codec,736,identity,0,1,0,
737,ordinary_codec,737,identity,0,0,0,
738,ordinary_codec,738,identity,0,1,0,
739,ordinary_codec,739,identity,0,1,0,
740,ordinary_codec,740,identity,0,1,0,
741,ordinary_codec,741,identity,0,0,0,
742,ordinary_codec,742,identity,0,1,0,
743,ordinary_codec,743,identity,2,1,1,
744,ordinary_codec,744,identity,1,1,1,
745,ordinary_codec,745,identity,0,1,0,
746,ordinary_codec,746,identity,0,1,0,
747,ordinary_codec,747,identity,0,1,0,
748,ordinary_codec,748,identity,0,1,0,
749,ordinary_codec,749,identity,0,1,0,
750,ordinary_codec,750,identity,0,1,0,
751,ordinary_codec,751,identity,0,0,0,
752,ordinary_codec,752,identity,0,1,0,
753,ordinary_codec,753,identity,0,1,0,
754,ordinary_codec,754,identity,0,1,0,
755,ordinary_codec,755,identity,0,1,0,
756,ordinary_codec,756,identity,0,1,0,
757,ordinary_codec,757,identity,0,0,0,
758,ordinary_codec,758,identity,0,1,0,
759,ordinary_codec,759,identity,0,1,0,
760,ordinary_codec,760,identity,0,1,0,
761,ordinary_codec,761,identity,0,0,0,
762,ordinary_codec,762,identity,0,0,0,
763,ordinary_codec,763,identity,0,0,0,
764,ordinary_codec,764,identity,0,0,0,
765,ordinary_codec,765,identity,0,0,0,
766,ordinary_codec,766,identity,0,1,0,
767,ordinary_codec,767,identity,0,1,0,
768,ordinary_codec,768,identity,0,0,0,
769,ordinary_codec,769,identity,0,1,0,
770,ordinary_codec,770,identity,0,1,0,
771,ordinary_codec,771,identity,0,1,0,
772,ordinary_codec,772,identity,0,0,0,
773,ordinary_codec,773,identity,0,0,0,
774,ordinary_codec,774,identity,0,1,0,
775,ordinary_codec,775,identity,0,1,0,
776,ordinary_codec,776,identity,0,0,0,
777,ordinary_codec,777,identity,0,0,0,
778,ordinary_codec,778,identity,0,1,0,
779,ordinary_codec,779,identity,0,0,0,
780,ordinary_codec,780,identity,0,0,0,
781,ordinary_codec,781,identity,0,1,0,
782,ordinary_codec,782,identity,0,0,0,
783,ordinary_codec,783,identity,2,1,1,
784,ordinary_codec,784,identity,0,1,0,
785,ordinary_codec,785,identity,0,1,0,
786,ordinary_codec,786,identity,0,0,0,
787,ordinary_codec,787,identity,0,1,0,
788,ordinary_codec,788,identity,0,0,0,
789,ordinary_codec,789,identity,0,1,0,
790,ordinary_codec,790,identity,0,0,0,
791,ordinary_codec,791,identity,0,1,0,
792,ordinary_codec,792,identity,0,1,0,
793,ordinary_codec,793,identity,0,1,0,
794,ordinary_codec,794,identity,0,1,0,
795,ordinary_codec,795,identity,0,1,0,
796,ordinary_codec,796,identity,0,0,0,
797,ordinary_codec,797,identity,0,1,0,
798,ordinary_codec,798,identity,0,0,0,
799,ordinary_codec,799,identity,0,0,0,
800,ordinary_codec,800,identity,0,1,0,
801,ordinary_codec,801,identity,0,0,0,
802,ordinary_codec,802,identity,0,1,0,
803,ordinary_codec,803,identity,0,1,0,
804,ordinary_codec,804,identity,1,1,1,
805,ordinary_codec,805,identity,0,1,0,
806,ordinary_codec,806,identity,0,1,0,
807,ordinary_codec,807,identity,0,1,0,
808,ordinary_codec,808,identity,0,1,0,
809,ordinary_codec,809,identity,0,1,0,
810,ordinary_codec,810,identity,0,1,0,
811,ordinary_codec,811,identity,0,1,0,
812,ordinary_codec,812,identity,0,0,0,
813,ordinary_codec,813,identity,0,0,0,
814,ordinary_codec,814,identity,0,1,0,
815,ordinary_codec,815,identity,0,1,0,
816,ordinary_codec,816,identity,0,1,0,
817,ordinary_codec,817,identity,0,1,0,
818,ordinary_codec,818,identity,0,1,0,
819,ordinary_codec,819,identity,1,1,1,
820,ordinary_codec,820,identity,0,0,0,
821,ordinary_codec,821,identity,0,1,0,
822,ordinary_codec,822,identity,0,0,0,
823,ordinary_codec,823,identity,0,1,0,
824,ordinary_codec,824,identity,0,0,0,
825,ordinary_codec,825,identity,0,0,0,
826,ordinary_codec,826,identity,0,0,0,
827,ordinary_codec,827,identity,0,1,0,
828,ordinary_codec,828,identity,0,1,0,
829,ordinary_codec,829,identity,0,0,0,
830,ordinary_codec,830,identity,0,1,0,
831,ordinary_codec,831,identity,0,0,0,
832,ordinary_codec,832,identity,0,0,0,
833,ordinary_codec,833,identity,0,0,0,
834,ordinary_codec,834,identity,0,1,0,
835,ordinary_codec,835,identity,0,0,0,
836,ordinary_codec,836,identity,0,1,0,
837,ordinary_codec,837,identity,1,1,1,
838,ordinary_codec,838,identity,0,0,0,
839,ordinary_codec,839,identity,0,1,0,
840,ordinary_codec,840,identity,0,1,0,
841,ordinary_codec,841,identity,0,1,0,
842,ordinary_codec,842,identity,0,1,0,
843,ordinary_codec,843,identity,0,1,0,
844,ordinary_codec,844,identity,0,0,0,
845,ordinary_codec,845,identity,0,1,0,
846,ordinary_codec,846,identity,0,1,0,
847,ordinary_codec,847,identity,0,0,0,
848,ordinary_codec,848,identity,0,1,0,
849,ordinary_codec,849,identity,0,1,0,
850,ordinary_codec,850,identity,0,1,0,
851,ordinary_codec,851,identity,0,1,0,
852,ordinary_codec,852,identity,0,1,0,
853,ordinary_codec,853,identity,0,1,0,
854,ordinary_codec,854,identity,0,1,0,
855,ordinary_codec,855,identity,0,1,0,
856,ordinary_codec,856,identity,0,1,0,
857,ordinary_codec,857,identity,0,1,0,
858,ordinary_codec,858,identity,0,0,0,
859,ordinary_codec,859,identity,0,1,0,
860,ordinary_codec,860,identity,0,0,0,
861,ordinary_codec,861,identity,0,1,0,
862,ordinary_codec,862,identity,0,1,0,
863,ordinary_codec,863,identity,0,1,0,
864,ordinary_codec,864,identity,0,1,0,
865,ordinary_codec,865,identity,0,1,0,
866,ordinary_codec,866,identity,0,1,0,
867,ordinary_codec,867,identity,0,1,0,
868,ordinary_codec,868,identity,0,1,0,
869,ordinary_codec,869,identity,0,0,0,
870,ordinary_codec,870,identity,0,0,0,
871,ordinary_codec,871,identity,0,1,0,
872,ordinary_codec,872,identity,0,1,0,
873,ordinary_codec,873,identity,0,0,0,
874,ordinary_codec,874,identity,0,1,0,
875,ordinary_codec,875,identity,0,1,0,
876,ordinary_codec,876,identity,0,0,0,
877,ordinary_codec,877,identity,0,0,0,
878,ordinary_codec,878,identity,0,1,0,
879,ordinary_codec,879,identity,0,1,0,
880,ordinary_codec,880,identity,0,1,0,
881,ordinary_codec,881,identity,0,0,0,
882,ordinary_codec,882,identity,0,0,0,
883,ordinary_codec,883,identity,0,1,0,
884,ordinary_codec,884,identity,0,1,0,
885,ordinary_codec,885,identity,1,1,1,
886,ordinary_codec,886,identity,0,1,0,
887,ordinary_codec,887,identity,0,1,0,
888,ordinary_codec,888,identity,0,1,0,
889,ordinary_codec,889,identity,0,0,0,
890,ordinary_codec,890,identity,0,0,0,
891,ordinary_codec,891,identity,0,1,0,
892,ordinary_codec,892,identity,0,1,0,
893,ordinary_codec,893,identity,0,0,0,
894,ordinary_codec,894,identity,0,1,0,
895,ordinary_codec,895,identity,0,1,0,
896,ordinary_codec,896,identity,0,1,0,
897,ordinary_codec,897,identity,0,1,0,
898,ordinary_codec,898,identity,0,1,0,
899,ordinary_codec,899,identity,0,1,0,
900,ordinary_codec,900,identity,0,0,0,
901,ordinary_codec,901,identity,0,0,0,
902,ordinary_codec,902,identity,0,1,0,
903,ordinary_codec,903,identity,0,0,0,
904,ordinary_codec,904,identity,0,1,0,
905,ordinary_codec,905,identity,0,0,0,
906,ordinary_codec,906,identity,1,1,1,
907,ordinary_codec,907,identity,0,1,0,
908,ordinary_codec,908,identity,0,1,0,
909,ordinary_codec,909,identity,0,0,0,
910,ordinary_codec,910,identity,0,0,0,
911,ordinary_codec,911,identity,0,1,0,
912,ordinary_codec,912,identity,0,1,0,
913,ordinary_codec,913,identity,0,0,0,
914,ordinary_codec,914,identity,0,1,0,
915,ordinary_codec,915,identity,0,1,0,
916,ordinary_codec,916,identity,0,1,0,
917,ordinary_codec,917,identity,0,1,0,
918,ordinary_codec,918,identity,0,1,0,
919,ordinary_codec,919,identity,0,1,0,
920,ordinary_codec,920,identity,0,1,0,
921,ordinary_codec,921,identity,0,0,0,
922,ordinary_codec,922,identity,0,1,0,
923,ordinary_codec,923,identity,0,1,0,
924,ordinary_codec,924,identity,0,1,0,
925,ordinary_codec,925,identity,0,1,0,
926,ordinary_codec,926,identity,0,1,0,
927,ordinary_codec,927,identity,0,1,0,
928,ordinary_codec,928,identity,0,1,0,
929,ordinary_codec,929,identity,0,1,0,
930,ordinary_codec,930,identity,0,1,0,
931,ordinary_codec,931,identity,0,1,0,
932,ordinary_codec,932,identity,0,0,0,
933,ordinary_codec,933,identity,0,0,0,
934,ordinary_codec,934,identity,0,1,0,
935,ordinary_codec,935,identity,0,1,0,
936,ordinary_codec,936,identity,0,1,0,
937,ordinary_codec,937,identity,0,1,0,
938,ordinary_codec,938,identity,0,1,0,
939,ordinary_codec,939,identity,0,1,0,
940,ordinary_codec,940,identity,0,1,0,
941,ordinary_codec,941,identity,0,1,0,
942,ordinary_codec,942,identity,0,0,0,
943,ordinary_codec,943,identity,1,1,1,
944,ordinary_codec,944,identity,1,1,1,
945,ordinary_codec,945,identity,0,1,0,
946,ordinary_codec,946,identity,0,1,0,
947,ordinary_codec,947,identity,0,0,0,
948,ordinary_codec,948,identity,0,1,0,
949,ordinary_codec,949,identity,0,1,0,
950,ordinary_codec,950,identity,0,0,0,
951,ordinary_codec,951,identity,0,0,0,
952,ordinary_codec,952,identity,0,0,0,
953,ordinary_codec,953,identity,0,1,0,
954,ordinary_codec,954,identity,0,1,0,
955,ordinary_codec,955,identity,0,1,0,
956,ordinary_codec,956,identity,0,1,0,
957,ordinary_codec,957,identity,0,1,0,
958,ordinary_codec,958,identity,0,1,0,
959,ordinary_codec,959,identity,0,1,0,
960,ordinary_codec,960,identity,0,0,0,
961,ordinary_codec,961,identity,0,1,0,
962,ordinary_codec,962,identity,0,0,0,
963,ordinary_codec,963,identity,2,1,1,
964,ordinary_codec,964,identity,0,1,0,
965,ordinary_codec,965,identity,0,1,0,
966,ordinary_codec,966,identity,0,1,0,
967,ordinary_codec,967,identity,0,1,0,
968,ordinary_codec,968,identity,0,1,0,
969,ordinary_codec,969,identity,1,1,1,
970,ordinary_codec,970,identity,0,1,0,
971,ordinary_codec,971,identity,0,0,0,
972,ordinary_codec,972,identity,0,1,0,
973,ordinary_codec,973,identity,0,0,0,
974,ordinary_codec,974,identity,0,0,0,
975,ordinary_codec,975,identity,0,1,0,
976,ordinary_codec,976,identity,0,1,0,
977,ordinary_codec,977,identity,0,1,0,
978,ordinary_codec,978,identity,0,0,0,
979,ordinary_codec,979,identity,0,1,0,
980,ordinary_codec,980,identity,0,1,0,
981,ordinary_codec,981,identity,0,0,0,
982,ordinary_codec,982,identity,0,1,0,
983,ordinary_codec,983,identity,0,1,0,
984,ordinary_codec,984,identity,0,1,0,
985,ordinary_codec,985,identity,0,0,0,
986,ordinary_codec,986,identity,0,1,0,
987,ordinary_codec,987,identity,0,0,0,
988,ordinary_codec,988,identity,0,0,0,
989,ordinary_codec,989,identity,0,0,0,
990,ordinary_codec,990,identity,0,1,0,
991,ordinary_codec,991,identity,0,1,0,
992,ordinary_codec,992,identity,0,1,0,
993,ordinary_codec,993,identity,0,0,0,
994,ordinary_codec,994,identity,0,1,0,
995,ordinary_codec,995,identity,0,1,0,
996,ordinary_codec,996,identity,0,0,0,
997,ordinary_codec,997,identity,0,1,0,
998,ordinary_codec,998,identity,0,0,0,
999,ordinary_codec,999,identity,2,1,1,
1000,ordinary_codec,1000,identity,0,1,0,
1001,ordinary_codec,1001,identity,0,1,0,
1002,ordinary_codec,1002,identity,0,1,0,
1003,ordinary_codec,1003,identity,0,1,0,
1004,ordinary_codec,1004,identity,0,1,0,
1005,ordinary_codec,1005,identity,0,0,0,
1006,ordinary_codec,1006,identity,0,0,0,
1007,ordinary_codec,1007,identity,0,1,0,
1008,ordinary_codec,1008,identity,0,0,0,
1009,ordinary_codec,1009,identity,0,1,0,
1010,ordinary_codec,1010,identity,0,1,0,
1011,ordinary_codec,1011,identity,0,1,0,
1012,ordinary_codec,1012,identity,0,1,0,
1013,ordinary_codec,1013,identity,0,1,0,
1014,ordinary_codec,1014,identity,0,0,0,
1015,ordinary_codec,1015,identity,0,1,0,
1016,ordinary_codec,1016,identity,0,1,0,
1017,ordinary_codec,1017,identity,0,1,0,
1018,ordinary_codec,1018,identity,0,1,0,
1019,ordinary_codec,1019,identity,0,0,0,
1020,ordinary_codec,1020,identity,0,1,0,
1021,ordinary_codec,1021,identity,0,1,0,
1022,ordinary_codec,1022,identity,0,1,0,
1023,ordinary_codec,1023,identity,0,1,0,
1024,ordinary_codec,1024,identity,0,0,0,
1025,ordinary_codec,1025,identity,0,1,0,
1026,ordinary_codec,1026,identity,0,0,0,
1027,ordinary_codec,1027,identity,0,1,0,
1028,ordinary_codec,1028,identity,0,0,0,
1029,ordinary_codec,1029,identity,0,1,0,
1030,ordinary_codec,1030,identity,0,0,0,
1031,ordinary_codec,1031,identity,0,1,0,
1032,ordinary_codec,1032,identity,0,1,0,
1033,ordinary_codec,1033,identity,0,0,0,
1034,ordinary_codec,1034,identity,0,1,0,
1035,ordinary_codec,1035,identity,0,0,0,
1036,ordinary_codec,1036,identity,0,1,0,
1037,ordinary_codec,1037,identity,0,1,0,
1038,ordinary_codec,1038,identity,0,0,0,
1039,ordinary_codec,1039,identity,0,1,0,
1040,ordinary_codec,1040,identity,0,1,0,
1041,ordinary_codec,1041,identity,0,1,0,
1042,ordinary_codec,1042,identity,0,1,0,
1043,ordinary_codec,1043,identity,0,0,0,
1044,ordinary_codec,1044,identity,0,1,0,
1045,ordinary_codec,1045,identity,0,0,0,
1046,ordinary_codec,1046,identity,0,1,0,
1047,ordinary_codec,1047,identity,0,0,0,
1048,ordinary_codec,1048,identity,0,1,0,
1049,ordinary_codec,1049,identity,0,1,0,
1050,ordinary_codec,1050,identity,0,0,0,
1051,ordinary_codec,1051,identity,0,1,0,
1052,ordinary_codec,1052,identity,0,0,0,
1053,ordinary_codec,1053,identity,0,0,0,
1054,ordinary_codec,1054,identity,0,1,0,
1055,ordinary_codec,1055,identity,0,0,0,
1056,ordinary_codec,1056,identity,1,1,1,
1057,ordinary_codec,1057,identity,0,0,0,
1058,ordinary_codec,1058,identity,0,1,0,
1059,ordinary_codec,1059,identity,0,0,0,
1060,ordinary_codec,1060,identity,0,0,0,
1061,ordinary_codec,1061,identity,0,1,0,
1062,ordinary_codec,1062,identity,0,1,0,
1063,ordinary_codec,1063,identity,0,0,0,
1064,ordinary_codec,1064,identity,0,1,0,
1065,ordinary_codec,1065,identity,0,0,0,
1066,ordinary_codec,1066,identity,0,1,0,
1067,ordinary_codec,1067,identity,0,1,0,
1068,ordinary_codec,1068,identity,0,0,0,
1069,ordinary_codec,1069,identity,0,0,0,
1070,ordinary_codec,1070,identity,0,0,0,
1071,ordinary_codec,1071,identity,0,1,0,
1072,ordinary_codec,1072,identity,0,1,0,
1073,ordinary_codec,1073,identity,0,0,0,
1074,ordinary_codec,1074,identity,0,0,0,
1075,ordinary_codec,1075,identity,0,0,0,
1076,ordinary_codec,1076,identity,0,1,0,
1077,ordinary_codec,1077,identity,0,1,0,
1078,ordinary_codec,1078,identity,0,0,0,
1079,ordinary_codec,1079,identity,0,0,0,
1080,ordinary_codec,1080,identity,0,0,0,
1081,ordinary_codec,1081,identity,1,1,1,
1082,ordinary_codec,1082,identity,0,1,0,
1083,ordinary_codec,1083,identity,0,1,0,
1084,ordinary_codec,1084,identity,0,1,0,
1085,ordinary_codec,1085,identity,0,0,0,
1086,ordinary_codec,1086,identity,0,0,0,
1087,ordinary_codec,1087,identity,0,1,0,
1088,ordinary_codec,1088,identity,0,1,0,
1089,ordinary_codec,1089,identity,0,1,0,
1090,ordinary_codec,1090,identity,0,1,0,
1091,ordinary_codec,1091,identity,0,1,0,
1092,ordinary_codec,1092,identity,0,0,0,
1093,ordinary_codec,1093,identity,0,1,0,
1094,ordinary_codec,1094,identity,0,1,0,
1095,ordinary_codec,1095,identity,0,0,0,
1096,ordinary_codec,1096,identity,0,1,0,
1097,ordinary_codec,1097,identity,0,0,0,
1098,ordinary_codec,1098,identity,0,1,0,
1099,ordinary_codec,1099,identity,0,1,0,
1100,ordinary_codec,1100,identity,0,1,0,
1101,ordinary_codec,1101,identity,0,1,0,
1102,ordinary_codec,1102,identity,0,1,0,
1103,ordinary_codec,1103,identity,1,1,1,
1104,ordinary_codec,1104,identity,0,0,0,
1105,ordinary_codec,1105,identity,0,1,0,
1106,ordinary_codec,1106,identity,0,1,0,
1107,ordinary_codec,1107,identity,2,1,1,
1108,ordinary_codec,1108,identity,0,1,0,
1109,ordinary_codec,1109,identity,0,1,0,
1110,ordinary_codec,1110,identity,0,1,0,
1111,ordinary_codec,1111,identity,0,1,0,
1112,ordinary_codec,1112,identity,0,0,0,
1113,ordinary_codec,1113,identity,0,1,0,
1114,ordinary_codec,1114,identity,0,1,0,
1115,ordinary_codec,1115,identity,0,1,0,
1116,ordinary_codec,1116,identity,0,1,0,
1117,ordinary_codec,1117,identity,0,0,0,
1118,ordinary_codec,1118,identity,0,1,0,
1119,ordinary_codec,1119,identity,0,1,0,
1120,ordinary_codec,1120,identity,0,1,0,
1121,ordinary_codec,1121,identity,0,0,0,
1122,ordinary_codec,1122,identity,0,0,0,
1123,ordinary_codec,1123,identity,0,1,0,
1124,ordinary_codec,1124,identity,0,1,0,
1125,ordinary_codec,1125,identity,0,1,0,
1126,ordinary_codec,1126,identity,0,1,0,
1127,ordinary_codec,1127,identity,0,0,0,
1128,ordinary_codec,1128,identity,0,1,0,
1129,ordinary_codec,1129,identity,0,1,0,
1130,ordinary_codec,1130,identity,0,1,0,
1131,ordinary_codec,1131,identity,0,0,0,
1132,ordinary_codec,1132,identity,0,0,0,
1133,ordinary_codec,1133,identity,0,1,0,
1134,ordinary_codec,1134,identity,1,1,1,
1135,ordinary_codec,1135,identity,1,1,1,
1136,ordinary_codec,1136,identity,0,1,0,
1137,ordinary_codec,1137,identity,0,1,0,
1138,ordinary_codec,1138,identity,0,0,0,
1139,ordinary_codec,1139,identity,2,1,1,
1140,ordinary_codec,1140,identity,0,0,0,
1141,ordinary_codec,1141,identity,0,1,0,
1142,ordinary_codec,1142,identity,0,0,0,
1143,ordinary_codec,1143,identity,0,1,0,
1144,ordinary_codec,1144,identity,0,1,0,
1145,ordinary_codec,1145,identity,0,1,0,
1146,ordinary_codec,1146,identity,0,1,0,
1147,ordinary_codec,1147,identity,0,1,0,
1148,ordinary_codec,1148,identity,0,1,0,
1149,ordinary_codec,1149,identity,0,1,0,
1150,ordinary_codec,1150,identity,0,1,0,
1151,ordinary_codec,1151,identity,0,1,0,
1152,ordinary_codec,1152,identity,0,1,0,
1153,ordinary_codec,1153,identity,0,1,0,
1154,ordinary_codec,1154,identity,0,0,0,
1155,ordinary_codec,1155,identity,0,1,0,
1156,ordinary_codec,1156,identity,0,1,0,
1157,ordinary_codec,1157,identity,0,1,0,
1158,ordinary_codec,1158,identity,0,0,0,
1159,ordinary_codec,1159,identity,0,1,0,
1160,ordinary_codec,1160,identity,1,1,1,
1161,ordinary_codec,1161,identity,0,1,0,
1162,ordinary_codec,1162,identity,0,1,0,
1163,ordinary_codec,1163,identity,0,0,0,
1164,ordinary_codec,1164,identity,0,0,0,
1165,ordinary_codec,1165,identity,0,0,0,
1166,ordinary_codec,1166,identity,0,0,0,
1167,ordinary_codec,1167,identity,0,1,0,
1168,ordinary_codec,1168,identity,0,1,0,
1169,ordinary_codec,1169,identity,0,1,0,
1170,ordinary_codec,1170,identity,0,0,0,
1171,ordinary_codec,1171,identity,0,1,0,
1172,ordinary_codec,1172,identity,0,0,0,
1173,ordinary_codec,1173,identity,0,0,0,
1174,ordinary_codec,1174,identity,0,1,0,
1175,ordinary_codec,1175,identity,0,0,0,
1176,ordinary_codec,1176,identity,0,1,0,
1177,ordinary_codec,1177,identity,0,1,0,
1178,ordinary_codec,1178,identity,0,1,0,
1179,ordinary_codec,1179,identity,1,1,1,
1180,ordinary_codec,1180,identity,0,1,0,
1181,ordinary_codec,1181,identity,0,1,0,
1182,ordinary_codec,1182,identity,0,0,0,
1183,ordinary_codec,1183,identity,0,1,0,
1184,ordinary_codec,1184,identity,0,1,0,
1185,ordinary_codec,1185,identity,0,1,0,
1186,ordinary_codec,1186,identity,0,1,0,
1187,ordinary_codec,1187,identity,0,1,0,
1188,ordinary_codec,1188,identity,0,0,0,
1189,ordinary_codec,1189,identity,0,1,0,
1190,ordinary_codec,1190,identity,0,1,0,
1191,ordinary_codec,1191,identity,0,1,0,
1192,ordinary_codec,1192,identity,0,0,0,
1193,ordinary_codec,1193,identity,0,1,0,
1194,ordinary_codec,1194,identity,0,1,0,
1195,ordinary_codec,1195,identity,0,1,0,
1196,ordinary_codec,1196,identity,0,1,0,
1197,ordinary_codec,1197,identity,0,0,0,
1198,ordinary_codec,1198,identity,0,0,0,
1199,ordinary_codec,1199,identity,0,1,0,
1200,ordinary_codec,1200,identity,0,0,0,
1201,ordinary_codec,1201,identity,0,1,0,
1202,ordinary_codec,1202,identity,0,0,0,
1203,ordinary_codec,1203,identity,0,1,0,
1204,ordinary_codec,1204,identity,0,0,0,
1205,ordinary_codec,1205,identity,0,1,0,
1206,ordinary_codec,1206,identity,0,1,0,
1207,ordinary_codec,1207,identity,0,1,0,
1208,ordinary_codec,1208,identity,0,1,0,
1209,ordinary_codec,1209,identity,0,0,0,
1210,ordinary_codec,1210,identity,1,1,1,
1211,ordinary_codec,1211,identity,0,0,0,
1212,ordinary_codec,1212,identity,0,0,0,
1213,ordinary_codec,1213,identity,0,1,0,
1214,ordinary_codec,1214,identity,0,1,0,
1215,ordinary_codec,1215,identity,0,0,0,
1216,ordinary_codec,1216,identity,0,0,0,
1217,ordinary_codec,1217,identity,0,1,0,
1218,ordinary_codec,1218,identity,0,1,0,
1219,ordinary_codec,1219,identity,1,1,1,
1220,ordinary_codec,1220,identity,0,1,0,
1221,ordinary_codec,1221,identity,0,0,0,
1222,ordinary_codec,1222,identity,0,0,0,
1223,ordinary_codec,1223,identity,0,1,0,
1224,ordinary_codec,1224,identity,0,1,0,
1225,ordinary_codec,1225,identity,0,0,0,
1226,ordinary_codec,1226,identity,0,1,0,
1227,ordinary_codec,1227,identity,0,1,0,
1228,ordinary_codec,1228,identity,0,1,0,
1229,ordinary_codec,1229,identity,0,0,0,
1230,ordinary_codec,1230,identity,0,0,0,
1231,ordinary_codec,1231,identity,0,0,0,
1232,ordinary_codec,1232,identity,0,1,0,
1233,ordinary_codec,1233,identity,0,1,0,
1234,ordinary_codec,1234,identity,0,0,0,
1235,ordinary_codec,1235,identity,0,0,0,
1236,ordinary_codec,1236,identity,0,0,0,
1237,ordinary_codec,1237,identity,0,1,0,
1238,ordinary_codec,1238,identity,0,1,0,
1239,ordinary_codec,1239,identity,0,0,0,
1240,ordinary_codec,1240,identity,2,1,1,
1241,ordinary_codec,1241,identity,1,1,1,
1242,ordinary_codec,1242,identity,0,0,0,
1243,ordinary_codec,1243,identity,0,0,0,
1244,ordinary_codec,1244,identity,0,1,0,
1245,ordinary_codec,1245,identity,0,0,0,
1246,ordinary_codec,1246,identity,0,1,0,
1247,ordinary_codec,1247,identity,0,1,0,
1248,ordinary_codec,1248,identity,0,0,0,
1249,ordinary_codec,1249,identity,0,1,0,
1250,ordinary_codec,1250,identity,0,1,0,
1251,ordinary_codec,1251,identity,1,1,1,
1252,ordinary_codec,1252,identity,0,1,0,
1253,ordinary_codec,1253,identity,0,1,0,
1254,ordinary_codec,1254,identity,0,1,0,
1255,ordinary_codec,1255,identity,0,0,0,
1256,ordinary_codec,1256,identity,0,1,0,
1257,ordinary_codec,1257,identity,0,1,0,
1258,ordinary_codec,1258,identity,0,1,0,
1259,ordinary_codec,1259,identity,0,0,0,
1260,ordinary_codec,1260,identity,0,0,0,
1261,ordinary_codec,1261,identity,0,0,0,
1262,ordinary_codec,1262,identity,0,1,0,
1263,ordinary_codec,1263,identity,0,0,0,
1264,ordinary_codec,1264,identity,0,0,0,
1265,ordinary_codec,1265,identity,0,1,0,
1266,ordinary_codec,1266,identity,0,0,0,
1267,ordinary_codec,1267,identity,0,1,0,
1268,ordinary_codec,1268,identity,0,1,0,
1269,ordinary_codec,1269,identity,0,0,0,
1270,ordinary_codec,1270,identity,0,1,0,
1271,ordinary_codec,1271,identity,0,1,0,
1272,ordinary_codec,1272,identity,0,1,0,
1273,ordinary_codec,1273,identity,0,1,0,
1274,ordinary_codec,1274,identity,0,1,0,
1275,ordinary_codec,1275,identity,0,0,0,
1276,ordinary_codec,1276,identity,0,0,0,
1277,ordinary_codec,1277,identity,0,0,0,
1278,ordinary_codec,1278,identity,0,0,0,
1279,ordinary_codec,1279,identity,0,1,0,
1280,ordinary_codec,1280,identity,0,1,0,
1281,ordinary_codec,1281,identity,0,0,0,
1282,ordinary_codec,1282,identity,0,0,0,
1283,ordinary_codec,1283,identity,0,1,0,
1284,ordinary_codec,1284,identity,0,0,0,
1285,ordinary_codec,1285,identity,0,1,0,
1286,ordinary_codec,1286,identity,0,1,0,
1287,ordinary_codec,1287,identity,0,0,0,
1288,ordinary_codec,1288,identity,0,1,0,
1289,ordinary_codec,1289,identity,1,1,1,
1290,ordinary_codec,1290,identity,0,1,0,
1291,ordinary_codec,1291,identity,0,0,0,
1292,ordinary_codec,1292,identity,0,0,0,
1293,ordinary_codec,1293,identity,0,0,0,
1294,ordinary_codec,1294,identity,0,1,0,
1295,ordinary_codec,1295,identity,0,0,0,
1296,ordinary_codec,1296,identity,0,1,0,
1297,ordinary_codec,1297,identity,0,1,0,
1298,ordinary_codec,1298,identity,0,0,0,
1299,ordinary_codec,1299,identity,0,1,0,
1300,ordinary_codec,1300,identity,0,1,0,
1301,ordinary_codec,1301,identity,0,0,0,
1302,ordinary_codec,1302,identity,0,0,0,
1303,ordinary_codec,1303,identity,0,1,0,
1304,ordinary_codec,1304,identity,0,0,0,
1305,ordinary_codec,1305,identity,0,0,0,
1306,ordinary_codec,1306,identity,0,1,0,
1307,ordinary_codec,1307,identity,2,1,1,
1308,ordinary_codec,1308,identity,0,0,0,
1309,ordinary_codec,1309,identity,0,1,0,
1310,ordinary_codec,1310,identity,0,0,0,
1311,ordinary_codec,1311,identity,0,0,0,
1312,ordinary_codec,1312,identity,0,1,0,
1313,ordinary_codec,1313,identity,0,1,0,
1314,ordinary_codec,1314,identity,0,1,0,
1315,ordinary_codec,1315,identity,0,1,0,
1316,ordinary_codec,1316,identity,0,0,0,
1317,ordinary_codec,1317,identity,0,0,0,
1318,ordinary_codec,1318,identity,0,1,0,
1319,ordinary_codec,1319,identity,0,0,0,
1320,ordinary_codec,1320,identity,0,1,0,
1321,ordinary_codec,1321,identity,0,1,0,
1322,ordinary_codec,1322,identity,0,1,0,
1323,ordinary_codec,1323,identity,0,1,0,
1324,ordinary_codec,1324,identity,0,1,0,
1325,ordinary_codec,1325,identity,0,1,0,
1326,ordinary_codec,1326,identity,0,1,0,
1327,ordinary_codec,1327,identity,0,0,0,
1328,ordinary_codec,1328,identity,3,1,1,
1329,ordinary_codec,1329,identity,0,1,0,
1330,ordinary_codec,1330,identity,0,1,0,
1331,ordinary_codec,1331,identity,0,1,0,
1332,ordinary_codec,1332,identity,0,1,0,
1333,ordinary_codec,1333,identity,0,1,0,
1334,ordinary_codec,1334,identity,0,0,0,
1335,ordinary_codec,1335,identity,0,1,0,
1336,ordinary_codec,1336,identity,0,1,0,
1337,ordinary_codec,1337,identity,0,0,0,
1338,ordinary_codec,1338,identity,0,0,0,
1339,ordinary_codec,1339,identity,0,1,0,
1340,ordinary_codec,1340,identity,0,1,0,
1341,ordinary_codec,1341,identity,0,1,0,
1342,ordinary_codec,1342,identity,0,0,0,
1343,ordinary_codec,1343,identity,0,0,0,
1344,ordinary_codec,1344,identity,0,0,0,
1345,ordinary_codec,1345,identity,0,0,0,
1346,ordinary_codec,1346,identity,0,1,0,
1347,ordinary_codec,1347,identity,0,1,0,
1348,ordinary_codec,1348,identity,0,1,0,
1349,ordinary_codec,1349,identity,0,1,0,
1350,ordinary_codec,1350,identity,0,1,0,
1351,ordinary_codec,1351,identity,0,1,0,
1352,ordinary_codec,1352,identity,0,1,0,
1353,ordinary_codec,1353,identity,0,1,0,
1354,ordinary_codec,1354,identity,0,1,0,
1355,ordinary_codec,1355,identity,0,1,0,
1356,ordinary_codec,1356,identity,0,1,0,
1357,ordinary_codec,1357,identity,0,1,0,
1358,ordinary_codec,1358,identity,0,1,0,
1359,ordinary_codec,1359,identity,0,0,0,
1360,ordinary_codec,1360,identity,0,1,0,
1361,ordinary_codec,1361,identity,1,1,1,
1362,ordinary_codec,1362,identity,1,1,1,
1363,ordinary_codec,1363,identity,0,0,0,
1364,ordinary_codec,1364,identity,0,1,0,
1365,ordinary_codec,1365,identity,0,1,0,
1366,ordinary_codec,1366,identity,0,1,0,
1367,ordinary_codec,1367,identity,0,0,0,
1368,ordinary_codec,1368,identity,0,0,0,
1369,ordinary_codec,1369,identity,0,1,0,
1370,ordinary_codec,1370,identity,0,1,0,
1371,ordinary_codec,1371,identity,0,0,0,
1372,ordinary_codec,1372,identity,0,0,0,
1373,ordinary_codec,1373,identity,0,1,0,
1374,ordinary_codec,1374,identity,0,0,0,
1375,ordinary_codec,1375,identity,0,0,0,
1376,ordinary_codec,1376,identity,0,0,0,
1377,ordinary_codec,1377,identity,0,1,0,
1378,ordinary_codec,1378,identity,0,1,0,
1379,ordinary_codec,1379,identity,0,1,0,
1380,ordinary_codec,1380,identity,0,1,0,
1381,ordinary_codec,1381,identity,0,1,0,
1382,ordinary_codec,1382,identity,0,0,0,
1383,ordinary_codec,1383,identity,0,1,0,
1384,ordinary_codec,1384,identity,0,1,0,
1385,ordinary_codec,1385,identity,0,0,0,
1386,ordinary_codec,1386,identity,0,0,0,
1387,ordinary_codec,1387,identity,0,1,0,
1388,ordinary_codec,1388,identity,0,1,0,
1389,ordinary_codec,1389,identity,0,1,0,
1390,ordinary_codec,1390,identity,0,0,0,
1391,ordinary_codec,1391,identity,0,0,0,
1392,ordinary_codec,1392,identity,0,1,0,
1393,ordinary_codec,1393,identity,0,1,0,
1394,ordinary_codec,1394,identity,0,0,0,
1395,ordinary_codec,1395,identity,0,1,0,
1396,ordinary_codec,1396,identity,0,1,0,
1397,ordinary_codec,1397,identity,0,0,0,
1398,ordinary_codec,1398,identity,0,0,0,
1399,ordinary_codec,1399,identity,0,1,0,
1400,ordinary_codec,1400,identity,0,0,0,
1401,ordinary_codec,1401,identity,0,1,0,
1402,ordinary_codec,1402,identity,0,1,0,
1403,ordinary_codec,1403,identity,1,1,1,
1404,ordinary_codec,1404,identity,0,1,0,
1405,ordinary_codec,1405,identity,0,0,0,
1406,ordinary_codec,1406,identity,0,0,0,
1407,ordinary_codec,1407,identity,0,1,0,
1408,ordinary_codec,1408,identity,0,0,0,
1409,ordinary_codec,1409,identity,0,1,0,
1410,ordinary_codec,1410,identity,0,1,0,
1411,ordinary_codec,1411,identity,0,0,0,
1412,ordinary_codec,1412,identity,0,1,0,
1413,ordinary_codec,1413,identity,0,1,0,
1414,ordinary_codec,1414,identity,0,1,0,
1415,ordinary_codec,1415,identity,0,1,0,
1416,ordinary_codec,1416,identity,0,1,0,
1417,ordinary_codec,1417,identity,0,0,0,
1418,ordinary_codec,1418,identity,0,0,0,
1419,ordinary_codec,1419,identity,1,1,1,
1420,ordinary_codec,1420,identity,3,1,1,
1421,ordinary_codec,1421,identity,0,1,0,
1422,ordinary_codec,1422,identity,0,1,0,
1423,ordinary_codec,1423,identity,0,1,0,
1424,ordinary_codec,1424,identity,1,1,1,
1425,ordinary_codec,1425,identity,0,0,0,
1426,ordinary_codec,1426,identity,0,1,0,
1427,ordinary_codec,1427,identity,0,1,0,
1428,ordinary_codec,1428,identity,0,1,0,
1429,ordinary_codec,1429,identity,0,0,0,
1430,ordinary_codec,1430,identity,0,1,0,
1431,ordinary_codec,1431,identity,0,1,0,
1432,ordinary_codec,1432,identity,0,1,0,
1433,ordinary_codec,1433,identity,0,1,0,
1434,ordinary_codec,1434,identity,0,0,0,
1435,ordinary_codec,1435,identity,0,0,0,
1436,ordinary_codec,1436,identity,0,1,0,
1437,ordinary_codec,1437,identity,1,1,1,
1438,ordinary_codec,1438,identity,0,1,0,
1439,ordinary_codec,1439,identity,0,1,0,
1440,ordinary_codec,1440,identity,0,0,0,
1441,ordinary_codec,1441,identity,0,1,0,
1442,ordinary_codec,1442,identity,0,1,0,
1443,ordinary_codec,1443,identity,0,1,0,
1444,ordinary_codec,1444,identity,0,0,0,
1445,ordinary_codec,1445,identity,0,0,0,
1446,ordinary_codec,1446,identity,0,1,0,
1447,ordinary_codec,1447,identity,0,1,0,
1448,ordinary_codec,1448,identity,0,1,0,
1449,ordinary_codec,1449,identity,0,0,0,
1450,ordinary_codec,1450,identity,0,0,0,
1451,ordinary_codec,1451,identity,0,1,0,
1452,ordinary_codec,1452,identity,0,0,0,
1453,ordinary_codec,1453,identity,0,1,0,
1454,ordinary_codec,1454,identity,0,0,0,
1455,ordinary_codec,1455,identity,0,0,0,
1456,ordinary_codec,1456,identity,0,0,0,
1457,ordinary_codec,1457,identity,0,1,0,
1458,ordinary_codec,1458,identity,0,0,0,
1459,ordinary_codec,1459,identity,0,0,0,
1460,ordinary_codec,1460,identity,0,1,0,
1461,ordinary_codec,1461,identity,0,0,0,
1462,ordinary_codec,1462,identity,0,0,0,
1463,ordinary_codec,1463,identity,0,1,0,
1464,ordinary_codec,1464,identity,0,0,0,
1465,ordinary_codec,1465,identity,0,0,0,
1466,ordinary_codec,1466,identity,0,1,0,
1467,ordinary_codec,1467,identity,0,1,0,
1468,ordinary_codec,1468,identity,0,1,0,
1469,ordinary_codec,1469,identity,0,1,0,
1470,ordinary_codec,1470,identity,0,0,0,
1471,ordinary_codec,1471,identity,0,1,0,
1472,ordinary_codec,1472,identity,0,1,0,
1473,ordinary_codec,1473,identity,0,1,0,
1474,ordinary_codec,1474,identity,0,0,0,
1475,ordinary_codec,1475,identity,0,1,0,
1476,ordinary_codec,1476,identity,0,1,0,
1477,ordinary_codec,1477,identity,1,1,1,
1478,ordinary_codec,1478,identity,0,1,0,
1479,ordinary_codec,1479,identity,0,1,0,
1480,ordinary_codec,1480,identity,0,1,0,
1481,ordinary_codec,1481,identity,0,1,0,
1482,ordinary_codec,1482,identity,0,0,0,
1483,ordinary_codec,1483,identity,0,1,0,
1484,ordinary_codec,1484,identity,0,1,0,
1485,ordinary_codec,1485,identity,0,1,0,
1486,ordinary_codec,1486,identity,0,0,0,
1487,ordinary_codec,1487,identity,0,1,0,
1488,ordinary_codec,1488,identity,1,1,1,
1489,ordinary_codec,1489,identity,0,1,0,
1490,ordinary_codec,1490,identity,0,1,0,
1491,ordinary_codec,1491,identity,0,1,0,
1492,ordinary_codec,1492,identity,0,1,0,
1493,ordinary_codec,1493,identity,0,1,0,
1494,ordinary_codec,1494,identity,0,0,0,
1495,ordinary_codec,1495,identity,0,1,0,
1496,ordinary_codec,1496,identity,0,1,0,
1497,ordinary_codec,1497,identity,0,1,0,
1498,ordinary_codec,1498,identity,0,1,0,
1499,ordinary_codec,1499,identity,0,0,0,
1500,ordinary_codec,1500,identity,0,1,0,
1501,ordinary_codec,1501,identity,0,1,0,
1502,ordinary_codec,1502,identity,0,1,0,
1503,ordinary_codec,1503,identity,0,1,0,
1504,ordinary_codec,1504,identity,0,1,0,
1505,ordinary_codec,1505,identity,0,1,0,
1506,ordinary_codec,1506,identity,0,1,0,
1507,ordinary_codec,1507,identity,0,0,0,
1508,ordinary_codec,1508,identity,0,0,0,
1509,ordinary_codec,1509,identity,0,1,0,
1510,ordinary_codec,1510,identity,0,1,0,
1511,ordinary_codec,1511,identity,0,1,0,
1512,ordinary_codec,1512,identity,0,1,0,
1513,ordinary_codec,1513,identity,0,0,0,
1514,ordinary_codec,1514,identity,0,1,0,
1515,ordinary_codec,1515,identity,0,0,0,
1516,ordinary_codec,1516,identity,0,1,0,
1517,ordinary_codec,1517,identity,0,0,0,
1518,ordinary_codec,1518,identity,0,1,0,
1519,ordinary_codec,1519,identity,0,1,0,
1520,ordinary_codec,1520,identity,0,1,0,
1521,ordinary_codec,1521,identity,0,0,0,
1522,ordinary_codec,1522,identity,0,1,0,
1523,ordinary_codec,1523,identity,0,1,0,
1524,ordinary_codec,1524,identity,0,1,0,
1525,ordinary_codec,1525,identity,0,1,0,
1526,ordinary_codec,1526,identity,0,0,0,
1527,ordinary_codec,1527,identity,0,0,0,
1528,ordinary_codec,1528,identity,0,1,0,
1529,ordinary_codec,1529,identity,0,1,0,
1530,ordinary_codec,1530,identity,0,0,0,
1531,ordinary_codec,1531,identity,0,1,0,
1532,ordinary_codec,1532,identity,0,0,0,
1533,ordinary_codec,1533,identity,0,0,0,
1534,ordinary_codec,1534,identity,0,1,0,
1535,ordinary_codec,1535,identity,0,1,0,
1536,ordinary_codec,1536,identity,1,1,1,
1537,ordinary_codec,1537,identity,0,1,0,
1538,ordinary_codec,1538,identity,2,1,1,
1539,ordinary_codec,1539,identity,0,1,0,
1540,ordinary_codec,1540,identity,0,0,0,
1541,ordinary_codec,1541,identity,0,0,0,
1542,ordinary_codec,1542,identity,0,1,0,
1543,ordinary_codec,1543,identity,0,1,0,
1544,ordinary_codec,1544,identity,0,0,0,
1545,ordinary_codec,1545,identity,1,1,1,
1546,ordinary_codec,1546,identity,0,1,0,
1547,ordinary_codec,1547,identity,0,1,0,
1548,ordinary_codec,1548,identity,0,0,0,
1549,ordinary_codec,1549,identity,0,1,0,
1550,ordinary_codec,1550,identity,0,1,0,
1551,ordinary_codec,1551,identity,1,1,1,
1552,ordinary_codec,1552,identity,0,1,0,
1553,ordinary_codec,1553,identity,0,0,0,
1554,ordinary_codec,1554,identity,0,1,0,
1555,ordinary_codec,1555,identity,0,1,0,
1556,ordinary_codec,1556,identity,0,1,0,
1557,ordinary_codec,1557,identity,0,1,0,
1558,ordinary_codec,1558,identity,0,0,0,
1559,ordinary_codec,1559,identity,0,1,0,
1560,ordinary_codec,1560,identity,0,1,0,
1561,ordinary_codec,1561,identity,0,1,0,
1562,ordinary_codec,1562,identity,0,0,0,
1563,ordinary_codec,1563,identity,0,1,0,
1564,ordinary_codec,1564,identity,0,0,0,
1565,ordinary_codec,1565,identity,0,0,0,
1566,ordinary_codec,1566,identity,0,0,0,
1567,ordinary_codec,1567,identity,0,0,0,
1568,ordinary_codec,1568,identity,0,0,0,
1569,ordinary_codec,1569,identity,0,0,0,
1570,ordinary_codec,1570,identity,0,1,0,
1571,ordinary_codec,1571,identity,0,0,0,
1572,ordinary_codec,1572,identity,1,1,1,
1573,ordinary_codec,1573,identity,0,0,0,
1574,ordinary_codec,1574,identity,0,1,0,
1575,ordinary_codec,1575,identity,0,1,0,
1576,ordinary_codec,1576,identity,0,1,0,
1577,ordinary_codec,1577,identity,0,0,0,
1578,ordinary_codec,1578,identity,0,1,0,
1579,ordinary_codec,1579,identity,0,1,0,
1580,ordinary_codec,1580,identity,0,0,0,
1581,ordinary_codec,1581,identity,0,1,0,
1582,ordinary_codec,1582,identity,0,1,0,
1583,ordinary_codec,1583,identity,0,1,0,
1584,ordinary_codec,1584,identity,0,0,0,
1585,ordinary_codec,1585,identity,0,1,0,
1586,ordinary_codec,1586,identity,0,1,0,
1587,ordinary_codec,1587,identity,0,1,0,
1588,ordinary_codec,1588,identity,0,1,0,
1589,ordinary_codec,1589,identity,0,1,0,
1590,ordinary_codec,1590,identity,0,0,0,
1591,ordinary_codec,1591,identity,0,1,0,
1592,ordinary_codec,1592,identity,0,1,0,
1593,ordinary_codec,1593,identity,2,1,1,
1594,ordinary_codec,1594,identity,0,1,0,
1595,ordinary_codec,1595,identity,0,1,0,
1596,ordinary_codec,1596,identity,0,0,0,
1597,ordinary_codec,1597,identity,0,1,0,
1598,ordinary_codec,1598,identity,0,0,0,
1599,ordinary_codec,1599,identity,0,0,0,
1600,ordinary_codec,1600,identity,0,1,0,
1601,ordinary_codec,1601,identity,0,1,0,
1602,ordinary_codec,1602,identity,0,1,0,
1603,ordinary_codec,1603,identity,0,0,0,
1604,ordinary_codec,1604,identity,0,1,0,
1605,ordinary_codec,1605,identity,0,1,0,
1606,ordinary_codec,1606,identity,0,1,0,
1607,ordinary_codec,1607,identity,0,1,0,
1608,ordinary_codec,1608,identity,0,1,0,
1609,ordinary_codec,1609,identity,0,0,0,
1610,ordinary_codec,1610,identity,0,1,0,
1611,ordinary_codec,1611,identity,0,1,0,
1612,ordinary_codec,1612,identity,1,1,1,
1613,ordinary_codec,1613,identity,0,0,0,
1614,ordinary_codec,1614,identity,0,1,0,
1615,ordinary_codec,1615,identity,2,1,1,
1616,ordinary_codec,1616,identity,0,0,0,
1617,ordinary_codec,1617,identity,0,1,0,
1618,ordinary_codec,1618,identity,0,0,0,
1619,ordinary_codec,1619,identity,0,0,0,
1620,ordinary_codec,1620,identity,0,1,0,
1621,ordinary_codec,1621,identity,0,1,0,
1622,ordinary_codec,1622,identity,0,1,0,
1623,ordinary_codec,1623,identity,0,1,0,
1624,ordinary_codec,1624,identity,0,1,0,
1625,ordinary_codec,1625,identity,0,1,0,
1626,ordinary_codec,1626,identity,0,1,0,
1627,ordinary_codec,1627,identity,0,1,0,
1628,ordinary_codec,1628,identity,0,1,0,
1629,ordinary_codec,1629,identity,0,0,0,
1630,ordinary_codec,1630,identity,0,0,0,
1631,ordinary_codec,1631,identity,0,1,0,
1632,ordinary_codec,1632,identity,0,1,0,
1633,ordinary_codec,1633,identity,0,1,0,
1634,ordinary_codec,1634,identity,0,1,0,
1635,ordinary_codec,1635,identity,0,0,0,
1636,ordinary_codec,1636,identity,0,1,0,
1637,ordinary_codec,1637,identity,0,0,0,
1638,ordinary_codec,1638,identity,0,0,0,
1639,ordinary_codec,1639,identity,0,1,0,
1640,ordinary_codec,1640,identity,0,0,0,
1641,ordinary_codec,1641,identity,2,1,1,
1642,ordinary_codec,1642,identity,0,0,0,
1643,ordinary_codec,1643,identity,0,1,0,
1644,ordinary_codec,1644,identity,0,0,0,
1645,ordinary_codec,1645,identity,0,1,0,
1646,ordinary_codec,1646,identity,0,1,0,
1647,ordinary_codec,1647,identity,0,0,0,
1648,ordinary_codec,1648,identity,0,1,0,
1649,ordinary_codec,1649,identity,0,1,0,
1650,ordinary_codec,1650,identity,0,0,0,
1651,ordinary_codec,1651,identity,0,1,0,
1652,ordinary_codec,1652,identity,0,1,0,
1653,ordinary_codec,1653,identity,0,1,0,
1654,ordinary_codec,1654,identity,0,1,0,
1655,ordinary_codec,1655,identity,0,1,0,
1656,ordinary_codec,1656,identity,0,1,0,
1657,ordinary_codec,1657,identity,0,1,0,
1658,ordinary_codec,1658,identity,0,1,0,
1659,ordinary_codec,1659,identity,0,0,0,
1660,ordinary_codec,1660,identity,0,0,0,
1661,ordinary_codec,1661,identity,1,1,1,
1662,ordinary_codec,1662,identity,0,1,0,
1663,ordinary_codec,1663,identity,0,0,0,
1664,ordinary_codec,1664,identity,1,1,1,
1665,ordinary_codec,1665,identity,0,1,0,
1666,ordinary_codec,1666,identity,0,1,0,
1667,ordinary_codec,1667,identity,2,1,1,
1668,ordinary_codec,1668,identity,0,1,0,
1669,ordinary_codec,1669,identity,0,0,0,
1670,ordinary_codec,1670,identity,0,0,0,
1671,ordinary_codec,1671,identity,0,1,0,
1672,ordinary_codec,1672,identity,0,1,0,
1673,ordinary_codec,1673,identity,0,1,0,
1674,ordinary_codec,1674,identity,0,0,0,
1675,ordinary_codec,1675,identity,0,1,0,
1676,ordinary_codec,1676,identity,0,0,0,
1677,ordinary_codec,1677,identity,0,1,0,
1678,ordinary_codec,1678,identity,0,0,0,
1679,ordinary_codec,1679,identity,0,1,0,
1680,ordinary_codec,1680,identity,0,0,0,
1681,ordinary_codec,1681,identity,0,1,0,
1682,ordinary_codec,1682,identity,0,1,0,
1683,ordinary_codec,1683,identity,0,1,0,
1684,ordinary_codec,1684,identity,0,1,0,
1685,ordinary_codec,1685,identity,0,1,0,
1686,ordinary_codec,1686,identity,0,1,0,
1687,ordinary_codec,1687,identity,0,1,0,
1688,ordinary_codec,1688,identity,0,1,0,
1689,ordinary_codec,1689,identity,0,1,0,
1690,ordinary_codec,1690,identity,0,1,0,
1691,ordinary_codec,1691,identity,1,1,1,
1692,ordinary_codec,1692,identity,0,0,0,
1693,ordinary_codec,1693,identity,0,1,0,
1694,ordinary_codec,1694,identity,0,1,0,
1695,ordinary_codec,1695,identity,1,1,1,
1696,ordinary_codec,1696,identity,0,0,0,
1697,ordinary_codec,1697,identity,0,1,0,
1698,ordinary_codec,1698,identity,0,0,0,
1699,ordinary_codec,1699,identity,0,1,0,
1700,ordinary_codec,1700,identity,0,0,0,
1701,ordinary_codec,1701,identity,0,1,0,
1702,ordinary_codec,1702,identity,0,1,0,
1703,ordinary_codec,1703,identity,0,1,0,
1704,ordinary_codec,1704,identity,0,1,0,
1705,ordinary_codec,1705,identity,0,1,0,
1706,ordinary_codec,1706,identity,0,1,0,
1707,ordinary_codec,1707,identity,0,0,0,
1708,ordinary_codec,1708,identity,0,0,0,
1709,ordinary_codec,1709,identity,0,0,0,
1710,ordinary_codec,1710,identity,0,1,0,
1711,ordinary_codec,1711,identity,0,0,0,
1712,ordinary_codec,1712,identity,1,1,1,
1713,ordinary_codec,1713,identity,0,0,0,
1714,ordinary_codec,1714,identity,0,0,0,
1715,ordinary_codec,1715,identity,0,1,0,
1716,ordinary_codec,1716,identity,0,0,0,
1717,ordinary_codec,1717,identity,0,0,0,
1718,ordinary_codec,1718,identity,0,0,0,
1719,ordinary_codec,1719,identity,0,1,0,
1720,ordinary_codec,1720,identity,0,1,0,
1721,ordinary_codec,1721,identity,0,0,0,
1722,ordinary_codec,1722,identity,0,0,0,
1723,ordinary_codec,1723,identity,0,0,0,
1724,ordinary_codec,1724,identity,0,1,0,
1725,ordinary_codec,1725,identity,0,1,0,
1726,ordinary_codec,1726,identity,0,0,0,
1727,ordinary_codec,1727,identity,0,1,0,
1728,ordinary_codec,1728,identity,0,1,0,
1729,ordinary_codec,1729,identity,0,1,0,
1730,ordinary_codec,1730,identity,0,0,0,
1731,ordinary_codec,1731,identity,0,1,0,
1732,ordinary_codec,1732,identity,2,1,1,
1733,ordinary_codec,1733,identity,0,1,0,
1734,ordinary_codec,1734,identity,0,0,0,
1735,ordinary_codec,1735,identity,0,1,0,
1736,ordinary_codec,1736,identity,0,1,0,
1737,ordinary_codec,1737,identity,0,1,0,
1738,ordinary_codec,1738,identity,0,0,0,
1739,ordinary_codec,1739,identity,0,1,0,
1740,ordinary_codec,1740,identity,0,1,0,
1741,ordinary_codec,1741,identity,0,1,0,
1742,ordinary_codec,1742,identity,0,0,0,
1743,ordinary_codec,1743,identity,0,0,0,
1744,ordinary_codec,1744,identity,0,1,0,
1745,ordinary_codec,1745,identity,0,1,0,
1746,ordinary_codec,1746,identity,0,0,0,
1747,ordinary_codec,1747,identity,0,1,0,
1748,ordinary_codec,1748,identity,0,0,0,
1749,ordinary_codec,1749,identity,0,0,0,
1750,ordinary_codec,1750,identity,0,1,0,
1751,ordinary_codec,1751,identity,1,1,1,
1752,ordinary_codec,1752,identity,0,0,0,
1753,ordinary_codec,1753,identity,0,1,0,
1754,ordinary_codec,1754,identity,0,0,0,
1755,ordinary_codec,1755,identity,0,1,0,
1756,ordinary_codec,1756,identity,0,0,0,
1757,ordinary_codec,1757,identity,0,1,0,
1758,ordinary_codec,1758,identity,0,0,0,
1759,ordinary_codec,1759,identity,0,0,0,
1760,ordinary_codec,1760,identity,0,1,0,
1761,ordinary_codec,1761,identity,0,1,0,
1762,ordinary_codec,1762,identity,0,1,0,
1763,ordinary_codec,1763,identity,0,1,0,
1764,ordinary_codec,1764,identity,0,0,0,
1765,ordinary_codec,1765,identity,0,1,0,
1766,ordinary_codec,1766,identity,0,1,0,
1767,ordinary_codec,1767,identity,0,0,0,
1768,ordinary_codec,1768,identity,0,1,0,
1769,ordinary_codec,1769,identity,0,1,0,
1770,ordinary_codec,1770,identity,0,1,0,
1771,ordinary_codec,1771,identity,0,1,0,
1772,ordinary_codec,1772,identity,0,0,0,
1773,ordinary_codec,1773,identity,0,1,0,
1774,ordinary_codec,1774,identity,0,1,0,
1775,ordinary_codec,1775,identity,0,0,0,
1776,ordinary_codec,1776,identity,0,1,0,
1777,ordinary_codec,1777,identity,0,0,0,
1778,ordinary_codec,1778,identity,0,1,0,
1779,ordinary_codec,1779,identity,0,1,0,
1780,ordinary_codec,1780,identity,0,1,0,
1781,ordinary_codec,1781,identity,0,0,0,
1782,ordinary_codec,1782,identity,0,0,0,
1783,ordinary_codec,1783,identity,0,1,0,
1784,ordinary_codec,1784,identity,0,1,0,
1785,ordinary_codec,1785,identity,0,0,0,
1786,ordinary_codec,1786,identity,0,1,0,
1787,ordinary_codec,1787,identity,0,0,0,
1788,ordinary_codec,1788,identity,1,1,1,
1789,ordinary_codec,1789,identity,0,1,0,
1790,ordinary_codec,1790,identity,0,0,0,
1791,ordinary_codec,1791,identity,0,1,0,
1792,ordinary_codec,1792,identity,0,0,0,
1793,ordinary_codec,1793,identity,0,1,0,
1794,ordinary_codec,1794,identity,1,1,1,
1795,ordinary_codec,1795,identity,0,1,0,
1796,ordinary_codec,1796,identity,0,0,0,
1797,ordinary_codec,1797,identity,0,0,0,
1798,ordinary_codec,1798,identity,0,1,0,
1799,ordinary_codec,1799,identity,1,1,1,
1800,ordinary_codec,1800,identity,0,1,0,
1801,ordinary_codec,1801,identity,0,0,0,
1802,ordinary_codec,1802,identity,0,1,0,
1803,ordinary_codec,1803,identity,0,0,0,
1804,ordinary_codec,1804,identity,0,0,0,
1805,ordinary_codec,1805,identity,0,1,0,
1806,ordinary_codec,1806,identity,0,1,0,
1807,ordinary_codec,1807,identity,0,0,0,
1808,ordinary_codec,1808,identity,0,0,0,
1809,ordinary_codec,1809,identity,0,1,0,
1810,ordinary_codec,1810,identity,0,0,0,
1811,ordinary_codec,1811,identity,0,0,0,
1812,ordinary_codec,1812,identity,0,1,0,
1813,ordinary_codec,1813,identity,0,1,0,
1814,ordinary_codec,1814,identity,0,1,0,
1815,ordinary_codec,1815,identity,0,1,0,
1816,ordinary_codec,1816,identity,0,0,0,
1817,ordinary_codec,1817,identity,0,1,0,
1818,ordinary_codec,1818,identity,0,1,0,
1819,ordinary_codec,1819,identity,0,0,0,
1820,ordinary_codec,1820,identity,0,1,0,
1821,ordinary_codec,1821,identity,0,1,0,
1822,ordinary_codec,1822,identity,0,1,0,
1823,ordinary_codec,1823,identity,0,1,0,
1824,ordinary_codec,1824,identity,1,1,1,
1825,ordinary_codec,1825,identity,0,1,0,
1826,ordinary_codec,1826,identity,0,1,0,
1827,ordinary_codec,1827,identity,0,1,0,
1828,ordinary_codec,1828,identity,0,1,0,
1829,ordinary_codec,1829,identity,0,1,0,
1830,ordinary_codec,1830,identity,0,1,0,
1831,ordinary_codec,1831,identity,0,1,0,
1832,ordinary_codec,1832,identity,0,1,0,
1833,ordinary_codec,1833,identity,0,0,0,
1834,ordinary_codec,1834,identity,0,0,0,
1835,ordinary_codec,1835,identity,0,1,0,
1836,ordinary_codec,1836,identity,0,0,0,
1837,ordinary_codec,1837,identity,0,1,0,
1838,ordinary_codec,1838,identity,0,1,0,
1839,ordinary_codec,1839,identity,0,1,0,
1840,ordinary_codec,1840,identity,0,0,0,
1841,ordinary_codec,1841,identity,4,1,1,
1842,ordinary_codec,1842,identity,0,1,0,
1843,ordinary_codec,1843,identity,0,1,0,
1844,ordinary_codec,1844,identity,0,1,0,
1845,ordinary_codec,1845,identity,0,0,0,
1846,ordinary_codec,1846,identity,0,1,0,
1847,ordinary_codec,1847,identity,0,1,0,
1848,ordinary_codec,1848,identity,0,0,0,
1849,ordinary_codec,1849,identity,0,1,0,
1850,ordinary_codec,1850,identity,0,1,0,
1851,ordinary_codec,1851,identity,0,0,0,
1852,ordinary_codec,1852,identity,0,0,0,
1853,ordinary_codec,1853,identity,0,0,0,
1854,ordinary_codec,1854,identity,0,0,0,
1855,ordinary_codec,1855,identity,1,1,1,
1856,ordinary_codec,1856,identity,0,0,0,
1857,ordinary_codec,1857,identity,0,1,0,
1858,ordinary_codec,1858,identity,0,1,0,
1859,ordinary_codec,1859,identity,0,0,0,
1860,ordinary_codec,1860,identity,0,1,0,
1861,ordinary_codec,1861,identity,0,1,0,
1862,ordinary_codec,1862,identity,0,1,0,
1863,ordinary_codec,1863,identity,0,1,0,
1864,ordinary_codec,1864,identity,0,1,0,
1865,ordinary_codec,1865,identity,4,1,1,
1866,ordinary_codec,1866,identity,0,1,0,
1867,ordinary_codec,1867,identity,1,1,1,
1868,ordinary_codec,1868,identity,0,1,0,
1869,ordinary_codec,1869,identity,0,0,0,
1870,ordinary_codec,1870,identity,0,0,0,
1871,ordinary_codec,1871,identity,0,0,0,
1872,ordinary_codec,1872,identity,0,0,0,
1873,ordinary_codec,1873,identity,0,1,0,
1874,ordinary_codec,1874,identity,0,1,0,
1875,ordinary_codec,1875,identity,0,0,0,
1876,ordinary_codec,1876,identity,0,0,0,
1877,ordinary_codec,1877,identity,0,1,0,
1878,ordinary_codec,1878,identity,0,1,0,
1879,ordinary_codec,1879,identity,0,1,0,
1880,ordinary_codec,1880,identity,0,1,0,
1881,ordinary_codec,1881,identity,2,1,1,
1882,ordinary_codec,1882,identity,0,1,0,
1883,ordinary_codec,1883,identity,0,0,0,
1884,ordinary_codec,1884,identity,0,1,0,
1885,ordinary_codec,1885,identity,0,1,0,
1886,ordinary_codec,1886,identity,0,1,0,
1887,ordinary_codec,1887,identity,0,1,0,
1888,ordinary_codec,1888,identity,1,1,1,
1889,ordinary_codec,1889,identity,0,1,0,
1890,ordinary_codec,1890,identity,0,0,0,
1891,ordinary_codec,1891,identity,0,1,0,
1892,ordinary_codec,1892,identity,0,1,0,
1893,ordinary_codec,1893,identity,1,1,1,
1894,ordinary_codec,1894,identity,0,0,0,
1895,ordinary_codec,1895,identity,0,1,0,
1896,ordinary_codec,1896,identity,0,0,0,
1897,ordinary_codec,1897,identity,1,1,1,
1898,ordinary_codec,1898,identity,0,0,0,
1899,ordinary_codec,1899,identity,0,1,0,
1900,ordinary_codec,1900,identity,0,0,0,
1901,ordinary_codec,1901,identity,0,1,0,
1902,ordinary_codec,1902,identity,0,1,0,
1903,ordinary_codec,1903,identity,1,1,1,
1904,ordinary_codec,1904,identity,0,1,0,
1905,ordinary_codec,1905,identity,0,1,0,
1906,ordinary_codec,1906,identity,0,0,0,
1907,ordinary_codec,1907,identity,0,0,0,
1908,ordinary_codec,1908,identity,0,1,0,
1909,ordinary_codec,1909,identity,0,1,0,
1910,ordinary_codec,1910,identity,0,0,0,
1911,ordinary_codec,1911,identity,0,1,0,
1912,ordinary_codec,1912,identity,0,1,0,
1913,ordinary_codec,1913,identity,1,1,1,
1914,ordinary_codec,1914,identity,0,0,0,
1915,ordinary_codec,1915,identity,0,0,0,
1916,ordinary_codec,1916,identity,0,1,0,
1917,ordinary_codec,1917,identity,0,0,0,
1918,ordinary_codec,1918,identity,0,1,0,
1919,ordinary_codec,1919,identity,0,0,0,
1920,ordinary_codec,1920,identity,0,0,0,
1921,ordinary_codec,1921,identity,0,1,0,
1922,ordinary_codec,1922,identity,0,1,0,
1923,ordinary_codec,1923,identity,0,0,0,
1924,ordinary_codec,1924,identity,0,1,0,
1925,ordinary_codec,1925,identity,0,1,0,
1926,ordinary_codec,1926,identity,1,1,1,
1927,ordinary_codec,1927,identity,0,0,0,
1928,ordinary_codec,1928,identity,0,0,0,
1929,ordinary_codec,1929,identity,0,1,0,
1930,ordinary_codec,1930,identity,0,0,0,
1931,ordinary_codec,1931,identity,3,1,1,
1932,ordinary_codec,1932,identity,0,0,0,
1933,ordinary_codec,1933,identity,0,0,0,
1934,ordinary_codec,1934,identity,0,1,0,
1935,ordinary_codec,1935,identity,0,1,0,
1936,ordinary_codec,1936,identity,0,1,0,
1937,ordinary_codec,1937,identity,0,1,0,
1938,ordinary_codec,1938,identity,0,0,0,
1939,ordinary_codec,1939,identity,0,1,0,
1940,ordinary_codec,1940,identity,0,1,0,
1941,ordinary_codec,1941,identity,0,1,0,
1942,ordinary_codec,1942,identity,0,1,0,
1943,ordinary_codec,1943,identity,0,1,0,
1944,ordinary_codec,1944,identity,0,1,0,
1945,ordinary_codec,1945,identity,0,1,0,
1946,ordinary_codec,1946,identity,0,0,0,
1947,ordinary_codec,1947,identity,0,1,0,
1948,ordinary_codec,1948,identity,0,1,0,
1949,ordinary_codec,1949,identity,0,1,0,
1950,ordinary_codec,1950,identity,0,0,0,
1951,ordinary_codec,1951,identity,0,0,0,
1952,ordinary_codec,1952,identity,0,0,0,
1953,ordinary_codec,1953,identity,0,0,0,
1954,ordinary_codec,1954,identity,0,1,0,
1955,ordinary_codec,1955,identity,0,1,0,
1956,ordinary_codec,1956,identity,0,0,0,
1957,ordinary_codec,1957,identity,0,0,0,
1958,ordinary_codec,1958,identity,0,1,0,
1959,ordinary_codec,1959,identity,1,1,1,
1960,ordinary_codec,1960,identity,0,1,0,
1961,ordinary_codec,1961,identity,0,1,0,
1962,ordinary_codec,1962,identity,0,0,0,
1963,ordinary_codec,1963,identity,0,1,0,
1964,ordinary_codec,1964,identity,0,1,0,
1965,ordinary_codec,1965,identity,0,1,0,
1966,ordinary_codec,1966,identity,1,1,1,
1967,ordinary_codec,1967,identity,0,0,0,
1968,ordinary_codec,1968,identity,1,1,1,
1969,ordinary_codec,1969,identity,2,1,1,
1970,ordinary_codec,1970,identity,0,1,0,
1971,ordinary_codec,1971,identity,0,1,0,
1972,ordinary_codec,1972,identity,0,0,0,
1973,ordinary_codec,1973,identity,0,1,0,
1974,ordinary_codec,1974,identity,0,1,0,
1975,ordinary_codec,1975,identity,0,1,0,
1976,ordinary_codec,1976,identity,0,0,0,
1977,ordinary_codec,1977,identity,0,0,0,
1978,ordinary_codec,1978,identity,0,1,0,
1979,ordinary_codec,1979,identity,0,0,0,
1980,ordinary_codec,1980,identity,1,1,1,
1981,ordinary_codec,1981,identity,0,1,0,
1982,ordinary_codec,1982,identity,0,0,0,
1983,ordinary_codec,1983,identity,0,1,0,
1984,ordinary_codec,1984,identity,0,1,0,
1985,ordinary_codec,1985,identity,0,0,0,
1986,ordinary_codec,1986,identity,0,1,0,
1987,ordinary_codec,1987,identity,0,1,0,
1988,ordinary_codec,1988,identity,0,1,0,
1989,ordinary_codec,1989,identity,0,1,0,
1990,ordinary_codec,1990,identity,0,0,0,
1991,ordinary_codec,1991,identity,0,0,0,
1992,ordinary_codec,1992,identity,0,0,0,
1993,ordinary_codec,1993,identity,0,0,0,
1994,ordinary_codec,1994,identity,0,1,0,
1995,ordinary_codec,1995,identity,0,1,0,
1996,ordinary_codec,1996,identity,0,1,0,
1997,ordinary_codec,1997,identity,0,1,0,
1998,ordinary_codec,1998,identity,0,0,0,
1999,ordinary_codec,1999,identity,0,0,0,
2000,ordinary_codec,2000,identity,0,0,0,
2001,ordinary_codec,2001,identity,0,0,0,
2002,ordinary_codec,2002,identity,0,0,0,
2003,ordinary_codec,2003,identity,1,1,1,
2004,ordinary_codec,2004,identity,0,1,0,
2005,ordinary_codec,2005,identity,0,0,0,
2006,ordinary_codec,2006,identity,0,0,0,
2007,ordinary_codec,2007,identity,0,0,0,
2008,ordinary_codec,2008,identity,0,1,0,
2009,ordinary_codec,2009,identity,0,1,0,
2010,ordinary_codec,2010,identity,0,0,0,
2011,ordinary_codec,2011,identity,0,1,0,
2012,ordinary_codec,2012,identity,0,0,0,
2013,ordinary_codec,2013,identity,0,1,0,
2014,ordinary_codec,2014,identity,0,0,0,
2015,ordinary_codec,2015,identity,0,0,0,
2016,ordinary_codec,2016,identity,0,1,0,
2017,ordinary_codec,2017,identity,0,1,0,
2018,ordinary_codec,2018,identity,0,1,0,
2019,ordinary_codec,2019,identity,0,1,0,
2020,ordinary_codec,2020,identity,2,1,1,
2021,ordinary_codec,2021,identity,0,1,0,
2022,ordinary_codec,2022,identity,0,1,0,
2023,ordinary_codec,2023,identity,0,1,0,
2024,ordinary_codec,2024,identity,0,0,0,
2025,ordinary_codec,2025,identity,0,0,0,
2026,ordinary_codec,2026,identity,2,1,1,
2027,ordinary_codec,2027,identity,0,0,0,
2028,ordinary_codec,2028,identity,0,1,0,
2029,ordinary_codec,2029,identity,0,1,0,
2030,ordinary_codec,2030,identity,0,1,0,
2031,ordinary_codec,2031,identity,0,0,0,
2032,ordinary_codec,2032,identity,0,0,0,
2033,ordinary_codec,2033,identity,0,1,0,
2034,ordinary_codec,2034,identity,0,0,0,
2035,ordinary_codec,2035,identity,0,0,0,
2036,ordinary_codec,2036,identity,0,1,0,
2037,ordinary_codec,2037,identity,0,0,0,
2038,ordinary_codec,2038,identity,0,0,0,
2039,ordinary_codec,2039,identity,0,1,0,
2040,ordinary_codec,2040,identity,0,1,0,
2041,ordinary_codec,2041,identity,0,1,0,
2042,ordinary_codec,2042,identity,0,1,0,
2043,ordinary_codec,2043,identity,0,1,0,
2044,ordinary_codec,2044,identity,0,1,0,
2045,ordinary_codec,2045,identity,0,1,0,
2046,ordinary_codec,2046,identity,0,1,0,
2047,ordinary_codec,2047,identity,0,0,0,
2048,reserved,-1,special,0,0,0,
2049,reserved,-1,special,0,0,0,
2050,reserved,-1,special,0,0,0,
2051,reserved,-1,special,0,0,0,
2052,reserved,-1,special,0,0,0,
2053,reserved,-1,special,0,0,0,
2054,reserved,-1,special,0,0,0,
2055,reserved,-1,special,0,0,0,
2056,reserved,-1,special,0,0,0,
2057,reserved,-1,special,0,0,0,
2058,reserved,-1,special,0,0,0,
2059,reserved,-1,special,0,0,0,
2060,reserved,-1,special,0,0,0,
2061,reserved,-1,special,0,0,0,
2062,reserved,-1,special,0,0,0,
2063,reserved,-1,special,0,0,0,
2064,reserved,-1,special,0,0,0,
2065,reserved,-1,special,0,0,0,
2066,reserved,-1,special,0,0,0,
2067,reserved,-1,special,0,0,0,
2068,reserved,-1,special,0,0,0,
2069,reserved,-1,special,0,0,0,
2070,reserved,-1,special,0,0,0,
2071,reserved,-1,special,0,0,0,
2072,reserved,-1,special,0,0,0,
2073,reserved,-1,special,0,0,0,
2074,reserved,-1,special,0,0,0,
2075,reserved,-1,special,0,0,0,
2076,reserved,-1,special,0,0,0,
2077,reserved,-1,special,0,0,0,
2078,reserved,-1,special,0,0,0,
2079,reserved,-1,special,0,0,0,
2080,reserved,-1,special,0,0,0,
2081,reserved,-1,special,0,0,0,
2082,reserved,-1,special,0,0,0,
2083,reserved,-1,special,0,0,0,
2084,reserved,-1,special,0,0,0,
2085,reserved,-1,special,0,0,0,
2086,reserved,-1,special,0,0,0,
2087,reserved,-1,special,0,0,0,
2088,reserved,-1,special,0,0,0,
2089,reserved,-1,special,0,0,0,
2090,reserved,-1,special,0,0,0,
2091,reserved,-1,special,0,0,0,
2092,reserved,-1,special,0,0,0,
2093,reserved,-1,special,0,0,0,
2094,reserved,-1,special,0,0,0,
2095,reserved,-1,special,0,0,0,
2096,reserved,-1,special,0,0,0,
2097,reserved,-1,special,0,0,0,
2098,reserved,-1,special,0,0,0,
2099,reserved,-1,special,0,0,0,
2100,reserved,-1,special,0,0,0,
2101,reserved,-1,special,0,0,0,
2102,reserved,-1,special,0,0,0,
2103,reserved,-1,special,0,0,0,
2104,reserved,-1,special,0,0,0,
2105,reserved,-1,special,0,0,0,
2106,reserved,-1,special,0,0,0,
2107,reserved,-1,special,0,0,0,
2108,reserved,-1,special,0,0,0,
2109,reserved,-1,special,0,0,0,
2110,reserved,-1,special,0,0,0,
2111,reserved,-1,special,0,0,0,
2112,reserved,-1,special,0,0,0,
2113,reserved,-1,special,0,0,0,
2114,reserved,-1,special,0,0,0,
2115,reserved,-1,special,0,0,0,
2116,reserved,-1,special,0,0,0,
2117,reserved,-1,special,0,0,0,
2118,reserved,-1,special,0,0,0,
2119,reserved,-1,special,0,0,0,
2120,reserved,-1,special,0,0,0,
2121,reserved,-1,special,0,0,0,
2122,reserved,-1,special,0,0,0,
2123,reserved,-1,special,0,0,0,
2124,reserved,-1,special,0,0,0,
2125,reserved,-1,special,0,0,0,
2126,reserved,-1,special,0,0,0,
2127,reserved,-1,special,0,0,0,
2128,reserved,-1,special,0,0,0,
2129,reserved,-1,special,0,0,0,
2130,reserved,-1,special,0,0,0,
2131,reserved,-1,special,0,0,0,
2132,reserved,-1,special,0,0,0,
2133,reserved,-1,special,0,0,0,
2134,reserved,-1,special,0,0,0,
2135,reserved,-1,special,0,0,0,
2136,reserved,-1,special,0,0,0,
2137,reserved,-1,special,0,0,0,
2138,reserved,-1,special,0,0,0,
2139,reserved,-1,special,0,0,0,
2140,reserved,-1,special,0,0,0,
2141,reserved,-1,special,0,0,0,
2142,reserved,-1,special,0,0,0,
2143,reserved,-1,special,0,0,0,
2144,reserved,-1,special,0,0,0,
2145,reserved,-1,special,0,0,0,
2146,reserved,-1,special,0,0,0,
2147,reserved,-1,special,0,0,0,
2148,reserved,-1,special,0,0,0,
2149,reserved,-1,special,0,0,0,
2150,eos,-1,special,0,1,0,eos/pad
2151,reserved,-1,special,0,0,0,
2152,reserved,-1,special,0,0,0,
2153,reserved,-1,special,0,0,0,
2154,reserved,-1,special,0,0,0,
2155,reserved,-1,special,0,0,0,
2156,reserved,-1,special,0,0,0,
2157,reserved,-1,special,0,0,0,
2158,reserved,-1,special,0,0,0,
2159,reserved,-1,special,0,0,0,
2160,reserved,-1,special,0,0,0,
2161,reserved,-1,special,0,0,0,
2162,reserved,-1,special,0,0,0,
2163,reserved,-1,special,0,0,0,
2164,reserved,-1,special,0,0,0,
2165,reserved,-1,special,0,0,0,
2166,reserved,-1,special,0,0,0,
2167,reserved,-1,special,0,0,0,
2168,reserved,-1,special,0,0,0,
2169,reserved,-1,special,0,0,0,
2170,reserved,-1,special,0,0,0,
2171,reserved,-1,special,0,0,0,
2172,reserved,-1,special,0,0,0,
2173,reserved,-1,special,0,0,0,
2174,reserved,-1,special,0,0,0,
2175,reserved,-1,special,0,0,0,
2176,reserved,-1,special,0,0,0,
2177,reserved,-1,special,0,0,0,
2178,reserved,-1,special,0,0,0,
2179,reserved,-1,special,0,0,0,
2180,reserved,-1,special,0,0,0,
2181,reserved,-1,special,0,0,0,
2182,reserved,-1,special,0,0,0,
2183,reserved,-1,special,0,0,0,
2184,reserved,-1,special,0,0,0,
2185,reserved,-1,special,0,0,0,
2186,reserved,-1,special,0,0,0,
2187,reserved,-1,special,0,0,0,
2188,reserved,-1,special,0,0,0,
2189,reserved,-1,special,0,0,0,
2190,reserved,-1,special,0,0,0,
2191,reserved,-1,special,0,0,0,
2192,reserved,-1,special,0,0,0,
2193,reserved,-1,special,0,0,0,
2194,reserved,-1,special,0,0,0,
2195,reserved,-1,special,0,0,0,
2196,reserved,-1,special,0,0,0,
2197,reserved,-1,special,0,0,0,
2198,reserved,-1,special,0,0,0,
2199,reserved,-1,special,0,0,0,
2200,reserved,-1,special,0,0,0,
2201,reserved,-1,special,0,0,0,
2202,reserved,-1,special,0,0,0,
2203,reserved,-1,special,0,0,0,
2204,reserved,-1,special,0,0,0,
2205,reserved,-1,special,0,0,0,
2206,reserved,-1,special,0,0,0,
2207,reserved,-1,special,0,0,0,
2208,reserved,-1,special,0,0,0,
2209,reserved,-1,special,0,0,0,
2210,reserved,-1,special,0,0,0,
2211,reserved,-1,special,0,0,0,
2212,reserved,-1,special,0,0,0,
2213,reserved,-1,special,0,0,0,
2214,reserved,-1,special,0,0,0,
2215,reserved,-1,special,0,0,0,
2216,reserved,-1,special,0,0,0,
2217,reserved,-1,special,0,0,0,
2218,reserved,-1,special,0,0,0,
2219,reserved,-1,special,0,0,0,
2220,reserved,-1,special,0,0,0,
2221,reserved,-1,special,0,0,0,
2222,reserved,-1,special,0,0,0,
2223,reserved,-1,special,0,0,0,
2224,reserved,-1,special,0,0,0,
2225,reserved,-1,special,0,0,0,
2226,reserved,-1,special,0,0,0,
2227,reserved,-1,special,0,0,0,
2228,reserved,-1,special,0,0,0,
2229,reserved,-1,special,0,0,0,
2230,reserved,-1,special,0,0,0,
2231,reserved,-1,special,0,0,0,
2232,reserved,-1,special,0,0,0,
2233,reserved,-1,special,0,0,0,
2234,reserved,-1,special,0,0,0,
2235,reserved,-1,special,0,0,0,
2236,reserved,-1,special,0,0,0,
2237,reserved,-1,special,0,0,0,
2238,reserved,-1,special,0,0,0,
2239,reserved,-1,special,0,0,0,
2240,reserved,-1,special,0,0,0,
2241,reserved,-1,special,0,0,0,
2242,reserved,-1,special,0,0,0,
2243,reserved,-1,special,0,0,0,
2244,reserved,-1,special,0,0,0,
2245,reserved,-1,special,0,0,0,
2246,reserved,-1,special,0,0,0,
2247,reserved,-1,special,0,0,0,
2248,reserved,-1,special,0,0,0,
2249,reserved,-1,special,0,0,0,
2250,reserved,-1,special,0,0,0,
2251,reserved,-1,special,0,0,0,
2252,reserved,-1,special,0,0,0,
2253,reserved,-1,special,0,0,0,
2254,reserved,-1,special,0,0,0,
2255,reserved,-1,special,0,0,0,
2256,reserved,-1,special,0,0,0,
2257,reserved,-1,special,0,0,0,
2258,reserved,-1,special,0,0,0,
2259,reserved,-1,special,0,0,0,
2260,reserved,-1,special,0,0,0,
2261,reserved,-1,special,0,0,0,
2262,reserved,-1,special,0,0,0,
2263,reserved,-1,special,0,0,0,
2264,reserved,-1,special,0,0,0,
2265,reserved,-1,special,0,0,0,
2266,reserved,-1,special,0,0,0,
2267,reserved,-1,special,0,0,0,
2268,reserved,-1,special,0,0,0,
2269,reserved,-1,special,0,0,0,
2270,reserved,-1,special,0,0,0,
2271,reserved,-1,special,0,0,0,
2272,reserved,-1,special,0,0,0,
2273,reserved,-1,special,0,0,0,
2274,reserved,-1,special,0,0,0,
2275,reserved,-1,special,0,0,0,
2276,reserved,-1,special,0,0,0,
2277,reserved,-1,special,0,0,0,
2278,reserved,-1,special,0,0,0,
2279,reserved,-1,special,0,0,0,
2280,reserved,-1,special,0,0,0,
2281,reserved,-1,special,0,0,0,
2282,reserved,-1,special,0,0,0,
2283,reserved,-1,special,0,0,0,
2284,reserved,-1,special,0,0,0,
2285,reserved,-1,special,0,0,0,
2286,reserved,-1,special,0,0,0,
2287,reserved,-1,special,0,0,0,
2288,reserved,-1,special,0,0,0,
2289,reserved,-1,special,0,0,0,
2290,reserved,-1,special,0,0,0,
2291,reserved,-1,special,0,0,0,
2292,reserved,-1,special,0,0,0,
2293,reserved,-1,special,0,0,0,
2294,reserved,-1,special,0,0,0,
2295,reserved,-1,special,0,0,0,
2296,reserved,-1,special,0,0,0,
2297,reserved,-1,special,0,0,0,
2298,reserved,-1,special,0,0,0,
2299,reserved,-1,special,0,0,0,
2300,reserved,-1,special,0,0,0,
2301,reserved,-1,special,0,0,0,
2302,reserved,-1,special,0,0,0,
2303,reserved,-1,special,0,0,0,
2304,reserved,-1,special,0,0,0,
2305,reserved,-1,special,0,0,0,
2306,reserved,-1,special,0,0,0,
2307,reserved,-1,special,0,0,0,
2308,reserved,-1,special,0,0,0,
2309,reserved,-1,special,0,0,0,
2310,reserved,-1,special,0,0,0,
2311,reserved,-1,special,0,0,0,
2312,reserved,-1,special,0,0,0,
2313,reserved,-1,special,0,0,0,
2314,reserved,-1,special,0,0,0,
2315,reserved,-1,special,0,0,0,
2316,reserved,-1,special,0,0,0,
2317,reserved,-1,special,0,0,0,
2318,reserved,-1,special,0,0,0,
2319,reserved,-1,special,0,0,0,
2320,reserved,-1,special,0,0,0,
2321,reserved,-1,special,0,0,0,
2322,reserved,-1,special,0,0,0,
2323,reserved,-1,special,0,0,0,
2324,reserved,-1,special,0,0,0,
2325,reserved,-1,special,0,0,0,
2326,reserved,-1,special,0,0,0,
2327,reserved,-1,special,0,0,0,
2328,reserved,-1,special,0,0,0,
2329,reserved,-1,special,0,0,0,
2330,reserved,-1,special,0,0,0,
2331,reserved,-1,special,0,0,0,
2332,reserved,-1,special,0,0,0,
2333,reserved,-1,special,0,0,0,
2334,reserved,-1,special,0,0,0,
2335,reserved,-1,special,0,0,0,
2336,reserved,-1,special,0,0,0,
2337,reserved,-1,special,0,0,0,
2338,reserved,-1,special,0,0,0,
2339,reserved,-1,special,0,0,0,
2340,reserved,-1,special,0,0,0,
2341,reserved,-1,special,0,0,0,
2342,reserved,-1,special,0,0,0,
2343,reserved,-1,special,0,0,0,
2344,reserved,-1,special,0,0,0,
2345,reserved,-1,special,0,0,0,
2346,reserved,-1,special,0,0,0,
2347,reserved,-1,special,0,0,0,
2348,reserved,-1,special,0,0,0,
2349,reserved,-1,special,0,0,0,
2350,reserved,-1,special,0,0,0,
2351,reserved,-1,special,0,0,0,
2352,reserved,-1,special,0,0,0,
2353,reserved,-1,special,0,0,0,
2354,reserved,-1,special,0,0,0,
2355,reserved,-1,special,0,0,0,
2356,reserved,-1,special,0,0,0,
2357,reserved,-1,special,0,0,0,
2358,reserved,-1,special,0,0,0,
2359,reserved,-1,special,0,0,0,
2360,reserved,-1,special,0,0,0,
2361,reserved,-1,special,0,0,0,
2362,reserved,-1,special,0,0,0,
2363,reserved,-1,special,0,0,0,
2364,reserved,-1,special,0,0,0,
2365,reserved,-1,special,0,0,0,
2366,reserved,-1,special,0,0,0,
2367,reserved,-1,special,0,0,0,
2368,reserved,-1,special,0,0,0,
2369,reserved,-1,special,0,0,0,
2370,reserved,-1,special,0,0,0,
2371,reserved,-1,special,0,0,0,
2372,reserved,-1,special,0,0,0,
2373,reserved,-1,special,0,0,0,
2374,reserved,-1,special,0,0,0,
2375,reserved,-1,special,0,0,0,
2376,reserved,-1,special,0,0,0,
2377,reserved,-1,special,0,0,0,
2378,reserved,-1,special,0,0,0,
2379,reserved,-1,special,0,0,0,
2380,reserved,-1,special,0,0,0,
2381,reserved,-1,special,0,0,0,
2382,reserved,-1,special,0,0,0,
2383,reserved,-1,special,0,0,0,
2384,reserved,-1,special,0,0,0,
2385,reserved,-1,special,0,0,0,
2386,reserved,-1,special,0,0,0,
2387,reserved,-1,special,0,0,0,
2388,reserved,-1,special,0,0,0,
2389,reserved,-1,special,0,0,0,
2390,reserved,-1,special,0,0,0,
2391,reserved,-1,special,0,0,0,
2392,reserved,-1,special,0,0,0,
2393,reserved,-1,special,0,0,0,
2394,reserved,-1,special,0,0,0,
2395,reserved,-1,special,0,0,0,
2396,reserved,-1,special,0,0,0,
2397,reserved,-1,special,0,0,0,
2398,reserved,-1,special,0,0,0,
2399,reserved,-1,special,0,0,0,
2400,reserved,-1,special,0,0,0,
2401,reserved,-1,special,0,0,0,
2402,reserved,-1,special,0,0,0,
2403,reserved,-1,special,0,0,0,
2404,reserved,-1,special,0,0,0,
2405,reserved,-1,special,0,0,0,
2406,reserved,-1,special,0,0,0,
2407,reserved,-1,special,0,0,0,
2408,reserved,-1,special,0,0,0,
2409,reserved,-1,special,0,0,0,
2410,reserved,-1,special,0,0,0,
2411,reserved,-1,special,0,0,0,
2412,reserved,-1,special,0,0,0,
2413,reserved,-1,special,0,0,0,
2414,reserved,-1,special,0,0,0,
2415,reserved,-1,special,0,0,0,
2416,reserved,-1,special,0,0,0,
2417,reserved,-1,special,0,0,0,
2418,reserved,-1,special,0,0,0,
2419,reserved,-1,special,0,0,0,
2420,reserved,-1,special,0,0,0,
2421,reserved,-1,special,0,0,0,
2422,reserved,-1,special,0,0,0,
2423,reserved,-1,special,0,0,0,
2424,reserved,-1,special,0,0,0,
2425,reserved,-1,special,0,0,0,
2426,reserved,-1,special,0,0,0,
2427,reserved,-1,special,0,0,0,
2428,reserved,-1,special,0,0,0,
2429,reserved,-1,special,0,0,0,
2430,reserved,-1,special,0,0,0,
2431,reserved,-1,special,0,0,0,
2432,reserved,-1,special,0,0,0,
2433,reserved,-1,special,0,0,0,
2434,reserved,-1,special,0,0,0,
2435,reserved,-1,special,0,0,0,
2436,reserved,-1,special,0,0,0,
2437,reserved,-1,special,0,0,0,
2438,reserved,-1,special,0,0,0,
2439,reserved,-1,special,0,0,0,
2440,reserved,-1,special,0,0,0,
2441,reserved,-1,special,0,0,0,
2442,reserved,-1,special,0,0,0,
2443,reserved,-1,special,0,0,0,
2444,reserved,-1,special,0,0,0,
2445,reserved,-1,special,0,0,0,
2446,reserved,-1,special,0,0,0,
2447,reserved,-1,special,0,0,0,
2448,reserved,-1,special,0,0,0,
2449,reserved,-1,special,0,0,0,
2450,reserved,-1,special,0,0,0,
2451,reserved,-1,special,0,0,0,
2452,reserved,-1,special,0,0,0,
2453,reserved,-1,special,0,0,0,
2454,reserved,-1,special,0,0,0,
2455,reserved,-1,special,0,0,0,
2456,reserved,-1,special,0,0,0,
2457,reserved,-1,special,0,0,0,
2458,reserved,-1,special,0,0,0,
2459,reserved,-1,special,0,0,0,
2460,reserved,-1,special,0,0,0,
2461,reserved,-1,special,0,0,0,
2462,reserved,-1,special,0,0,0,
2463,reserved,-1,special,0,0,0,
2464,reserved,-1,special,0,0,0,
2465,reserved,-1,special,0,0,0,
2466,reserved,-1,special,0,0,0,
2467,reserved,-1,special,0,0,0,
2468,reserved,-1,special,0,0,0,
2469,reserved,-1,special,0,0,0,
2470,reserved,-1,special,0,0,0,
2471,reserved,-1,special,0,0,0,
2472,reserved,-1,special,0,0,0,
2473,reserved,-1,special,0,0,0,
2474,reserved,-1,special,0,0,0,
2475,reserved,-1,special,0,0,0,
2476,reserved,-1,special,0,0,0,
2477,reserved,-1,special,0,0,0,
2478,reserved,-1,special,0,0,0,
2479,reserved,-1,special,0,0,0,
2480,reserved,-1,special,0,0,0,
2481,reserved,-1,special,0,0,0,
2482,reserved,-1,special,0,0,0,
2483,reserved,-1,special,0,0,0,
2484,reserved,-1,special,0,0,0,
2485,reserved,-1,special,0,0,0,
2486,reserved,-1,special,0,0,0,
2487,reserved,-1,special,0,0,0,
2488,reserved,-1,special,0,0,0,
2489,reserved,-1,special,0,0,0,
2490,reserved,-1,special,0,0,0,
2491,reserved,-1,special,0,0,0,
2492,reserved,-1,special,0,0,0,
2493,reserved,-1,special,0,0,0,
2494,reserved,-1,special,0,0,0,
2495,reserved,-1,special,0,0,0,
2496,reserved,-1,special,0,0,0,
2497,reserved,-1,special,0,0,0,
2498,reserved,-1,special,0,0,0,
2499,reserved,-1,special,0,0,0,
2500,reserved,-1,special,0,0,0,
2501,reserved,-1,special,0,0,0,
2502,reserved,-1,special,0,0,0,
2503,reserved,-1,special,0,0,0,
2504,reserved,-1,special,0,0,0,
2505,reserved,-1,special,0,0,0,
2506,reserved,-1,special,0,0,0,
2507,reserved,-1,special,0,0,0,
2508,reserved,-1,special,0,0,0,
2509,reserved,-1,special,0,0,0,
2510,reserved,-1,special,0,0,0,
2511,reserved,-1,special,0,0,0,
2512,reserved,-1,special,0,0,0,
2513,reserved,-1,special,0,0,0,
2514,reserved,-1,special,0,0,0,
2515,reserved,-1,special,0,0,0,
2516,reserved,-1,special,0,0,0,
2517,reserved,-1,special,0,0,0,
2518,reserved,-1,special,0,0,0,
2519,reserved,-1,special,0,0,0,
2520,reserved,-1,special,0,0,0,
2521,reserved,-1,special,0,0,0,
2522,reserved,-1,special,0,0,0,
2523,reserved,-1,special,0,0,0,
2524,reserved,-1,special,0,0,0,
2525,reserved,-1,special,0,0,0,
2526,reserved,-1,special,0,0,0,
2527,reserved,-1,special,0,0,0,
2528,reserved,-1,special,0,0,0,
2529,reserved,-1,special,0,0,0,
2530,reserved,-1,special,0,0,0,
2531,reserved,-1,special,0,0,0,
2532,reserved,-1,special,0,0,0,
2533,reserved,-1,special,0,0,0,
2534,reserved,-1,special,0,0,0,
2535,reserved,-1,special,0,0,0,
2536,reserved,-1,special,0,0,0,
2537,reserved,-1,special,0,0,0,
2538,reserved,-1,special,0,0,0,
2539,reserved,-1,special,0,0,0,
2540,reserved,-1,special,0,0,0,
2541,reserved,-1,special,0,0,0,
2542,reserved,-1,special,0,0,0,
2543,reserved,-1,special,0,0,0,
2544,reserved,-1,special,0,0,0,
2545,reserved,-1,special,0,0,0,
2546,reserved,-1,special,0,0,0,
2547,reserved,-1,special,0,0,0,
2548,reserved,-1,special,0,0,0,
2549,reserved,-1,special,0,0,0,
2550,reserved,-1,special,0,0,0,
2551,reserved,-1,special,0,0,0,
2552,reserved,-1,special,0,0,0,
2553,reserved,-1,special,0,0,0,
2554,reserved,-1,special,0,0,0,
2555,reserved,-1,special,0,0,0,
2556,reserved,-1,special,0,0,0,
2557,reserved,-1,special,0,0,0,
2558,reserved,-1,special,0,0,0,
2559,reserved,-1,special,0,0,0,
2560,reserved,-1,special,0,0,0,
2561,reserved,-1,special,0,0,0,
2562,reserved,-1,special,0,0,0,
2563,reserved,-1,special,0,0,0,
2564,reserved,-1,special,0,0,0,
2565,reserved,-1,special,0,0,0,
2566,reserved,-1,special,0,0,0,
2567,reserved,-1,special,0,0,0,
2568,reserved,-1,special,0,0,0,
2569,reserved,-1,special,0,0,0,
2570,reserved,-1,special,0,0,0,
2571,reserved,-1,special,0,0,0,
2572,reserved,-1,special,0,0,0,
2573,reserved,-1,special,0,0,0,
2574,reserved,-1,special,0,0,0,
2575,reserved,-1,special,0,0,0,
2576,reserved,-1,special,0,0,0,
2577,reserved,-1,special,0,0,0,
2578,reserved,-1,special,0,0,0,
2579,reserved,-1,special,0,0,0,
2580,reserved,-1,special,0,0,0,
2581,reserved,-1,special,0,0,0,
2582,reserved,-1,special,0,0,0,
2583,reserved,-1,special,0,0,0,
2584,reserved,-1,special,0,0,0,
2585,reserved,-1,special,0,0,0,
2586,reserved,-1,special,0,0,0,
2587,reserved,-1,special,0,0,0,
2588,reserved,-1,special,0,0,0,
2589,reserved,-1,special,0,0,0,
2590,reserved,-1,special,0,0,0,
2591,reserved,-1,special,0,0,0,
2592,reserved,-1,special,0,0,0,
2593,reserved,-1,special,0,0,0,
2594,reserved,-1,special,0,0,0,
2595,reserved,-1,special,0,0,0,
2596,reserved,-1,special,0,0,0,
2597,reserved,-1,special,0,0,0,
2598,reserved,-1,special,0,0,0,
2599,reserved,-1,special,0,0,0,
2600,reserved,-1,special,0,0,0,
2601,reserved,-1,special,0,0,0,
2602,reserved,-1,special,0,0,0,
2603,reserved,-1,special,0,0,0,
2604,reserved,-1,special,0,0,0,
2605,reserved,-1,special,0,0,0,
2606,reserved,-1,special,0,0,0,
2607,reserved,-1,special,0,0,0,
2608,reserved,-1,special,0,0,0,
2609,reserved,-1,special,0,0,0,
2610,reserved,-1,special,0,0,0,
2611,reserved,-1,special,0,0,0,
2612,reserved,-1,special,0,0,0,
2613,reserved,-1,special,0,0,0,
2614,reserved,-1,special,0,0,0,
2615,reserved,-1,special,0,0,0,
2616,reserved,-1,special,0,0,0,
2617,reserved,-1,special,0,0,0,
2618,reserved,-1,special,0,0,0,
2619,reserved,-1,special,0,0,0,
2620,reserved,-1,special,0,0,0,
2621,reserved,-1,special,0,0,0,
2622,reserved,-1,special,0,0,0,
2623,reserved,-1,special,0,0,0,
2624,reserved,-1,special,0,0,0,
2625,reserved,-1,special,0,0,0,
2626,reserved,-1,special,0,0,0,
2627,reserved,-1,special,0,0,0,
2628,reserved,-1,special,0,0,0,
2629,reserved,-1,special,0,0,0,
2630,reserved,-1,special,0,0,0,
2631,reserved,-1,special,0,0,0,
2632,reserved,-1,special,0,0,0,
2633,reserved,-1,special,0,0,0,
2634,reserved,-1,special,0,0,0,
2635,reserved,-1,special,0,0,0,
2636,reserved,-1,special,0,0,0,
2637,reserved,-1,special,0,0,0,
2638,reserved,-1,special,0,0,0,
2639,reserved,-1,special,0,0,0,
2640,reserved,-1,special,0,0,0,
2641,reserved,-1,special,0,0,0,
2642,reserved,-1,special,0,0,0,
2643,reserved,-1,special,0,0,0,
2644,reserved,-1,special,0,0,0,
2645,reserved,-1,special,0,0,0,
2646,reserved,-1,special,0,0,0,
2647,reserved,-1,special,0,0,0,
2648,reserved,-1,special,0,0,0,
2649,reserved,-1,special,0,0,0,
2650,reserved,-1,special,0,0,0,
2651,reserved,-1,special,0,0,0,
2652,reserved,-1,special,0,0,0,
2653,reserved,-1,special,0,0,0,
2654,reserved,-1,special,0,0,0,
2655,reserved,-1,special,0,0,0,
2656,reserved,-1,special,0,0,0,
2657,reserved,-1,special,0,0,0,
2658,reserved,-1,special,0,0,0,
2659,reserved,-1,special,0,0,0,
2660,reserved,-1,special,0,0,0,
2661,reserved,-1,special,0,0,0,
2662,reserved,-1,special,0,0,0,
2663,reserved,-1,special,0,0,0,
2664,reserved,-1,special,0,0,0,
2665,reserved,-1,special,0,0,0,
2666,reserved,-1,special,0,0,0,
2667,reserved,-1,special,0,0,0,
2668,reserved,-1,special,0,0,0,
2669,reserved,-1,special,0,0,0,
2670,reserved,-1,special,0,0,0,
2671,reserved,-1,special,0,0,0,
2672,reserved,-1,special,0,0,0,
2673,reserved,-1,special,0,0,0,
2674,reserved,-1,special,0,0,0,
2675,reserved,-1,special,0,0,0,
2676,reserved,-1,special,0,0,0,
2677,reserved,-1,special,0,0,0,
2678,reserved,-1,special,0,0,0,
2679,reserved,-1,special,0,0,0,
2680,reserved,-1,special,0,0,0,
2681,reserved,-1,special,0,0,0,
2682,reserved,-1,special,0,0,0,
2683,reserved,-1,special,0,0,0,
2684,reserved,-1,special,0,0,0,
2685,reserved,-1,special,0,0,0,
2686,reserved,-1,special,0,0,0,
2687,reserved,-1,special,0,0,0,
2688,reserved,-1,special,0,0,0,
2689,reserved,-1,special,0,0,0,
2690,reserved,-1,special,0,0,0,
2691,reserved,-1,special,0,0,0,
2692,reserved,-1,special,0,0,0,
2693,reserved,-1,special,0,0,0,
2694,reserved,-1,special,0,0,0,
2695,reserved,-1,special,0,0,0,
2696,reserved,-1,special,0,0,0,
2697,reserved,-1,special,0,0,0,
2698,reserved,-1,special,0,0,0,
2699,reserved,-1,special,0,0,0,
2700,reserved,-1,special,0,0,0,
2701,reserved,-1,special,0,0,0,
2702,reserved,-1,special,0,0,0,
2703,reserved,-1,special,0,0,0,
2704,reserved,-1,special,0,0,0,
2705,reserved,-1,special,0,0,0,
2706,reserved,-1,special,0,0,0,
2707,reserved,-1,special,0,0,0,
2708,reserved,-1,special,0,0,0,
2709,reserved,-1,special,0,0,0,
2710,reserved,-1,special,0,0,0,
2711,reserved,-1,special,0,0,0,
2712,reserved,-1,special,0,0,0,
2713,reserved,-1,special,0,0,0,
2714,reserved,-1,special,0,0,0,
2715,reserved,-1,special,0,0,0,
2716,reserved,-1,special,0,0,0,
2717,reserved,-1,special,0,0,0,
2718,reserved,-1,special,0,0,0,
2719,reserved,-1,special,0,0,0,
2720,reserved,-1,special,0,0,0,
2721,reserved,-1,special,0,0,0,
2722,reserved,-1,special,0,0,0,
2723,reserved,-1,special,0,0,0,
2724,reserved,-1,special,0,0,0,
2725,reserved,-1,special,0,0,0,
2726,reserved,-1,special,0,0,0,
2727,reserved,-1,special,0,0,0,
2728,reserved,-1,special,0,0,0,
2729,reserved,-1,special,0,0,0,
2730,reserved,-1,special,0,0,0,
2731,reserved,-1,special,0,0,0,
2732,reserved,-1,special,0,0,0,
2733,reserved,-1,special,0,0,0,
2734,reserved,-1,special,0,0,0,
2735,reserved,-1,special,0,0,0,
2736,reserved,-1,special,0,0,0,
2737,reserved,-1,special,0,0,0,
2738,reserved,-1,special,0,0,0,
2739,reserved,-1,special,0,0,0,
2740,reserved,-1,special,0,0,0,
2741,reserved,-1,special,0,0,0,
2742,reserved,-1,special,0,0,0,
2743,reserved,-1,special,0,0,0,
2744,reserved,-1,special,0,0,0,
2745,reserved,-1,special,0,0,0,
2746,reserved,-1,special,0,0,0,
2747,reserved,-1,special,0,0,0,
2748,reserved,-1,special,0,0,0,
2749,reserved,-1,special,0,0,0,
2750,reserved,-1,special,0,0,0,
2751,reserved,-1,special,0,0,0,
2752,reserved,-1,special,0,0,0,
2753,reserved,-1,special,0,0,0,
2754,reserved,-1,special,0,0,0,
2755,reserved,-1,special,0,0,0,
2756,reserved,-1,special,0,0,0,
2757,reserved,-1,special,0,0,0,
2758,reserved,-1,special,0,0,0,
2759,reserved,-1,special,0,0,0,
2760,reserved,-1,special,0,0,0,
2761,reserved,-1,special,0,0,0,
2762,reserved,-1,special,0,0,0,
2763,reserved,-1,special,0,0,0,
2764,reserved,-1,special,0,0,0,
2765,reserved,-1,special,0,0,0,
2766,reserved,-1,special,0,0,0,
2767,reserved,-1,special,0,0,0,
2768,reserved,-1,special,0,0,0,
2769,reserved,-1,special,0,0,0,
2770,reserved,-1,special,0,0,0,
2771,reserved,-1,special,0,0,0,
2772,reserved,-1,special,0,0,0,
2773,reserved,-1,special,0,0,0,
2774,reserved,-1,special,0,0,0,
2775,reserved,-1,special,0,0,0,
2776,reserved,-1,special,0,0,0,
2777,reserved,-1,special,0,0,0,
2778,reserved,-1,special,0,0,0,
2779,reserved,-1,special,0,0,0,
2780,reserved,-1,special,0,0,0,
2781,reserved,-1,special,0,0,0,
2782,reserved,-1,special,0,0,0,
2783,reserved,-1,special,0,0,0,
2784,reserved,-1,special,0,0,0,
2785,reserved,-1,special,0,0,0,
2786,reserved,-1,special,0,0,0,
2787,reserved,-1,special,0,0,0,
2788,reserved,-1,special,0,0,0,
2789,reserved,-1,special,0,0,0,
2790,reserved,-1,special,0,0,0,
2791,reserved,-1,special,0,0,0,
2792,reserved,-1,special,0,0,0,
2793,reserved,-1,special,0,0,0,
2794,reserved,-1,special,0,0,0,
2795,reserved,-1,special,0,0,0,
2796,reserved,-1,special,0,0,0,
2797,reserved,-1,special,0,0,0,
2798,reserved,-1,special,0,0,0,
2799,reserved,-1,special,0,0,0,
2800,reserved,-1,special,0,0,0,
2801,reserved,-1,special,0,0,0,
2802,reserved,-1,special,0,0,0,
2803,reserved,-1,special,0,0,0,
2804,reserved,-1,special,0,0,0,
2805,reserved,-1,special,0,0,0,
2806,reserved,-1,special,0,0,0,
2807,reserved,-1,special,0,0,0,
2808,reserved,-1,special,0,0,0,
2809,reserved,-1,special,0,0,0,
2810,reserved,-1,special,0,0,0,
2811,reserved,-1,special,0,0,0,
2812,reserved,-1,special,0,0,0,
2813,reserved,-1,special,0,0,0,
2814,reserved,-1,special,0,0,0,
2815,reserved,-1,special,0,0,0,
2816,reserved,-1,special,0,0,0,
2817,reserved,-1,special,0,0,0,
2818,reserved,-1,special,0,0,0,
2819,reserved,-1,special,0,0,0,
2820,reserved,-1,special,0,0,0,
2821,reserved,-1,special,0,0,0,
2822,reserved,-1,special,0,0,0,
2823,reserved,-1,special,0,0,0,
2824,reserved,-1,special,0,0,0,
2825,reserved,-1,special,0,0,0,
2826,reserved,-1,special,0,0,0,
2827,reserved,-1,special,0,0,0,
2828,reserved,-1,special,0,0,0,
2829,reserved,-1,special,0,0,0,
2830,reserved,-1,special,0,0,0,
2831,reserved,-1,special,0,0,0,
2832,reserved,-1,special,0,0,0,
2833,reserved,-1,special,0,0,0,
2834,reserved,-1,special,0,0,0,
2835,reserved,-1,special,0,0,0,
2836,reserved,-1,special,0,0,0,
2837,reserved,-1,special,0,0,0,
2838,reserved,-1,special,0,0,0,
2839,reserved,-1,special,0,0,0,
2840,reserved,-1,special,0,0,0,
2841,reserved,-1,special,0,0,0,
2842,reserved,-1,special,0,0,0,
2843,reserved,-1,special,0,0,0,
2844,reserved,-1,special,0,0,0,
2845,reserved,-1,special,0,0,0,
2846,reserved,-1,special,0,0,0,
2847,reserved,-1,special,0,0,0,
2848,reserved,-1,special,0,0,0,
2849,reserved,-1,special,0,0,0,
2850,reserved,-1,special,0,0,0,
2851,reserved,-1,special,0,0,0,
2852,reserved,-1,special,0,0,0,
2853,reserved,-1,special,0,0,0,
2854,reserved,-1,special,0,0,0,
2855,reserved,-1,special,0,0,0,
2856,reserved,-1,special,0,0,0,
2857,reserved,-1,special,0,0,0,
2858,reserved,-1,special,0,0,0,
2859,reserved,-1,special,0,0,0,
2860,reserved,-1,special,0,0,0,
2861,reserved,-1,special,0,0,0,
2862,reserved,-1,special,0,0,0,
2863,reserved,-1,special,0,0,0,
2864,reserved,-1,special,0,0,0,
2865,reserved,-1,special,0,0,0,
2866,reserved,-1,special,0,0,0,
2867,reserved,-1,special,0,0,0,
2868,reserved,-1,special,0,0,0,
2869,reserved,-1,special,0,0,0,
2870,reserved,-1,special,0,0,0,
2871,reserved,-1,special,0,0,0,
2872,reserved,-1,special,0,0,0,
2873,reserved,-1,special,0,0,0,
2874,reserved,-1,special,0,0,0,
2875,reserved,-1,special,0,0,0,
2876,reserved,-1,special,0,0,0,
2877,reserved,-1,special,0,0,0,
2878,reserved,-1,special,0,0,0,
2879,reserved,-1,special,0,0,0,
2880,reserved,-1,special,0,0,0,
2881,reserved,-1,special,0,0,0,
2882,reserved,-1,special,0,0,0,
2883,reserved,-1,special,0,0,0,
2884,reserved,-1,special,0,0,0,
2885,reserved,-1,special,0,0,0,
2886,reserved,-1,special,0,0,0,
2887,reserved,-1,special,0,0,0,
2888,reserved,-1,special,0,0,0,
2889,reserved,-1,special,0,0,0,
2890,reserved,-1,special,0,0,0,
2891,reserved,-1,special,0,0,0,
2892,reserved,-1,special,0,0,0,
2893,reserved,-1,special,0,0,0,
2894,reserved,-1,special,0,0,0,
2895,reserved,-1,special,0,0,0,
2896,reserved,-1,special,0,0,0,
2897,reserved,-1,special,0,0,0,
2898,reserved,-1,special,0,0,0,
2899,reserved,-1,special,0,0,0,
2900,reserved,-1,special,0,0,0,
2901,reserved,-1,special,0,0,0,
2902,reserved,-1,special,0,0,0,
2903,reserved,-1,special,0,0,0,
2904,reserved,-1,special,0,0,0,
2905,reserved,-1,special,0,0,0,
2906,reserved,-1,special,0,0,0,
2907,reserved,-1,special,0,0,0,
2908,reserved,-1,special,0,0,0,
2909,reserved,-1,special,0,0,0,
2910,reserved,-1,special,0,0,0,
2911,reserved,-1,special,0,0,0,
2912,reserved,-1,special,0,0,0,
2913,reserved,-1,special,0,0,0,
2914,reserved,-1,special,0,0,0,
2915,reserved,-1,special,0,0,0,
2916,reserved,-1,special,0,0,0,
2917,reserved,-1,special,0,0,0,
2918,reserved,-1,special,0,0,0,
2919,reserved,-1,special,0,0,0,
2920,reserved,-1,special,0,0,0,
2921,reserved,-1,special,0,0,0,
2922,reserved,-1,special,0,0,0,
2923,reserved,-1,special,0,0,0,
2924,reserved,-1,special,0,0,0,
2925,reserved,-1,special,0,0,0,
2926,reserved,-1,special,0,0,0,
2927,reserved,-1,special,0,0,0,
2928,reserved,-1,special,0,0,0,
2929,reserved,-1,special,0,0,0,
2930,reserved,-1,special,0,0,0,
2931,reserved,-1,special,0,0,0,
2932,reserved,-1,special,0,0,0,
2933,reserved,-1,special,0,0,0,
2934,reserved,-1,special,0,0,0,
2935,reserved,-1,special,0,0,0,
2936,reserved,-1,special,0,0,0,
2937,reserved,-1,special,0,0,0,
2938,reserved,-1,special,0,0,0,
2939,reserved,-1,special,0,0,0,
2940,reserved,-1,special,0,0,0,
2941,reserved,-1,special,0,0,0,
2942,reserved,-1,special,0,0,0,
2943,reserved,-1,special,0,0,0,
2944,reserved,-1,special,0,0,0,
2945,reserved,-1,special,0,0,0,
2946,reserved,-1,special,0,0,0,
2947,reserved,-1,special,0,0,0,
2948,reserved,-1,special,0,0,0,
2949,reserved,-1,special,0,0,0,
2950,reserved,-1,special,0,0,0,
2951,reserved,-1,special,0,0,0,
2952,reserved,-1,special,0,0,0,
2953,reserved,-1,special,0,0,0,
2954,reserved,-1,special,0,0,0,
2955,reserved,-1,special,0,0,0,
2956,reserved,-1,special,0,0,0,
2957,reserved,-1,special,0,0,0,
2958,reserved,-1,special,0,0,0,
2959,reserved,-1,special,0,0,0,
2960,reserved,-1,special,0,0,0,
2961,reserved,-1,special,0,0,0,
2962,reserved,-1,special,0,0,0,
2963,reserved,-1,special,0,0,0,
2964,reserved,-1,special,0,0,0,
2965,reserved,-1,special,0,0,0,
2966,reserved,-1,special,0,0,0,
2967,reserved,-1,special,0,0,0,
2968,reserved,-1,special,0,0,0,
2969,reserved,-1,special,0,0,0,
2970,reserved,-1,special,0,0,0,
2971,reserved,-1,special,0,0,0,
2972,reserved,-1,special,0,0,0,
2973,reserved,-1,special,0,0,0,
2974,reserved,-1,special,0,0,0,
2975,reserved,-1,special,0,0,0,
2976,reserved,-1,special,0,0,0,
2977,reserved,-1,special,0,0,0,
2978,reserved,-1,special,0,0,0,
2979,reserved,-1,special,0,0,0,
2980,reserved,-1,special,0,0,0,
2981,reserved,-1,special,0,0,0,
2982,reserved,-1,special,0,0,0,
2983,reserved,-1,special,0,0,0,
2984,reserved,-1,special,0,0,0,
2985,reserved,-1,special,0,0,0,
2986,reserved,-1,special,0,0,0,
2987,reserved,-1,special,0,0,0,
2988,reserved,-1,special,0,0,0,
2989,reserved,-1,special,0,0,0,
2990,reserved,-1,special,0,0,0,
2991,reserved,-1,special,0,0,0,
2992,reserved,-1,special,0,0,0,
2993,reserved,-1,special,0,0,0,
2994,reserved,-1,special,0,0,0,
2995,reserved,-1,special,0,0,0,
2996,reserved,-1,special,0,0,0,
2997,reserved,-1,special,0,0,0,
2998,reserved,-1,special,0,0,0,
2999,reserved,-1,special,0,0,0,
3000,reserved,-1,special,0,0,0,
3001,reserved,-1,special,0,0,0,
3002,reserved,-1,special,0,0,0,
3003,reserved,-1,special,0,0,0,
3004,reserved,-1,special,0,0,0,
3005,reserved,-1,special,0,0,0,
3006,reserved,-1,special,0,0,0,
3007,reserved,-1,special,0,0,0,
3008,reserved,-1,special,0,0,0,
3009,reserved,-1,special,0,0,0,
3010,reserved,-1,special,0,0,0,
3011,reserved,-1,special,0,0,0,
3012,reserved,-1,special,0,0,0,
3013,reserved,-1,special,0,0,0,
3014,reserved,-1,special,0,0,0,
3015,reserved,-1,special,0,0,0,
3016,reserved,-1,special,0,0,0,
3017,reserved,-1,special,0,0,0,
3018,reserved,-1,special,0,0,0,
3019,reserved,-1,special,0,0,0,
3020,reserved,-1,special,0,0,0,
3021,reserved,-1,special,0,0,0,
3022,reserved,-1,special,0,0,0,
3023,reserved,-1,special,0,0,0,
3024,reserved,-1,special,0,0,0,
3025,reserved,-1,special,0,0,0,
3026,reserved,-1,special,0,0,0,
3027,reserved,-1,special,0,0,0,
3028,reserved,-1,special,0,0,0,
3029,reserved,-1,special,0,0,0,
3030,reserved,-1,special,0,0,0,
3031,reserved,-1,special,0,0,0,
3032,reserved,-1,special,0,0,0,
3033,reserved,-1,special,0,0,0,
3034,reserved,-1,special,0,0,0,
3035,reserved,-1,special,0,0,0,
3036,reserved,-1,special,0,0,0,
3037,reserved,-1,special,0,0,0,
3038,reserved,-1,special,0,0,0,
3039,reserved,-1,special,0,0,0,
3040,reserved,-1,special,0,0,0,
3041,reserved,-1,special,0,0,0,
3042,reserved,-1,special,0,0,0,
3043,reserved,-1,special,0,0,0,
3044,reserved,-1,special,0,0,0,
3045,reserved,-1,special,0,0,0,
3046,reserved,-1,special,0,0,0,
3047,reserved,-1,special,0,0,0,
3048,reserved,-1,special,0,0,0,
3049,reserved,-1,special,0,0,0,
3050,reserved,-1,special,0,0,0,
3051,reserved,-1,special,0,0,0,
3052,reserved,-1,special,0,0,0,
3053,reserved,-1,special,0,0,0,
3054,reserved,-1,special,0,0,0,
3055,reserved,-1,special,0,0,0,
3056,reserved,-1,special,0,0,0,
3057,reserved,-1,special,0,0,0,
3058,reserved,-1,special,0,0,0,
3059,reserved,-1,special,0,0,0,
3060,reserved,-1,special,0,0,0,
3061,reserved,-1,special,0,0,0,
3062,reserved,-1,special,0,0,0,
3063,reserved,-1,special,0,0,0,
3064,reserved,-1,special,0,0,0,
3065,reserved,-1,special,0,0,0,
3066,reserved,-1,special,0,0,0,
3067,reserved,-1,special,0,0,0,
3068,reserved,-1,special,0,0,0,
3069,reserved,-1,special,0,0,0,
3070,reserved,-1,special,0,0,0,
3071,reserved,-1,special,0,0,0,
